session_id,user_id,session_date,week_number,device_type,traffic_source,landing_page,signup_completed
S1_00001,U8401,2024-02-09,1,mobile,paid_search,pricing,False
S1_00002,U20,2024-02-10,1,desktop,paid_search,homepage,False
S1_00003,U8791,2024-02-05,1,tablet,organic,product,False
S1_00004,U7628,2024-02-07,1,mobile,paid_search,pricing,False
S1_00005,U7086,2024-02-07,1,mobile,organic,homepage,False
S1_00006,U2559,2024-02-09,1,desktop,paid_search,homepage,True
S1_00007,U4601,2024-02-05,1,desktop,organic,product,False
S1_00008,U8834,2024-02-06,1,desktop,social,product,False
S1_00009,U8351,2024-02-06,1,mobile,paid_search,product,False
S1_00010,U6008,2024-02-10,1,mobile,social,homepage,False
S1_00011,U7506,2024-02-11,1,mobile,social,product,True
S1_00012,U6957,2024-02-08,1,desktop,direct,product,False
S1_00013,U224,2024-02-07,1,mobile,organic,pricing,False
S1_00014,U4429,2024-02-06,1,desktop,organic,homepage,False
S1_00015,U4393,2024-02-07,1,mobile,paid_search,product,False
S1_00016,U9518,2024-02-11,1,mobile,paid_search,product,False
S1_00017,U788,2024-02-09,1,mobile,paid_search,homepage,False
S1_00018,U7495,2024-02-11,1,mobile,direct,pricing,False
S1_00019,U503,2024-02-09,1,desktop,organic,product,False
S1_00020,U3858,2024-02-10,1,desktop,paid_search,homepage,False
S1_00021,U8780,2024-02-09,1,desktop,organic,product,False
S1_00022,U6014,2024-02-09,1,desktop,paid_search,pricing,False
S1_00023,U1743,2024-02-05,1,desktop,organic,product,False
S1_00024,U9282,2024-02-11,1,mobile,organic,product,False
S1_00025,U1140,2024-02-10,1,desktop,organic,homepage,False
S1_00026,U4067,2024-02-05,1,mobile,direct,pricing,False
S1_00027,U4176,2024-02-07,1,mobile,organic,homepage,True
S1_00028,U6564,2024-02-06,1,mobile,organic,pricing,True
S1_00029,U2085,2024-02-06,1,desktop,organic,homepage,False
S1_00030,U1337,2024-02-10,1,desktop,organic,product,False
S1_00031,U2790,2024-02-05,1,desktop,organic,homepage,False
S1_00032,U5910,2024-02-05,1,mobile,organic,pricing,False
S1_00033,U4769,2024-02-09,1,mobile,direct,pricing,False
S1_00034,U5575,2024-02-06,1,mobile,organic,product,False
S1_00035,U5016,2024-02-08,1,mobile,social,product,False
S1_00036,U4413,2024-02-06,1,mobile,paid_search,pricing,False
S1_00037,U8968,2024-02-10,1,mobile,organic,pricing,False
S1_00038,U2287,2024-02-06,1,tablet,paid_search,homepage,False
S1_00039,U2187,2024-02-06,1,mobile,social,homepage,True
S1_00040,U918,2024-02-10,1,desktop,social,product,False
S1_00041,U4221,2024-02-11,1,mobile,organic,homepage,True
S1_00042,U4653,2024-02-05,1,desktop,social,homepage,True
S1_00043,U4202,2024-02-06,1,desktop,social,product,True
S1_00044,U933,2024-02-05,1,desktop,paid_search,product,False
S1_00045,U8303,2024-02-09,1,mobile,direct,homepage,False
S1_00046,U5142,2024-02-09,1,mobile,paid_search,product,False
S1_00047,U8266,2024-02-07,1,desktop,social,pricing,False
S1_00048,U4374,2024-02-06,1,mobile,paid_search,homepage,False
S1_00049,U8211,2024-02-06,1,mobile,organic,product,True
S1_00050,U2933,2024-02-11,1,desktop,organic,homepage,False
S1_00051,U7213,2024-02-11,1,mobile,direct,product,False
S1_00052,U8884,2024-02-10,1,mobile,organic,pricing,False
S1_00053,U4120,2024-02-07,1,desktop,organic,pricing,True
S1_00054,U8786,2024-02-11,1,mobile,paid_search,pricing,True
S1_00055,U5178,2024-02-08,1,mobile,social,pricing,False
S1_00056,U4386,2024-02-06,1,mobile,social,product,False
S1_00057,U992,2024-02-08,1,desktop,social,pricing,False
S1_00058,U5457,2024-02-09,1,mobile,organic,pricing,False
S1_00059,U470,2024-02-10,1,desktop,social,pricing,False
S1_00060,U5499,2024-02-08,1,desktop,organic,homepage,False
S1_00061,U4829,2024-02-07,1,desktop,social,homepage,False
S1_00062,U6855,2024-02-06,1,mobile,direct,pricing,False
S1_00063,U7663,2024-02-10,1,mobile,direct,product,False
S1_00064,U6886,2024-02-07,1,desktop,organic,pricing,False
S1_00065,U8633,2024-02-07,1,mobile,organic,homepage,False
S1_00066,U8665,2024-02-07,1,mobile,organic,pricing,False
S1_00067,U8775,2024-02-06,1,mobile,social,product,False
S1_00068,U9851,2024-02-10,1,mobile,direct,product,True
S1_00069,U6612,2024-02-07,1,mobile,direct,product,True
S1_00070,U3399,2024-02-07,1,desktop,social,product,False
S1_00071,U4514,2024-02-11,1,mobile,direct,pricing,False
S1_00072,U2540,2024-02-08,1,tablet,organic,homepage,False
S1_00073,U7717,2024-02-07,1,mobile,organic,pricing,True
S1_00074,U7887,2024-02-07,1,mobile,social,product,False
S1_00075,U2108,2024-02-11,1,mobile,organic,pricing,False
S1_00076,U9600,2024-02-11,1,desktop,organic,homepage,True
S1_00077,U7792,2024-02-07,1,desktop,organic,pricing,True
S1_00078,U6137,2024-02-11,1,desktop,organic,homepage,False
S1_00079,U8896,2024-02-08,1,desktop,organic,pricing,True
S1_00080,U3076,2024-02-06,1,mobile,direct,pricing,False
S1_00081,U4461,2024-02-05,1,desktop,organic,product,False
S1_00082,U5171,2024-02-06,1,desktop,paid_search,product,False
S1_00083,U8040,2024-02-09,1,mobile,organic,pricing,False
S1_00084,U4510,2024-02-08,1,mobile,organic,pricing,False
S1_00085,U5522,2024-02-11,1,mobile,paid_search,product,False
S1_00086,U7289,2024-02-09,1,mobile,organic,homepage,True
S1_00087,U5547,2024-02-06,1,mobile,organic,product,False
S1_00088,U1369,2024-02-10,1,mobile,organic,pricing,True
S1_00089,U4430,2024-02-10,1,desktop,direct,pricing,False
S1_00090,U8884,2024-02-11,1,desktop,organic,product,False
S1_00091,U6805,2024-02-10,1,mobile,social,homepage,False
S1_00092,U8311,2024-02-09,1,mobile,paid_search,product,False
S1_00093,U4960,2024-02-09,1,desktop,organic,homepage,False
S1_00094,U5036,2024-02-06,1,desktop,organic,homepage,False
S1_00095,U4294,2024-02-05,1,mobile,organic,product,False
S1_00096,U7197,2024-02-10,1,mobile,paid_search,product,True
S1_00097,U8099,2024-02-10,1,tablet,social,pricing,False
S1_00098,U8414,2024-02-06,1,mobile,social,product,False
S1_00099,U7155,2024-02-06,1,mobile,paid_search,product,False
S1_00100,U346,2024-02-09,1,desktop,direct,homepage,False
S1_00101,U5603,2024-02-09,1,desktop,organic,pricing,False
S1_00102,U2868,2024-02-07,1,mobile,social,pricing,False
S1_00103,U446,2024-02-10,1,desktop,paid_search,homepage,False
S1_00104,U5840,2024-02-11,1,mobile,paid_search,product,True
S1_00105,U3892,2024-02-06,1,mobile,social,product,False
S1_00106,U302,2024-02-07,1,mobile,paid_search,product,False
S1_00107,U7661,2024-02-08,1,mobile,paid_search,pricing,False
S1_00108,U9928,2024-02-05,1,mobile,paid_search,pricing,False
S1_00109,U97,2024-02-08,1,mobile,organic,product,False
S1_00110,U1906,2024-02-06,1,desktop,social,product,False
S1_00111,U3968,2024-02-11,1,mobile,paid_search,homepage,False
S1_00112,U1785,2024-02-09,1,mobile,organic,homepage,False
S1_00113,U782,2024-02-05,1,mobile,social,homepage,False
S1_00114,U2558,2024-02-07,1,mobile,social,homepage,True
S1_00115,U5922,2024-02-05,1,desktop,organic,homepage,False
S1_00116,U2305,2024-02-09,1,mobile,social,product,False
S1_00117,U6594,2024-02-06,1,mobile,paid_search,product,False
S1_00118,U8211,2024-02-05,1,mobile,organic,homepage,False
S1_00119,U4336,2024-02-06,1,mobile,organic,product,True
S1_00120,U1604,2024-02-08,1,mobile,paid_search,homepage,False
S1_00121,U1293,2024-02-09,1,mobile,organic,product,False
S1_00122,U3108,2024-02-08,1,desktop,paid_search,product,True
S1_00123,U5414,2024-02-07,1,desktop,social,pricing,False
S1_00124,U2756,2024-02-05,1,mobile,social,homepage,False
S1_00125,U3719,2024-02-10,1,mobile,direct,pricing,False
S1_00126,U4745,2024-02-07,1,tablet,organic,pricing,False
S1_00127,U6767,2024-02-07,1,desktop,social,product,False
S1_00128,U3130,2024-02-06,1,desktop,organic,product,True
S1_00129,U20,2024-02-07,1,desktop,organic,homepage,True
S1_00130,U8537,2024-02-07,1,desktop,direct,pricing,False
S1_00131,U8498,2024-02-07,1,mobile,organic,homepage,True
S1_00132,U5084,2024-02-05,1,desktop,organic,pricing,False
S1_00133,U1158,2024-02-05,1,mobile,paid_search,pricing,False
S1_00134,U1753,2024-02-10,1,tablet,organic,pricing,False
S1_00135,U5537,2024-02-05,1,desktop,organic,homepage,False
S1_00136,U6161,2024-02-06,1,mobile,paid_search,product,False
S1_00137,U5486,2024-02-08,1,mobile,social,product,False
S1_00138,U2229,2024-02-07,1,mobile,social,pricing,False
S1_00139,U7851,2024-02-06,1,desktop,social,pricing,False
S1_00140,U9124,2024-02-11,1,mobile,organic,pricing,True
S1_00141,U9470,2024-02-07,1,desktop,organic,pricing,True
S1_00142,U2049,2024-02-05,1,mobile,organic,product,False
S1_00143,U5693,2024-02-07,1,desktop,organic,product,True
S1_00144,U4152,2024-02-05,1,mobile,organic,product,False
S1_00145,U259,2024-02-05,1,mobile,organic,pricing,False
S1_00146,U698,2024-02-07,1,mobile,paid_search,homepage,False
S1_00147,U1515,2024-02-10,1,mobile,organic,product,False
S1_00148,U8483,2024-02-11,1,mobile,social,product,False
S1_00149,U9686,2024-02-06,1,mobile,organic,homepage,False
S1_00150,U641,2024-02-07,1,mobile,paid_search,pricing,False
S1_00151,U4329,2024-02-10,1,mobile,social,product,False
S1_00152,U5136,2024-02-11,1,mobile,paid_search,homepage,False
S1_00153,U5448,2024-02-05,1,desktop,organic,homepage,False
S1_00154,U3620,2024-02-10,1,mobile,paid_search,homepage,False
S1_00155,U2230,2024-02-07,1,mobile,paid_search,homepage,False
S1_00156,U5200,2024-02-11,1,desktop,direct,homepage,False
S1_00157,U5600,2024-02-08,1,mobile,organic,product,True
S1_00158,U7637,2024-02-08,1,desktop,paid_search,homepage,False
S1_00159,U1367,2024-02-07,1,mobile,social,pricing,False
S1_00160,U7071,2024-02-07,1,desktop,direct,product,False
S1_00161,U573,2024-02-09,1,desktop,organic,homepage,False
S1_00162,U8061,2024-02-05,1,mobile,social,homepage,False
S1_00163,U6015,2024-02-11,1,tablet,social,homepage,True
S1_00164,U5786,2024-02-11,1,tablet,organic,homepage,False
S1_00165,U604,2024-02-07,1,tablet,organic,pricing,False
S1_00166,U2017,2024-02-10,1,desktop,organic,product,False
S1_00167,U4160,2024-02-06,1,mobile,social,homepage,True
S1_00168,U2044,2024-02-06,1,desktop,social,homepage,False
S1_00169,U1279,2024-02-09,1,desktop,direct,pricing,False
S1_00170,U4287,2024-02-11,1,mobile,paid_search,homepage,False
S1_00171,U1754,2024-02-07,1,mobile,paid_search,pricing,False
S1_00172,U6008,2024-02-09,1,mobile,organic,homepage,True
S1_00173,U4708,2024-02-07,1,mobile,social,product,False
S1_00174,U8780,2024-02-09,1,mobile,social,pricing,False
S1_00175,U9931,2024-02-08,1,desktop,organic,pricing,True
S1_00176,U424,2024-02-06,1,mobile,organic,product,False
S1_00177,U6693,2024-02-07,1,mobile,organic,pricing,False
S1_00178,U4495,2024-02-09,1,desktop,organic,product,False
S1_00179,U6183,2024-02-06,1,mobile,paid_search,product,False
S1_00180,U3948,2024-02-06,1,desktop,organic,pricing,False
S1_00181,U2488,2024-02-10,1,mobile,paid_search,pricing,False
S1_00182,U3404,2024-02-08,1,mobile,paid_search,homepage,False
S1_00183,U9683,2024-02-06,1,mobile,organic,product,False
S1_00184,U5577,2024-02-07,1,desktop,direct,pricing,False
S1_00185,U5939,2024-02-10,1,mobile,paid_search,homepage,False
S1_00186,U1723,2024-02-07,1,desktop,paid_search,pricing,False
S1_00187,U2449,2024-02-10,1,mobile,paid_search,product,False
S1_00188,U1154,2024-02-08,1,mobile,paid_search,product,False
S1_00189,U3455,2024-02-05,1,desktop,direct,pricing,True
S1_00190,U7022,2024-02-08,1,mobile,direct,homepage,False
S1_00191,U1246,2024-02-06,1,desktop,organic,pricing,False
S1_00192,U133,2024-02-05,1,desktop,organic,homepage,False
S1_00193,U4896,2024-02-05,1,desktop,organic,product,False
S1_00194,U3764,2024-02-07,1,mobile,direct,pricing,False
S1_00195,U6801,2024-02-11,1,mobile,paid_search,product,False
S1_00196,U3392,2024-02-05,1,desktop,social,pricing,True
S1_00197,U5645,2024-02-06,1,mobile,organic,product,False
S1_00198,U300,2024-02-10,1,mobile,social,pricing,False
S1_00199,U9525,2024-02-08,1,desktop,social,product,False
S1_00200,U7445,2024-02-06,1,mobile,organic,product,False
S1_00201,U6448,2024-02-05,1,mobile,paid_search,pricing,False
S1_00202,U589,2024-02-07,1,mobile,organic,homepage,False
S1_00203,U6692,2024-02-11,1,mobile,social,product,False
S1_00204,U9657,2024-02-11,1,mobile,paid_search,pricing,False
S1_00205,U587,2024-02-10,1,desktop,organic,product,False
S1_00206,U7879,2024-02-08,1,mobile,organic,product,False
S1_00207,U3547,2024-02-05,1,mobile,organic,homepage,False
S1_00208,U9242,2024-02-07,1,mobile,organic,product,False
S1_00209,U206,2024-02-11,1,desktop,organic,product,False
S1_00210,U8658,2024-02-06,1,mobile,organic,homepage,False
S1_00211,U751,2024-02-09,1,mobile,social,homepage,False
S1_00212,U7804,2024-02-11,1,mobile,social,homepage,False
S1_00213,U7318,2024-02-10,1,mobile,organic,product,False
S1_00214,U2123,2024-02-05,1,mobile,paid_search,pricing,False
S1_00215,U7808,2024-02-11,1,mobile,social,product,True
S1_00216,U3453,2024-02-05,1,mobile,social,product,False
S1_00217,U1279,2024-02-06,1,mobile,organic,homepage,False
S1_00218,U3912,2024-02-09,1,mobile,social,homepage,False
S1_00219,U4490,2024-02-10,1,desktop,paid_search,homepage,False
S1_00220,U2891,2024-02-11,1,mobile,paid_search,product,False
S1_00221,U3459,2024-02-09,1,desktop,organic,pricing,False
S1_00222,U1903,2024-02-06,1,desktop,social,homepage,True
S1_00223,U7516,2024-02-07,1,mobile,social,homepage,False
S1_00224,U5155,2024-02-05,1,tablet,paid_search,homepage,False
S1_00225,U6521,2024-02-07,1,mobile,paid_search,product,False
S1_00226,U8756,2024-02-08,1,mobile,paid_search,product,False
S1_00227,U6818,2024-02-11,1,mobile,organic,product,False
S1_00228,U9234,2024-02-07,1,mobile,direct,homepage,False
S1_00229,U1448,2024-02-08,1,mobile,paid_search,product,False
S1_00230,U156,2024-02-11,1,mobile,paid_search,homepage,False
S1_00231,U6808,2024-02-05,1,desktop,direct,pricing,False
S1_00232,U3439,2024-02-08,1,mobile,paid_search,product,False
S1_00233,U2220,2024-02-08,1,mobile,paid_search,homepage,False
S1_00234,U9356,2024-02-08,1,mobile,organic,pricing,False
S1_00235,U5368,2024-02-05,1,desktop,organic,pricing,False
S1_00236,U7398,2024-02-05,1,desktop,paid_search,pricing,True
S1_00237,U666,2024-02-11,1,mobile,direct,homepage,False
S1_00238,U8239,2024-02-08,1,mobile,paid_search,homepage,False
S1_00239,U5237,2024-02-10,1,mobile,paid_search,product,False
S1_00240,U5405,2024-02-11,1,mobile,paid_search,pricing,False
S1_00241,U5241,2024-02-10,1,mobile,paid_search,pricing,False
S1_00242,U4143,2024-02-09,1,mobile,paid_search,product,True
S1_00243,U4182,2024-02-05,1,mobile,paid_search,pricing,False
S1_00244,U5157,2024-02-05,1,desktop,social,homepage,False
S1_00245,U8409,2024-02-11,1,mobile,organic,homepage,False
S1_00246,U9744,2024-02-09,1,mobile,organic,product,False
S1_00247,U7344,2024-02-10,1,mobile,paid_search,pricing,False
S1_00248,U436,2024-02-08,1,desktop,paid_search,pricing,False
S1_00249,U5015,2024-02-11,1,desktop,paid_search,homepage,False
S1_00250,U1338,2024-02-06,1,desktop,social,pricing,False
S1_00251,U6219,2024-02-08,1,mobile,organic,homepage,False
S1_00252,U788,2024-02-07,1,desktop,social,product,False
S1_00253,U8711,2024-02-11,1,desktop,direct,product,False
S1_00254,U3903,2024-02-07,1,tablet,paid_search,product,False
S1_00255,U5999,2024-02-08,1,desktop,social,product,False
S1_00256,U6787,2024-02-08,1,mobile,paid_search,homepage,False
S1_00257,U302,2024-02-06,1,mobile,paid_search,pricing,False
S1_00258,U6404,2024-02-11,1,mobile,organic,pricing,False
S1_00259,U9681,2024-02-11,1,mobile,organic,product,False
S1_00260,U1699,2024-02-06,1,desktop,paid_search,homepage,False
S1_00261,U4342,2024-02-11,1,mobile,organic,homepage,False
S1_00262,U7703,2024-02-08,1,desktop,paid_search,product,False
S1_00263,U378,2024-02-08,1,desktop,paid_search,homepage,True
S1_00264,U6816,2024-02-06,1,mobile,organic,pricing,False
S1_00265,U2058,2024-02-08,1,desktop,social,pricing,False
S1_00266,U8589,2024-02-05,1,mobile,social,homepage,False
S1_00267,U4179,2024-02-07,1,mobile,organic,pricing,False
S1_00268,U7677,2024-02-07,1,mobile,paid_search,homepage,False
S1_00269,U1560,2024-02-10,1,mobile,organic,pricing,False
S1_00270,U9225,2024-02-11,1,mobile,paid_search,homepage,False
S1_00271,U9476,2024-02-07,1,mobile,organic,product,False
S1_00272,U8180,2024-02-10,1,desktop,direct,homepage,False
S1_00273,U977,2024-02-06,1,desktop,paid_search,homepage,False
S1_00274,U1401,2024-02-06,1,desktop,organic,product,False
S1_00275,U9672,2024-02-07,1,desktop,organic,pricing,False
S1_00276,U6380,2024-02-10,1,mobile,organic,pricing,False
S1_00277,U1726,2024-02-08,1,desktop,organic,product,True
S1_00278,U3429,2024-02-11,1,tablet,organic,homepage,False
S1_00279,U9535,2024-02-05,1,mobile,organic,pricing,True
S1_00280,U7984,2024-02-11,1,desktop,social,homepage,False
S1_00281,U4050,2024-02-11,1,mobile,social,homepage,False
S1_00282,U3204,2024-02-11,1,mobile,paid_search,pricing,False
S1_00283,U3036,2024-02-06,1,mobile,paid_search,product,False
S1_00284,U7264,2024-02-06,1,desktop,paid_search,homepage,True
S1_00285,U5780,2024-02-05,1,desktop,organic,pricing,False
S1_00286,U7450,2024-02-09,1,mobile,social,homepage,False
S1_00287,U9566,2024-02-06,1,mobile,social,product,False
S1_00288,U2217,2024-02-09,1,mobile,paid_search,homepage,False
S1_00289,U6504,2024-02-09,1,desktop,organic,pricing,False
S1_00290,U6206,2024-02-09,1,mobile,paid_search,product,False
S1_00291,U7534,2024-02-06,1,mobile,social,product,False
S1_00292,U6847,2024-02-11,1,mobile,direct,product,False
S1_00293,U6788,2024-02-07,1,mobile,paid_search,homepage,False
S1_00294,U4072,2024-02-06,1,mobile,social,homepage,False
S1_00295,U7004,2024-02-11,1,tablet,social,homepage,False
S1_00296,U7134,2024-02-08,1,mobile,social,product,False
S1_00297,U6038,2024-02-07,1,desktop,paid_search,homepage,False
S1_00298,U7813,2024-02-10,1,mobile,paid_search,product,False
S1_00299,U8367,2024-02-08,1,tablet,paid_search,homepage,False
S1_00300,U9098,2024-02-05,1,mobile,paid_search,pricing,False
S1_00301,U6768,2024-02-08,1,mobile,paid_search,pricing,False
S1_00302,U8410,2024-02-09,1,desktop,organic,homepage,False
S1_00303,U483,2024-02-11,1,mobile,organic,homepage,False
S1_00304,U7703,2024-02-06,1,mobile,paid_search,pricing,False
S1_00305,U4086,2024-02-05,1,desktop,social,homepage,False
S1_00306,U7070,2024-02-07,1,desktop,paid_search,pricing,False
S1_00307,U5453,2024-02-08,1,mobile,organic,homepage,False
S1_00308,U6640,2024-02-09,1,desktop,organic,pricing,False
S1_00309,U5888,2024-02-05,1,mobile,organic,product,True
S1_00310,U1322,2024-02-06,1,desktop,paid_search,pricing,False
S1_00311,U8025,2024-02-05,1,mobile,paid_search,pricing,False
S1_00312,U7504,2024-02-06,1,desktop,direct,pricing,False
S1_00313,U1214,2024-02-06,1,mobile,social,product,False
S1_00314,U7261,2024-02-10,1,desktop,organic,product,False
S1_00315,U2238,2024-02-06,1,desktop,organic,product,False
S1_00316,U2557,2024-02-09,1,mobile,social,homepage,False
S1_00317,U7791,2024-02-05,1,mobile,organic,homepage,False
S1_00318,U6729,2024-02-11,1,mobile,direct,product,False
S1_00319,U310,2024-02-08,1,desktop,social,product,False
S1_00320,U8524,2024-02-05,1,mobile,paid_search,product,True
S1_00321,U8897,2024-02-10,1,mobile,organic,product,False
S1_00322,U4690,2024-02-06,1,desktop,organic,homepage,False
S1_00323,U1927,2024-02-11,1,desktop,paid_search,pricing,False
S1_00324,U8568,2024-02-08,1,mobile,direct,pricing,False
S1_00325,U9952,2024-02-07,1,desktop,paid_search,pricing,True
S1_00326,U4689,2024-02-11,1,mobile,organic,pricing,False
S1_00327,U5386,2024-02-06,1,mobile,social,product,False
S1_00328,U3207,2024-02-11,1,mobile,direct,product,False
S1_00329,U4359,2024-02-06,1,mobile,organic,pricing,False
S1_00330,U2379,2024-02-07,1,desktop,paid_search,product,False
S1_00331,U4686,2024-02-11,1,mobile,organic,homepage,False
S1_00332,U7076,2024-02-08,1,mobile,organic,pricing,False
S1_00333,U1115,2024-02-07,1,mobile,organic,product,False
S1_00334,U584,2024-02-07,1,tablet,paid_search,product,False
S1_00335,U7328,2024-02-08,1,desktop,social,pricing,False
S1_00336,U3926,2024-02-09,1,desktop,paid_search,homepage,False
S1_00337,U9490,2024-02-11,1,mobile,organic,homepage,False
S1_00338,U8012,2024-02-09,1,desktop,organic,product,False
S1_00339,U7061,2024-02-05,1,mobile,organic,pricing,True
S1_00340,U665,2024-02-05,1,mobile,social,pricing,False
S1_00341,U7173,2024-02-06,1,mobile,organic,pricing,False
S1_00342,U4238,2024-02-09,1,mobile,organic,pricing,False
S1_00343,U8384,2024-02-11,1,tablet,paid_search,pricing,False
S1_00344,U1838,2024-02-08,1,desktop,organic,homepage,False
S1_00345,U7291,2024-02-11,1,desktop,organic,pricing,False
S1_00346,U9748,2024-02-11,1,mobile,paid_search,product,False
S1_00347,U1103,2024-02-06,1,desktop,organic,pricing,False
S1_00348,U2912,2024-02-05,1,mobile,organic,homepage,False
S1_00349,U7288,2024-02-05,1,desktop,organic,pricing,False
S1_00350,U6413,2024-02-07,1,tablet,organic,pricing,False
S1_00351,U8989,2024-02-07,1,mobile,social,homepage,False
S1_00352,U6550,2024-02-07,1,mobile,paid_search,pricing,False
S1_00353,U3845,2024-02-07,1,mobile,organic,product,False
S1_00354,U487,2024-02-08,1,mobile,paid_search,product,False
S1_00355,U1672,2024-02-09,1,desktop,social,product,False
S1_00356,U886,2024-02-11,1,mobile,social,product,False
S1_00357,U5517,2024-02-07,1,desktop,paid_search,product,False
S1_00358,U1836,2024-02-10,1,tablet,organic,homepage,True
S1_00359,U7358,2024-02-09,1,desktop,paid_search,homepage,False
S1_00360,U9578,2024-02-09,1,mobile,organic,product,False
S1_00361,U4464,2024-02-05,1,mobile,paid_search,product,False
S1_00362,U8927,2024-02-09,1,mobile,social,homepage,False
S1_00363,U5171,2024-02-11,1,desktop,organic,product,True
S1_00364,U3196,2024-02-11,1,desktop,organic,product,True
S1_00365,U1456,2024-02-05,1,mobile,paid_search,pricing,False
S1_00366,U5712,2024-02-05,1,mobile,organic,pricing,False
S1_00367,U6016,2024-02-07,1,mobile,social,product,False
S1_00368,U6383,2024-02-09,1,mobile,social,homepage,False
S1_00369,U5245,2024-02-05,1,desktop,paid_search,pricing,False
S1_00370,U5017,2024-02-10,1,tablet,paid_search,pricing,False
S1_00371,U672,2024-02-11,1,mobile,organic,pricing,False
S1_00372,U4147,2024-02-07,1,mobile,paid_search,product,False
S1_00373,U5436,2024-02-08,1,desktop,organic,pricing,False
S1_00374,U8855,2024-02-06,1,mobile,social,homepage,False
S1_00375,U4789,2024-02-06,1,mobile,organic,homepage,False
S1_00376,U9904,2024-02-07,1,mobile,social,homepage,False
S1_00377,U618,2024-02-05,1,desktop,paid_search,homepage,False
S1_00378,U4117,2024-02-07,1,mobile,organic,pricing,False
S1_00379,U78,2024-02-09,1,desktop,organic,product,False
S1_00380,U6176,2024-02-07,1,desktop,organic,homepage,True
S1_00381,U2082,2024-02-11,1,desktop,social,homepage,False
S1_00382,U2860,2024-02-08,1,tablet,paid_search,product,False
S1_00383,U8653,2024-02-06,1,mobile,organic,homepage,False
S1_00384,U7114,2024-02-06,1,desktop,organic,product,False
S1_00385,U7982,2024-02-05,1,desktop,paid_search,homepage,False
S1_00386,U6244,2024-02-11,1,mobile,social,homepage,False
S1_00387,U8838,2024-02-08,1,mobile,paid_search,product,False
S1_00388,U8286,2024-02-08,1,desktop,paid_search,product,True
S1_00389,U1686,2024-02-09,1,desktop,organic,homepage,False
S1_00390,U2317,2024-02-09,1,desktop,paid_search,pricing,False
S1_00391,U4978,2024-02-06,1,mobile,social,pricing,False
S1_00392,U6849,2024-02-10,1,mobile,organic,pricing,False
S1_00393,U5963,2024-02-09,1,mobile,organic,homepage,False
S1_00394,U5840,2024-02-10,1,mobile,organic,product,False
S1_00395,U3426,2024-02-07,1,mobile,social,pricing,False
S1_00396,U956,2024-02-11,1,mobile,social,pricing,False
S1_00397,U5580,2024-02-09,1,desktop,direct,homepage,False
S1_00398,U5204,2024-02-07,1,mobile,organic,product,False
S1_00399,U4505,2024-02-06,1,mobile,social,homepage,False
S1_00400,U2922,2024-02-08,1,mobile,paid_search,product,False
S1_00401,U3554,2024-02-06,1,mobile,social,homepage,False
S1_00402,U6839,2024-02-06,1,mobile,organic,pricing,False
S1_00403,U5193,2024-02-06,1,desktop,paid_search,product,False
S1_00404,U2366,2024-02-05,1,desktop,paid_search,pricing,False
S1_00405,U3017,2024-02-10,1,mobile,organic,homepage,False
S1_00406,U9726,2024-02-11,1,tablet,social,product,False
S1_00407,U3405,2024-02-10,1,mobile,paid_search,product,False
S1_00408,U9982,2024-02-10,1,desktop,social,pricing,False
S1_00409,U1498,2024-02-07,1,mobile,organic,pricing,False
S1_00410,U8634,2024-02-09,1,desktop,paid_search,pricing,False
S1_00411,U518,2024-02-11,1,desktop,organic,product,False
S1_00412,U6908,2024-02-10,1,desktop,paid_search,pricing,False
S1_00413,U6405,2024-02-09,1,mobile,paid_search,homepage,False
S1_00414,U5598,2024-02-11,1,desktop,organic,product,False
S1_00415,U4718,2024-02-07,1,desktop,organic,product,False
S1_00416,U8514,2024-02-05,1,mobile,organic,homepage,False
S1_00417,U1830,2024-02-06,1,mobile,paid_search,pricing,True
S1_00418,U2128,2024-02-05,1,mobile,social,pricing,False
S1_00419,U7594,2024-02-09,1,desktop,social,pricing,False
S1_00420,U2953,2024-02-07,1,mobile,organic,product,True
S1_00421,U5508,2024-02-08,1,desktop,organic,product,False
S1_00422,U74,2024-02-09,1,mobile,organic,homepage,False
S1_00423,U9220,2024-02-07,1,desktop,paid_search,product,False
S1_00424,U5425,2024-02-11,1,mobile,paid_search,homepage,False
S1_00425,U6616,2024-02-10,1,mobile,social,product,True
S1_00426,U676,2024-02-06,1,mobile,direct,homepage,False
S1_00427,U5053,2024-02-11,1,desktop,paid_search,pricing,False
S1_00428,U9393,2024-02-10,1,desktop,social,product,False
S1_00429,U7013,2024-02-10,1,mobile,social,pricing,False
S1_00430,U2660,2024-02-05,1,mobile,direct,product,False
S1_00431,U1335,2024-02-11,1,mobile,social,homepage,False
S1_00432,U4015,2024-02-07,1,mobile,organic,homepage,True
S1_00433,U9648,2024-02-05,1,mobile,organic,homepage,False
S1_00434,U1407,2024-02-06,1,tablet,social,product,False
S1_00435,U5639,2024-02-10,1,desktop,paid_search,pricing,False
S1_00436,U917,2024-02-11,1,mobile,organic,product,False
S1_00437,U1341,2024-02-06,1,mobile,organic,product,True
S1_00438,U9589,2024-02-06,1,mobile,organic,product,False
S1_00439,U3809,2024-02-09,1,desktop,organic,homepage,False
S1_00440,U7040,2024-02-10,1,desktop,paid_search,product,False
S1_00441,U3456,2024-02-05,1,mobile,social,pricing,False
S1_00442,U3233,2024-02-08,1,mobile,social,pricing,False
S1_00443,U4410,2024-02-08,1,mobile,paid_search,pricing,False
S1_00444,U7742,2024-02-07,1,mobile,direct,pricing,False
S1_00445,U348,2024-02-11,1,desktop,organic,homepage,False
S1_00446,U2830,2024-02-06,1,mobile,social,homepage,False
S1_00447,U8483,2024-02-09,1,mobile,paid_search,homepage,True
S1_00448,U3743,2024-02-10,1,mobile,social,homepage,False
S1_00449,U5072,2024-02-10,1,desktop,organic,product,False
S1_00450,U8792,2024-02-08,1,mobile,paid_search,product,False
S1_00451,U5168,2024-02-06,1,mobile,direct,pricing,False
S1_00452,U3726,2024-02-11,1,tablet,organic,pricing,False
S1_00453,U5792,2024-02-10,1,mobile,paid_search,pricing,False
S1_00454,U9891,2024-02-08,1,mobile,organic,pricing,False
S1_00455,U8998,2024-02-05,1,desktop,paid_search,homepage,False
S1_00456,U1177,2024-02-08,1,mobile,paid_search,pricing,False
S1_00457,U9120,2024-02-08,1,desktop,organic,product,False
S1_00458,U43,2024-02-08,1,mobile,social,homepage,False
S1_00459,U1601,2024-02-11,1,tablet,paid_search,product,False
S1_00460,U1694,2024-02-11,1,tablet,paid_search,pricing,False
S1_00461,U150,2024-02-09,1,desktop,organic,pricing,False
S1_00462,U9301,2024-02-08,1,mobile,paid_search,pricing,False
S1_00463,U4249,2024-02-08,1,mobile,paid_search,homepage,False
S1_00464,U198,2024-02-08,1,desktop,social,product,False
S1_00465,U1181,2024-02-11,1,mobile,paid_search,homepage,False
S1_00466,U4529,2024-02-07,1,desktop,paid_search,pricing,False
S1_00467,U5239,2024-02-07,1,desktop,social,pricing,False
S1_00468,U8225,2024-02-06,1,desktop,paid_search,product,True
S1_00469,U356,2024-02-11,1,mobile,social,homepage,False
S1_00470,U8117,2024-02-08,1,mobile,organic,pricing,False
S1_00471,U328,2024-02-10,1,mobile,social,homepage,False
S1_00472,U8340,2024-02-06,1,tablet,paid_search,pricing,False
S1_00473,U985,2024-02-06,1,mobile,paid_search,homepage,False
S1_00474,U6004,2024-02-06,1,mobile,social,product,False
S1_00475,U4922,2024-02-05,1,mobile,social,pricing,False
S1_00476,U3039,2024-02-05,1,mobile,paid_search,pricing,False
S1_00477,U5164,2024-02-09,1,desktop,paid_search,pricing,False
S1_00478,U8799,2024-02-06,1,mobile,organic,pricing,False
S1_00479,U9382,2024-02-08,1,desktop,social,pricing,True
S1_00480,U5498,2024-02-06,1,mobile,paid_search,product,False
S1_00481,U6917,2024-02-06,1,tablet,organic,pricing,False
S1_00482,U4136,2024-02-09,1,mobile,paid_search,homepage,True
S1_00483,U6122,2024-02-10,1,desktop,paid_search,pricing,True
S1_00484,U6604,2024-02-09,1,desktop,organic,homepage,False
S1_00485,U5079,2024-02-06,1,desktop,social,product,False
S1_00486,U3564,2024-02-07,1,desktop,paid_search,pricing,True
S1_00487,U6985,2024-02-10,1,desktop,paid_search,homepage,False
S1_00488,U5302,2024-02-11,1,mobile,organic,homepage,False
S1_00489,U3060,2024-02-07,1,mobile,direct,product,False
S1_00490,U665,2024-02-08,1,mobile,organic,pricing,False
S1_00491,U110,2024-02-07,1,mobile,paid_search,homepage,False
S1_00492,U1443,2024-02-05,1,mobile,social,pricing,False
S1_00493,U1976,2024-02-10,1,mobile,organic,product,False
S1_00494,U480,2024-02-06,1,mobile,organic,pricing,False
S1_00495,U2166,2024-02-06,1,mobile,organic,pricing,False
S1_00496,U1836,2024-02-07,1,desktop,organic,pricing,True
S1_00497,U6589,2024-02-10,1,mobile,organic,homepage,True
S1_00498,U9795,2024-02-07,1,tablet,social,homepage,False
S1_00499,U4078,2024-02-07,1,desktop,organic,homepage,True
S1_00500,U7547,2024-02-06,1,desktop,social,product,False
S1_00501,U3021,2024-02-11,1,tablet,organic,homepage,False
S1_00502,U2981,2024-02-08,1,mobile,paid_search,product,False
S1_00503,U4389,2024-02-08,1,mobile,organic,pricing,False
S1_00504,U6592,2024-02-10,1,mobile,paid_search,product,False
S1_00505,U3923,2024-02-07,1,mobile,social,pricing,False
S1_00506,U4258,2024-02-07,1,desktop,organic,product,False
S1_00507,U5725,2024-02-11,1,mobile,paid_search,product,False
S1_00508,U6424,2024-02-06,1,desktop,organic,homepage,False
S1_00509,U506,2024-02-05,1,desktop,organic,pricing,False
S1_00510,U8590,2024-02-11,1,desktop,paid_search,homepage,False
S1_00511,U7289,2024-02-07,1,mobile,paid_search,homepage,False
S1_00512,U4050,2024-02-07,1,desktop,social,homepage,False
S1_00513,U9086,2024-02-08,1,mobile,paid_search,homepage,False
S1_00514,U1774,2024-02-09,1,mobile,paid_search,pricing,False
S1_00515,U616,2024-02-08,1,mobile,organic,pricing,False
S1_00516,U7909,2024-02-09,1,mobile,paid_search,pricing,False
S1_00517,U5869,2024-02-09,1,mobile,social,pricing,False
S1_00518,U1598,2024-02-06,1,desktop,organic,pricing,False
S1_00519,U2926,2024-02-08,1,mobile,paid_search,product,False
S1_00520,U9203,2024-02-08,1,tablet,organic,product,False
S1_00521,U2557,2024-02-06,1,desktop,organic,pricing,False
S1_00522,U2440,2024-02-06,1,mobile,organic,product,False
S1_00523,U9661,2024-02-10,1,mobile,paid_search,product,False
S1_00524,U5034,2024-02-05,1,mobile,organic,pricing,True
S1_00525,U5659,2024-02-07,1,desktop,organic,product,True
S1_00526,U3626,2024-02-08,1,mobile,social,pricing,False
S1_00527,U6988,2024-02-06,1,mobile,paid_search,product,False
S1_00528,U6344,2024-02-06,1,desktop,direct,homepage,True
S1_00529,U9513,2024-02-11,1,desktop,organic,product,False
S1_00530,U1892,2024-02-08,1,mobile,paid_search,product,False
S1_00531,U5020,2024-02-08,1,mobile,paid_search,pricing,False
S1_00532,U8911,2024-02-08,1,mobile,organic,product,False
S1_00533,U1081,2024-02-09,1,mobile,paid_search,homepage,False
S1_00534,U8639,2024-02-07,1,desktop,social,product,True
S1_00535,U125,2024-02-10,1,desktop,organic,homepage,True
S1_00536,U3396,2024-02-11,1,desktop,social,pricing,False
S1_00537,U3416,2024-02-09,1,mobile,direct,product,False
S1_00538,U9833,2024-02-07,1,mobile,paid_search,pricing,False
S1_00539,U6286,2024-02-09,1,desktop,paid_search,homepage,False
S1_00540,U5721,2024-02-08,1,mobile,paid_search,pricing,False
S1_00541,U4677,2024-02-11,1,mobile,paid_search,homepage,False
S1_00542,U3345,2024-02-05,1,desktop,organic,product,True
S1_00543,U9288,2024-02-09,1,mobile,direct,product,False
S1_00544,U6962,2024-02-10,1,desktop,social,homepage,False
S1_00545,U2533,2024-02-08,1,desktop,paid_search,homepage,False
S1_00546,U8700,2024-02-11,1,desktop,organic,pricing,False
S1_00547,U8369,2024-02-08,1,desktop,paid_search,homepage,True
S1_00548,U8882,2024-02-08,1,mobile,paid_search,product,False
S1_00549,U9114,2024-02-11,1,mobile,organic,product,False
S1_00550,U2320,2024-02-09,1,desktop,organic,product,True
S1_00551,U2692,2024-02-05,1,mobile,organic,homepage,False
S1_00552,U210,2024-02-07,1,desktop,paid_search,pricing,True
S1_00553,U6085,2024-02-09,1,desktop,organic,product,False
S1_00554,U6112,2024-02-07,1,mobile,direct,pricing,False
S1_00555,U7430,2024-02-10,1,mobile,paid_search,pricing,False
S1_00556,U8064,2024-02-11,1,mobile,paid_search,pricing,False
S1_00557,U4861,2024-02-09,1,mobile,organic,pricing,False
S1_00558,U934,2024-02-11,1,tablet,organic,homepage,False
S1_00559,U8801,2024-02-07,1,mobile,organic,homepage,False
S1_00560,U8198,2024-02-05,1,desktop,organic,homepage,False
S1_00561,U3949,2024-02-06,1,mobile,paid_search,pricing,False
S1_00562,U9719,2024-02-07,1,mobile,paid_search,pricing,False
S1_00563,U5531,2024-02-05,1,desktop,organic,product,False
S1_00564,U7239,2024-02-06,1,desktop,organic,product,False
S1_00565,U198,2024-02-08,1,mobile,direct,pricing,False
S1_00566,U6773,2024-02-09,1,mobile,social,pricing,False
S1_00567,U4573,2024-02-05,1,desktop,paid_search,product,False
S1_00568,U5572,2024-02-07,1,mobile,organic,product,True
S1_00569,U4274,2024-02-09,1,mobile,social,homepage,False
S1_00570,U9193,2024-02-06,1,mobile,paid_search,homepage,False
S1_00571,U2855,2024-02-10,1,mobile,organic,homepage,False
S1_00572,U6037,2024-02-08,1,mobile,paid_search,product,False
S1_00573,U8688,2024-02-06,1,mobile,organic,pricing,True
S1_00574,U4145,2024-02-08,1,mobile,paid_search,product,False
S1_00575,U2197,2024-02-09,1,desktop,social,product,False
S1_00576,U2054,2024-02-10,1,desktop,social,pricing,False
S1_00577,U3759,2024-02-09,1,desktop,organic,pricing,False
S1_00578,U5581,2024-02-10,1,mobile,paid_search,homepage,False
S1_00579,U8139,2024-02-11,1,desktop,organic,product,False
S1_00580,U7174,2024-02-05,1,desktop,paid_search,product,False
S1_00581,U300,2024-02-08,1,mobile,organic,pricing,False
S1_00582,U1782,2024-02-05,1,desktop,organic,homepage,False
S1_00583,U8933,2024-02-11,1,mobile,paid_search,product,False
S1_00584,U7291,2024-02-05,1,mobile,social,product,False
S1_00585,U7705,2024-02-08,1,desktop,organic,homepage,False
S1_00586,U5918,2024-02-11,1,mobile,organic,homepage,False
S1_00587,U679,2024-02-08,1,mobile,paid_search,pricing,False
S1_00588,U2053,2024-02-10,1,mobile,direct,product,False
S1_00589,U293,2024-02-09,1,mobile,direct,product,False
S1_00590,U5135,2024-02-08,1,mobile,social,pricing,False
S1_00591,U6013,2024-02-07,1,mobile,organic,pricing,False
S1_00592,U6182,2024-02-06,1,mobile,paid_search,pricing,False
S1_00593,U4729,2024-02-10,1,mobile,direct,pricing,False
S1_00594,U5363,2024-02-06,1,desktop,paid_search,homepage,False
S1_00595,U488,2024-02-05,1,desktop,organic,pricing,False
S1_00596,U4088,2024-02-06,1,desktop,organic,product,False
S1_00597,U344,2024-02-06,1,mobile,social,homepage,True
S1_00598,U4312,2024-02-11,1,mobile,social,product,False
S1_00599,U5874,2024-02-09,1,mobile,paid_search,product,False
S1_00600,U8437,2024-02-06,1,desktop,organic,pricing,False
S1_00601,U1610,2024-02-05,1,mobile,organic,pricing,False
S1_00602,U7381,2024-02-09,1,mobile,organic,product,False
S1_00603,U4060,2024-02-05,1,mobile,organic,homepage,False
S1_00604,U3692,2024-02-11,1,mobile,paid_search,pricing,False
S1_00605,U1515,2024-02-09,1,mobile,paid_search,pricing,False
S1_00606,U2339,2024-02-10,1,desktop,organic,homepage,False
S1_00607,U5508,2024-02-08,1,mobile,social,homepage,False
S1_00608,U2911,2024-02-08,1,mobile,organic,pricing,True
S1_00609,U4150,2024-02-05,1,desktop,social,homepage,False
S1_00610,U1316,2024-02-11,1,mobile,paid_search,product,False
S1_00611,U6055,2024-02-05,1,tablet,organic,pricing,False
S1_00612,U4509,2024-02-08,1,mobile,organic,pricing,False
S1_00613,U8338,2024-02-07,1,desktop,organic,pricing,True
S1_00614,U5048,2024-02-09,1,mobile,social,homepage,False
S1_00615,U3418,2024-02-10,1,mobile,direct,homepage,False
S1_00616,U2922,2024-02-09,1,desktop,organic,pricing,False
S1_00617,U8382,2024-02-08,1,mobile,organic,homepage,False
S1_00618,U588,2024-02-08,1,mobile,paid_search,product,False
S1_00619,U6023,2024-02-07,1,mobile,paid_search,product,False
S1_00620,U3455,2024-02-09,1,tablet,social,homepage,False
S1_00621,U2817,2024-02-06,1,desktop,social,homepage,False
S1_00622,U9524,2024-02-07,1,mobile,paid_search,homepage,False
S1_00623,U7473,2024-02-10,1,desktop,social,product,False
S1_00624,U6706,2024-02-07,1,desktop,organic,pricing,False
S1_00625,U1258,2024-02-11,1,desktop,organic,homepage,False
S1_00626,U7137,2024-02-07,1,mobile,social,homepage,False
S1_00627,U5488,2024-02-10,1,desktop,paid_search,product,True
S1_00628,U9553,2024-02-10,1,mobile,paid_search,homepage,False
S1_00629,U6880,2024-02-09,1,tablet,paid_search,pricing,False
S1_00630,U5994,2024-02-07,1,tablet,social,pricing,False
S1_00631,U5935,2024-02-07,1,desktop,organic,homepage,False
S1_00632,U2239,2024-02-10,1,mobile,organic,homepage,False
S1_00633,U4362,2024-02-06,1,desktop,paid_search,homepage,False
S1_00634,U5923,2024-02-08,1,desktop,paid_search,homepage,False
S1_00635,U9804,2024-02-08,1,mobile,organic,homepage,False
S1_00636,U6559,2024-02-11,1,tablet,organic,pricing,True
S1_00637,U7355,2024-02-10,1,mobile,organic,product,False
S1_00638,U6559,2024-02-06,1,mobile,organic,homepage,False
S1_00639,U2907,2024-02-06,1,desktop,paid_search,product,False
S1_00640,U2659,2024-02-10,1,mobile,organic,homepage,False
S1_00641,U2731,2024-02-10,1,desktop,paid_search,product,True
S1_00642,U4467,2024-02-08,1,desktop,organic,product,False
S1_00643,U8383,2024-02-08,1,tablet,paid_search,product,False
S1_00644,U8393,2024-02-06,1,mobile,organic,product,False
S1_00645,U4568,2024-02-10,1,mobile,paid_search,homepage,False
S1_00646,U5788,2024-02-09,1,desktop,direct,product,False
S1_00647,U4448,2024-02-11,1,desktop,organic,homepage,False
S1_00648,U8734,2024-02-11,1,mobile,paid_search,pricing,False
S1_00649,U2734,2024-02-11,1,mobile,paid_search,homepage,True
S1_00650,U3472,2024-02-05,1,mobile,social,product,False
S1_00651,U2804,2024-02-05,1,desktop,organic,homepage,False
S1_00652,U6356,2024-02-07,1,mobile,paid_search,homepage,False
S1_00653,U5119,2024-02-05,1,desktop,paid_search,homepage,False
S1_00654,U7364,2024-02-11,1,mobile,social,product,False
S1_00655,U8765,2024-02-05,1,desktop,paid_search,product,False
S1_00656,U1753,2024-02-07,1,desktop,direct,product,False
S1_00657,U9013,2024-02-10,1,mobile,organic,pricing,False
S1_00658,U887,2024-02-06,1,tablet,social,product,False
S1_00659,U219,2024-02-10,1,desktop,social,product,False
S1_00660,U8187,2024-02-05,1,mobile,paid_search,homepage,False
S1_00661,U3845,2024-02-05,1,mobile,direct,pricing,False
S1_00662,U1245,2024-02-11,1,mobile,direct,homepage,False
S1_00663,U5691,2024-02-07,1,desktop,paid_search,homepage,False
S1_00664,U610,2024-02-05,1,mobile,organic,pricing,True
S1_00665,U4844,2024-02-09,1,desktop,social,homepage,False
S1_00666,U6109,2024-02-07,1,mobile,social,homepage,False
S1_00667,U5745,2024-02-09,1,mobile,direct,pricing,False
S1_00668,U7969,2024-02-05,1,mobile,organic,homepage,False
S1_00669,U7214,2024-02-07,1,mobile,paid_search,product,False
S1_00670,U2454,2024-02-05,1,mobile,paid_search,homepage,False
S1_00671,U3932,2024-02-10,1,mobile,paid_search,product,False
S1_00672,U9156,2024-02-06,1,mobile,social,pricing,False
S1_00673,U8431,2024-02-07,1,desktop,direct,product,False
S1_00674,U6646,2024-02-10,1,desktop,paid_search,homepage,False
S1_00675,U3065,2024-02-11,1,desktop,paid_search,pricing,False
S1_00676,U2316,2024-02-07,1,mobile,paid_search,pricing,False
S1_00677,U5627,2024-02-07,1,desktop,organic,pricing,False
S1_00678,U3242,2024-02-11,1,mobile,paid_search,product,False
S1_00679,U3807,2024-02-05,1,desktop,paid_search,homepage,False
S1_00680,U692,2024-02-06,1,mobile,direct,pricing,False
S1_00681,U4560,2024-02-06,1,mobile,organic,product,False
S1_00682,U4942,2024-02-07,1,desktop,social,product,False
S1_00683,U3133,2024-02-10,1,mobile,organic,pricing,True
S1_00684,U4855,2024-02-11,1,desktop,organic,homepage,False
S1_00685,U5601,2024-02-06,1,mobile,social,pricing,False
S1_00686,U703,2024-02-09,1,desktop,direct,product,False
S1_00687,U4520,2024-02-07,1,mobile,organic,homepage,False
S1_00688,U7470,2024-02-05,1,mobile,organic,homepage,False
S1_00689,U3973,2024-02-10,1,mobile,social,product,False
S1_00690,U8652,2024-02-06,1,tablet,direct,homepage,False
S1_00691,U6477,2024-02-11,1,tablet,social,homepage,False
S1_00692,U2518,2024-02-06,1,mobile,organic,product,False
S1_00693,U2657,2024-02-08,1,mobile,organic,pricing,False
S1_00694,U509,2024-02-11,1,desktop,paid_search,pricing,False
S1_00695,U9780,2024-02-08,1,mobile,direct,pricing,False
S1_00696,U9736,2024-02-10,1,desktop,paid_search,product,False
S1_00697,U3719,2024-02-09,1,desktop,direct,product,False
S1_00698,U6793,2024-02-10,1,desktop,social,product,False
S1_00699,U1209,2024-02-09,1,mobile,social,pricing,False
S1_00700,U6999,2024-02-10,1,desktop,organic,pricing,False
S1_00701,U6248,2024-02-07,1,mobile,organic,product,False
S1_00702,U4451,2024-02-10,1,mobile,organic,product,False
S1_00703,U1273,2024-02-07,1,desktop,direct,homepage,False
S1_00704,U5806,2024-02-06,1,mobile,social,pricing,False
S1_00705,U8340,2024-02-05,1,mobile,organic,homepage,False
S1_00706,U9985,2024-02-10,1,desktop,organic,homepage,False
S1_00707,U8218,2024-02-08,1,mobile,social,product,False
S1_00708,U9837,2024-02-09,1,desktop,organic,product,False
S1_00709,U3918,2024-02-08,1,tablet,organic,pricing,False
S1_00710,U4185,2024-02-05,1,desktop,social,product,False
S1_00711,U3264,2024-02-11,1,desktop,social,homepage,False
S1_00712,U2352,2024-02-11,1,mobile,paid_search,product,False
S1_00713,U5863,2024-02-07,1,mobile,organic,homepage,False
S1_00714,U9677,2024-02-11,1,mobile,organic,homepage,False
S1_00715,U5280,2024-02-08,1,tablet,social,homepage,False
S1_00716,U2447,2024-02-06,1,desktop,social,product,False
S1_00717,U6977,2024-02-08,1,mobile,organic,pricing,True
S1_00718,U4775,2024-02-06,1,mobile,organic,homepage,True
S1_00719,U1389,2024-02-11,1,mobile,organic,product,True
S1_00720,U4423,2024-02-06,1,desktop,organic,pricing,False
S1_00721,U9960,2024-02-05,1,mobile,paid_search,homepage,False
S1_00722,U1045,2024-02-06,1,mobile,paid_search,homepage,False
S1_00723,U8195,2024-02-10,1,mobile,social,homepage,False
S1_00724,U4900,2024-02-06,1,mobile,direct,homepage,False
S1_00725,U4022,2024-02-05,1,mobile,organic,pricing,False
S1_00726,U8023,2024-02-05,1,tablet,direct,homepage,False
S1_00727,U3562,2024-02-11,1,mobile,paid_search,pricing,False
S1_00728,U5043,2024-02-11,1,mobile,organic,product,False
S1_00729,U2267,2024-02-07,1,tablet,organic,pricing,False
S1_00730,U3986,2024-02-07,1,mobile,paid_search,pricing,False
S1_00731,U712,2024-02-07,1,mobile,organic,product,False
S1_00732,U9510,2024-02-05,1,desktop,paid_search,homepage,False
S1_00733,U9573,2024-02-11,1,mobile,social,pricing,False
S1_00734,U3750,2024-02-11,1,mobile,organic,homepage,False
S1_00735,U4911,2024-02-10,1,desktop,direct,product,False
S1_00736,U3190,2024-02-09,1,mobile,organic,homepage,True
S1_00737,U8506,2024-02-09,1,mobile,paid_search,product,False
S1_00738,U1502,2024-02-06,1,mobile,organic,homepage,False
S1_00739,U911,2024-02-10,1,mobile,paid_search,product,False
S1_00740,U1873,2024-02-11,1,mobile,paid_search,product,False
S1_00741,U1452,2024-02-06,1,mobile,social,pricing,False
S1_00742,U2150,2024-02-05,1,mobile,paid_search,product,False
S1_00743,U1443,2024-02-11,1,mobile,organic,product,True
S1_00744,U7726,2024-02-05,1,mobile,organic,homepage,False
S1_00745,U6178,2024-02-07,1,mobile,social,product,False
S1_00746,U3782,2024-02-06,1,mobile,organic,pricing,False
S1_00747,U2052,2024-02-10,1,desktop,paid_search,pricing,False
S1_00748,U4877,2024-02-09,1,mobile,social,product,False
S1_00749,U435,2024-02-10,1,mobile,paid_search,homepage,False
S1_00750,U922,2024-02-05,1,mobile,organic,homepage,False
S1_00751,U7594,2024-02-05,1,desktop,organic,pricing,False
S1_00752,U7509,2024-02-10,1,mobile,paid_search,product,False
S1_00753,U913,2024-02-06,1,desktop,social,pricing,False
S1_00754,U5599,2024-02-08,1,mobile,paid_search,pricing,False
S1_00755,U7945,2024-02-05,1,desktop,direct,pricing,False
S1_00756,U4013,2024-02-09,1,mobile,paid_search,product,False
S1_00757,U1700,2024-02-11,1,mobile,social,homepage,False
S1_00758,U7904,2024-02-08,1,desktop,organic,pricing,False
S1_00759,U2735,2024-02-05,1,desktop,social,homepage,False
S1_00760,U4276,2024-02-09,1,mobile,social,pricing,False
S1_00761,U6282,2024-02-10,1,mobile,organic,product,False
S1_00762,U2156,2024-02-08,1,desktop,paid_search,homepage,False
S1_00763,U9383,2024-02-08,1,desktop,social,homepage,False
S1_00764,U8330,2024-02-05,1,tablet,organic,homepage,False
S1_00765,U1056,2024-02-07,1,mobile,social,product,True
S1_00766,U7096,2024-02-05,1,tablet,direct,homepage,False
S1_00767,U908,2024-02-11,1,desktop,direct,homepage,False
S1_00768,U1897,2024-02-09,1,mobile,paid_search,homepage,False
S1_00769,U9648,2024-02-10,1,mobile,paid_search,homepage,False
S1_00770,U3062,2024-02-11,1,desktop,social,pricing,False
S1_00771,U7992,2024-02-11,1,desktop,paid_search,product,False
S1_00772,U2937,2024-02-07,1,mobile,social,pricing,False
S1_00773,U320,2024-02-08,1,mobile,social,pricing,False
S1_00774,U6389,2024-02-05,1,mobile,paid_search,homepage,False
S1_00775,U4382,2024-02-11,1,mobile,organic,pricing,False
S1_00776,U2455,2024-02-07,1,tablet,social,pricing,False
S1_00777,U279,2024-02-05,1,desktop,paid_search,homepage,False
S1_00778,U2962,2024-02-10,1,mobile,organic,product,False
S1_00779,U3553,2024-02-08,1,mobile,organic,pricing,False
S1_00780,U7216,2024-02-11,1,desktop,organic,pricing,False
S1_00781,U1636,2024-02-10,1,mobile,paid_search,homepage,False
S1_00782,U5552,2024-02-06,1,desktop,organic,pricing,False
S1_00783,U2825,2024-02-06,1,desktop,social,homepage,False
S1_00784,U7673,2024-02-06,1,desktop,paid_search,homepage,False
S1_00785,U4725,2024-02-08,1,mobile,organic,homepage,False
S1_00786,U5365,2024-02-11,1,mobile,organic,homepage,False
S1_00787,U9230,2024-02-05,1,mobile,organic,product,False
S1_00788,U7419,2024-02-05,1,mobile,organic,pricing,False
S1_00789,U4472,2024-02-06,1,mobile,organic,homepage,False
S1_00790,U3648,2024-02-08,1,mobile,organic,pricing,False
S1_00791,U232,2024-02-08,1,mobile,paid_search,pricing,False
S1_00792,U9994,2024-02-10,1,desktop,organic,product,False
S1_00793,U1512,2024-02-07,1,tablet,paid_search,product,False
S1_00794,U8283,2024-02-09,1,desktop,organic,pricing,False
S1_00795,U6721,2024-02-10,1,mobile,organic,pricing,False
S1_00796,U8712,2024-02-07,1,desktop,paid_search,homepage,False
S1_00797,U2419,2024-02-05,1,mobile,paid_search,product,False
S1_00798,U1636,2024-02-06,1,tablet,paid_search,product,False
S1_00799,U6759,2024-02-09,1,mobile,direct,pricing,False
S1_00800,U9452,2024-02-07,1,mobile,social,product,False
S1_00801,U6412,2024-02-07,1,mobile,organic,homepage,False
S1_00802,U625,2024-02-05,1,mobile,organic,product,False
S1_00803,U586,2024-02-08,1,mobile,social,homepage,False
S1_00804,U1298,2024-02-09,1,mobile,direct,product,False
S1_00805,U5801,2024-02-09,1,mobile,social,pricing,False
S1_00806,U1570,2024-02-07,1,mobile,social,product,False
S1_00807,U9103,2024-02-10,1,tablet,direct,product,False
S1_00808,U4902,2024-02-07,1,mobile,organic,pricing,False
S1_00809,U1162,2024-02-09,1,desktop,paid_search,homepage,False
S1_00810,U8785,2024-02-09,1,desktop,paid_search,homepage,False
S1_00811,U5083,2024-02-05,1,tablet,social,homepage,False
S1_00812,U4791,2024-02-06,1,mobile,organic,pricing,False
S1_00813,U1219,2024-02-06,1,mobile,organic,homepage,False
S1_00814,U9400,2024-02-06,1,desktop,direct,homepage,True
S1_00815,U6952,2024-02-10,1,desktop,paid_search,product,False
S1_00816,U7564,2024-02-11,1,mobile,social,pricing,False
S1_00817,U3234,2024-02-08,1,desktop,direct,homepage,False
S1_00818,U2544,2024-02-11,1,mobile,paid_search,product,False
S1_00819,U6436,2024-02-05,1,mobile,organic,pricing,False
S1_00820,U5669,2024-02-10,1,mobile,organic,product,False
S1_00821,U379,2024-02-11,1,desktop,organic,pricing,False
S1_00822,U2063,2024-02-07,1,desktop,organic,product,False
S1_00823,U203,2024-02-11,1,mobile,paid_search,homepage,False
S1_00824,U2162,2024-02-09,1,mobile,paid_search,pricing,False
S1_00825,U6393,2024-02-08,1,desktop,organic,homepage,False
S1_00826,U3714,2024-02-10,1,desktop,organic,pricing,False
S1_00827,U8587,2024-02-11,1,mobile,paid_search,homepage,False
S1_00828,U4011,2024-02-11,1,mobile,organic,homepage,False
S1_00829,U4091,2024-02-09,1,mobile,social,product,False
S1_00830,U6435,2024-02-09,1,desktop,paid_search,pricing,True
S1_00831,U6885,2024-02-11,1,mobile,direct,homepage,False
S1_00832,U1338,2024-02-05,1,mobile,organic,homepage,True
S1_00833,U2972,2024-02-09,1,mobile,organic,pricing,False
S1_00834,U8751,2024-02-06,1,mobile,direct,product,False
S1_00835,U6359,2024-02-06,1,mobile,social,product,True
S1_00836,U5967,2024-02-05,1,mobile,paid_search,pricing,False
S1_00837,U3056,2024-02-10,1,desktop,paid_search,homepage,False
S1_00838,U4185,2024-02-05,1,desktop,organic,product,True
S1_00839,U836,2024-02-07,1,tablet,paid_search,product,True
S1_00840,U4551,2024-02-06,1,mobile,organic,homepage,False
S1_00841,U1469,2024-02-09,1,mobile,organic,pricing,False
S1_00842,U7692,2024-02-05,1,mobile,organic,product,False
S1_00843,U5036,2024-02-11,1,mobile,paid_search,pricing,False
S1_00844,U5866,2024-02-05,1,mobile,organic,product,False
S1_00845,U2857,2024-02-06,1,mobile,organic,homepage,False
S1_00846,U7910,2024-02-09,1,tablet,organic,homepage,False
S1_00847,U4365,2024-02-08,1,desktop,organic,homepage,False
S1_00848,U2435,2024-02-08,1,mobile,organic,product,True
S1_00849,U1192,2024-02-07,1,desktop,paid_search,pricing,False
S1_00850,U697,2024-02-11,1,mobile,organic,pricing,False
S1_00851,U8264,2024-02-08,1,desktop,social,product,True
S1_00852,U2102,2024-02-06,1,mobile,organic,pricing,False
S1_00853,U9858,2024-02-06,1,desktop,paid_search,pricing,False
S1_00854,U8101,2024-02-06,1,mobile,paid_search,pricing,False
S1_00855,U4963,2024-02-05,1,tablet,paid_search,pricing,True
S1_00856,U1453,2024-02-07,1,mobile,social,product,False
S1_00857,U4973,2024-02-10,1,mobile,social,homepage,False
S1_00858,U7306,2024-02-10,1,mobile,organic,homepage,False
S1_00859,U1769,2024-02-08,1,mobile,organic,pricing,False
S1_00860,U905,2024-02-11,1,mobile,paid_search,pricing,False
S1_00861,U5686,2024-02-07,1,desktop,social,pricing,False
S1_00862,U3121,2024-02-09,1,mobile,direct,pricing,False
S1_00863,U6676,2024-02-10,1,desktop,social,pricing,False
S1_00864,U5955,2024-02-08,1,mobile,paid_search,product,False
S1_00865,U1786,2024-02-07,1,mobile,organic,pricing,False
S1_00866,U5939,2024-02-06,1,mobile,organic,pricing,False
S1_00867,U675,2024-02-11,1,mobile,paid_search,homepage,False
S1_00868,U1144,2024-02-06,1,tablet,social,homepage,False
S1_00869,U9527,2024-02-09,1,tablet,social,homepage,False
S1_00870,U8768,2024-02-09,1,mobile,organic,homepage,False
S1_00871,U4437,2024-02-10,1,desktop,paid_search,homepage,False
S1_00872,U1967,2024-02-07,1,mobile,paid_search,product,False
S1_00873,U5069,2024-02-07,1,mobile,social,homepage,False
S1_00874,U4908,2024-02-07,1,mobile,organic,pricing,False
S1_00875,U5907,2024-02-08,1,mobile,paid_search,pricing,False
S1_00876,U4605,2024-02-06,1,mobile,organic,pricing,False
S1_00877,U5646,2024-02-08,1,mobile,direct,product,False
S1_00878,U1127,2024-02-10,1,mobile,social,homepage,False
S1_00879,U7412,2024-02-11,1,mobile,direct,product,False
S1_00880,U989,2024-02-07,1,mobile,organic,product,False
S1_00881,U5030,2024-02-08,1,mobile,paid_search,homepage,False
S1_00882,U3040,2024-02-09,1,mobile,organic,homepage,False
S1_00883,U331,2024-02-07,1,desktop,organic,pricing,False
S1_00884,U9795,2024-02-05,1,desktop,organic,pricing,True
S1_00885,U5749,2024-02-09,1,mobile,organic,homepage,False
S1_00886,U2146,2024-02-07,1,mobile,organic,product,False
S1_00887,U8246,2024-02-07,1,mobile,direct,homepage,True
S1_00888,U4305,2024-02-11,1,mobile,social,pricing,False
S1_00889,U9498,2024-02-07,1,desktop,paid_search,pricing,False
S1_00890,U9878,2024-02-08,1,mobile,organic,product,False
S1_00891,U2357,2024-02-07,1,mobile,paid_search,product,False
S1_00892,U7238,2024-02-08,1,desktop,social,pricing,True
S1_00893,U7326,2024-02-09,1,desktop,organic,homepage,False
S1_00894,U4393,2024-02-05,1,mobile,organic,pricing,False
S1_00895,U9064,2024-02-10,1,desktop,organic,pricing,False
S1_00896,U9404,2024-02-06,1,mobile,organic,pricing,False
S1_00897,U1314,2024-02-06,1,mobile,paid_search,product,False
S1_00898,U7538,2024-02-09,1,tablet,organic,homepage,True
S1_00899,U9882,2024-02-07,1,mobile,organic,product,False
S1_00900,U5702,2024-02-10,1,desktop,paid_search,homepage,True
S1_00901,U5495,2024-02-07,1,mobile,paid_search,product,True
S1_00902,U9469,2024-02-11,1,mobile,organic,homepage,False
S1_00903,U6856,2024-02-06,1,mobile,organic,homepage,False
S1_00904,U7796,2024-02-11,1,desktop,organic,homepage,False
S1_00905,U4317,2024-02-11,1,mobile,direct,product,False
S1_00906,U7471,2024-02-11,1,mobile,paid_search,homepage,False
S1_00907,U8939,2024-02-08,1,mobile,organic,product,False
S1_00908,U5590,2024-02-11,1,desktop,direct,homepage,True
S1_00909,U3248,2024-02-11,1,tablet,organic,homepage,False
S1_00910,U4172,2024-02-11,1,mobile,paid_search,pricing,False
S1_00911,U1254,2024-02-10,1,desktop,organic,pricing,False
S1_00912,U3192,2024-02-09,1,desktop,organic,pricing,False
S1_00913,U9722,2024-02-07,1,mobile,organic,homepage,False
S1_00914,U2352,2024-02-11,1,mobile,paid_search,homepage,False
S1_00915,U8119,2024-02-06,1,mobile,organic,product,False
S1_00916,U4860,2024-02-07,1,mobile,paid_search,homepage,False
S1_00917,U7072,2024-02-09,1,mobile,social,product,False
S1_00918,U6092,2024-02-10,1,desktop,organic,product,False
S1_00919,U2313,2024-02-11,1,desktop,social,homepage,False
S1_00920,U3049,2024-02-07,1,mobile,social,pricing,False
S1_00921,U7492,2024-02-06,1,mobile,organic,pricing,False
S1_00922,U6039,2024-02-08,1,desktop,social,product,False
S1_00923,U530,2024-02-09,1,mobile,direct,product,True
S1_00924,U6394,2024-02-09,1,desktop,social,homepage,False
S1_00925,U7533,2024-02-06,1,mobile,paid_search,homepage,False
S1_00926,U4103,2024-02-06,1,desktop,paid_search,product,False
S1_00927,U3635,2024-02-10,1,desktop,organic,pricing,False
S1_00928,U4668,2024-02-11,1,mobile,paid_search,pricing,True
S1_00929,U353,2024-02-09,1,mobile,direct,homepage,False
S1_00930,U6319,2024-02-10,1,tablet,social,product,False
S1_00931,U7795,2024-02-10,1,mobile,organic,homepage,True
S1_00932,U7326,2024-02-08,1,desktop,organic,homepage,False
S1_00933,U486,2024-02-10,1,tablet,social,product,False
S1_00934,U4463,2024-02-05,1,mobile,paid_search,product,True
S1_00935,U3334,2024-02-09,1,mobile,organic,pricing,False
S1_00936,U3537,2024-02-08,1,desktop,paid_search,product,False
S1_00937,U1449,2024-02-06,1,desktop,organic,homepage,False
S1_00938,U3613,2024-02-08,1,desktop,direct,product,True
S1_00939,U4581,2024-02-08,1,mobile,organic,pricing,False
S1_00940,U5548,2024-02-05,1,mobile,social,product,False
S1_00941,U2289,2024-02-06,1,mobile,paid_search,pricing,False
S1_00942,U2529,2024-02-08,1,desktop,organic,pricing,False
S1_00943,U8401,2024-02-11,1,desktop,organic,product,False
S1_00944,U1481,2024-02-09,1,mobile,organic,pricing,False
S1_00945,U7414,2024-02-05,1,tablet,organic,pricing,False
S1_00946,U2246,2024-02-08,1,mobile,social,homepage,False
S1_00947,U8594,2024-02-11,1,mobile,social,homepage,False
S1_00948,U5364,2024-02-11,1,mobile,paid_search,homepage,False
S1_00949,U4224,2024-02-10,1,desktop,organic,product,False
S1_00950,U9060,2024-02-05,1,mobile,direct,pricing,True
S1_00951,U4789,2024-02-08,1,mobile,social,homepage,False
S1_00952,U2966,2024-02-07,1,mobile,organic,product,False
S1_00953,U2514,2024-02-08,1,desktop,organic,pricing,True
S1_00954,U4516,2024-02-09,1,mobile,direct,pricing,False
S1_00955,U589,2024-02-07,1,mobile,social,product,False
S1_00956,U5777,2024-02-05,1,mobile,organic,product,False
S1_00957,U2010,2024-02-07,1,mobile,direct,homepage,False
S1_00958,U5753,2024-02-07,1,mobile,organic,pricing,False
S1_00959,U8909,2024-02-11,1,desktop,paid_search,pricing,False
S1_00960,U9747,2024-02-11,1,mobile,paid_search,homepage,False
S1_00961,U1499,2024-02-10,1,mobile,social,product,False
S1_00962,U5200,2024-02-05,1,mobile,organic,product,False
S1_00963,U6781,2024-02-05,1,mobile,organic,product,False
S1_00964,U7647,2024-02-06,1,mobile,paid_search,homepage,False
S1_00965,U8751,2024-02-08,1,desktop,social,homepage,False
S1_00966,U5886,2024-02-05,1,desktop,social,homepage,False
S1_00967,U7717,2024-02-05,1,desktop,paid_search,product,False
S1_00968,U5651,2024-02-11,1,desktop,paid_search,pricing,True
S1_00969,U6781,2024-02-10,1,mobile,paid_search,pricing,True
S1_00970,U75,2024-02-05,1,desktop,social,homepage,False
S1_00971,U6000,2024-02-07,1,mobile,paid_search,product,False
S1_00972,U5903,2024-02-10,1,mobile,paid_search,pricing,True
S1_00973,U1100,2024-02-05,1,mobile,social,homepage,False
S1_00974,U1626,2024-02-06,1,mobile,organic,homepage,False
S1_00975,U597,2024-02-11,1,desktop,organic,product,False
S1_00976,U7914,2024-02-05,1,desktop,direct,pricing,True
S1_00977,U6342,2024-02-09,1,desktop,paid_search,pricing,False
S1_00978,U1610,2024-02-07,1,desktop,organic,product,False
S1_00979,U333,2024-02-05,1,desktop,organic,pricing,False
S1_00980,U1613,2024-02-05,1,desktop,paid_search,homepage,False
S1_00981,U6817,2024-02-05,1,mobile,direct,product,False
S1_00982,U1177,2024-02-10,1,desktop,paid_search,pricing,False
S1_00983,U1149,2024-02-08,1,mobile,organic,product,True
S1_00984,U432,2024-02-09,1,mobile,direct,product,False
S1_00985,U8769,2024-02-11,1,tablet,organic,product,False
S1_00986,U2287,2024-02-11,1,mobile,organic,pricing,True
S1_00987,U8711,2024-02-09,1,mobile,organic,product,True
S1_00988,U8159,2024-02-08,1,desktop,direct,pricing,False
S1_00989,U5242,2024-02-08,1,mobile,social,homepage,False
S1_00990,U5006,2024-02-11,1,mobile,social,homepage,False
S1_00991,U6951,2024-02-07,1,mobile,organic,pricing,False
S1_00992,U3152,2024-02-08,1,desktop,paid_search,pricing,False
S1_00993,U9429,2024-02-06,1,desktop,organic,pricing,True
S1_00994,U5475,2024-02-07,1,desktop,direct,pricing,False
S1_00995,U8244,2024-02-06,1,mobile,paid_search,homepage,False
S1_00996,U8839,2024-02-08,1,mobile,paid_search,product,False
S1_00997,U391,2024-02-10,1,mobile,social,product,False
S1_00998,U341,2024-02-10,1,mobile,social,homepage,False
S1_00999,U9486,2024-02-08,1,mobile,direct,homepage,False
S1_01000,U1493,2024-02-11,1,desktop,paid_search,homepage,False
S1_01001,U836,2024-02-11,1,mobile,paid_search,pricing,False
S1_01002,U4443,2024-02-10,1,mobile,social,pricing,False
S1_01003,U8949,2024-02-07,1,mobile,organic,product,False
S1_01004,U3653,2024-02-10,1,mobile,organic,pricing,False
S1_01005,U415,2024-02-05,1,mobile,organic,product,False
S1_01006,U2089,2024-02-06,1,mobile,paid_search,product,False
S1_01007,U5802,2024-02-07,1,mobile,organic,product,False
S1_01008,U722,2024-02-08,1,mobile,social,product,False
S1_01009,U8906,2024-02-09,1,desktop,paid_search,homepage,False
S1_01010,U7431,2024-02-06,1,mobile,paid_search,pricing,False
S1_01011,U2425,2024-02-06,1,mobile,social,pricing,False
S1_01012,U8777,2024-02-06,1,mobile,social,product,False
S1_01013,U7116,2024-02-10,1,mobile,organic,pricing,False
S1_01014,U4318,2024-02-07,1,desktop,paid_search,product,False
S1_01015,U444,2024-02-10,1,desktop,organic,product,False
S1_01016,U4373,2024-02-07,1,desktop,organic,homepage,False
S1_01017,U4263,2024-02-07,1,mobile,paid_search,homepage,False
S1_01018,U5331,2024-02-11,1,desktop,social,product,False
S1_01019,U9254,2024-02-10,1,desktop,paid_search,homepage,False
S1_01020,U9765,2024-02-10,1,mobile,social,homepage,False
S1_01021,U6886,2024-02-11,1,mobile,paid_search,pricing,False
S1_01022,U7330,2024-02-11,1,mobile,direct,product,False
S1_01023,U8110,2024-02-09,1,mobile,organic,homepage,False
S1_01024,U6555,2024-02-11,1,mobile,direct,pricing,False
S1_01025,U8975,2024-02-06,1,mobile,organic,product,False
S1_01026,U5870,2024-02-07,1,mobile,social,product,False
S1_01027,U1013,2024-02-11,1,desktop,organic,product,False
S1_01028,U6498,2024-02-09,1,mobile,paid_search,homepage,True
S1_01029,U9469,2024-02-05,1,desktop,paid_search,product,False
S1_01030,U2902,2024-02-09,1,mobile,paid_search,pricing,True
S1_01031,U5156,2024-02-05,1,mobile,social,product,False
S1_01032,U6753,2024-02-06,1,desktop,paid_search,product,False
S1_01033,U724,2024-02-11,1,mobile,paid_search,pricing,False
S1_01034,U9141,2024-02-10,1,desktop,paid_search,homepage,False
S1_01035,U9203,2024-02-09,1,tablet,paid_search,product,False
S1_01036,U4954,2024-02-06,1,desktop,direct,product,True
S1_01037,U7992,2024-02-09,1,mobile,organic,homepage,False
S1_01038,U4143,2024-02-05,1,desktop,paid_search,product,False
S1_01039,U968,2024-02-10,1,desktop,paid_search,product,False
S1_01040,U4085,2024-02-11,1,mobile,organic,product,False
S1_01041,U1061,2024-02-10,1,desktop,direct,product,False
S1_01042,U79,2024-02-07,1,desktop,direct,homepage,False
S1_01043,U24,2024-02-11,1,desktop,social,homepage,False
S1_01044,U6187,2024-02-10,1,mobile,organic,homepage,True
S1_01045,U1017,2024-02-06,1,mobile,social,homepage,False
S1_01046,U7267,2024-02-10,1,desktop,organic,product,False
S1_01047,U872,2024-02-11,1,mobile,social,product,False
S1_01048,U9421,2024-02-10,1,mobile,paid_search,homepage,False
S1_01049,U9621,2024-02-05,1,mobile,organic,product,False
S1_01050,U683,2024-02-07,1,mobile,organic,product,False
S1_01051,U541,2024-02-09,1,desktop,paid_search,homepage,False
S1_01052,U5022,2024-02-06,1,mobile,organic,homepage,False
S1_01053,U2841,2024-02-08,1,mobile,organic,pricing,False
S1_01054,U7762,2024-02-05,1,desktop,social,homepage,False
S1_01055,U2981,2024-02-08,1,mobile,social,product,False
S1_01056,U6859,2024-02-05,1,mobile,organic,pricing,False
S1_01057,U5619,2024-02-05,1,desktop,paid_search,product,False
S1_01058,U6207,2024-02-11,1,mobile,social,homepage,False
S1_01059,U7892,2024-02-11,1,mobile,organic,homepage,False
S1_01060,U9187,2024-02-07,1,mobile,social,pricing,False
S1_01061,U4935,2024-02-05,1,desktop,organic,homepage,False
S1_01062,U363,2024-02-06,1,mobile,organic,homepage,False
S1_01063,U3580,2024-02-05,1,mobile,paid_search,pricing,False
S1_01064,U4009,2024-02-05,1,mobile,direct,product,True
S1_01065,U695,2024-02-11,1,mobile,organic,product,True
S1_01066,U657,2024-02-10,1,desktop,paid_search,pricing,False
S1_01067,U5999,2024-02-07,1,mobile,organic,product,False
S1_01068,U459,2024-02-07,1,mobile,organic,pricing,False
S1_01069,U8705,2024-02-08,1,mobile,paid_search,homepage,False
S1_01070,U4594,2024-02-09,1,desktop,organic,homepage,False
S1_01071,U3877,2024-02-10,1,desktop,direct,homepage,False
S1_01072,U3473,2024-02-11,1,desktop,organic,product,False
S1_01073,U6786,2024-02-11,1,mobile,organic,pricing,False
S1_01074,U7701,2024-02-05,1,mobile,organic,homepage,False
S1_01075,U3894,2024-02-10,1,tablet,social,homepage,False
S1_01076,U2904,2024-02-11,1,mobile,paid_search,pricing,False
S1_01077,U9313,2024-02-07,1,desktop,direct,homepage,False
S1_01078,U7335,2024-02-05,1,mobile,social,homepage,False
S1_01079,U1593,2024-02-06,1,desktop,organic,homepage,False
S1_01080,U310,2024-02-05,1,desktop,paid_search,pricing,False
S1_01081,U2886,2024-02-11,1,mobile,organic,homepage,False
S1_01082,U8068,2024-02-05,1,mobile,direct,pricing,False
S1_01083,U2649,2024-02-09,1,mobile,paid_search,homepage,False
S1_01084,U1399,2024-02-06,1,desktop,organic,pricing,False
S1_01085,U4410,2024-02-07,1,mobile,paid_search,product,True
S1_01086,U588,2024-02-10,1,mobile,direct,pricing,False
S1_01087,U7768,2024-02-07,1,desktop,paid_search,product,False
S1_01088,U2997,2024-02-07,1,mobile,paid_search,pricing,False
S1_01089,U8232,2024-02-09,1,mobile,direct,pricing,False
S1_01090,U2371,2024-02-10,1,desktop,paid_search,homepage,False
S1_01091,U7215,2024-02-08,1,desktop,direct,homepage,False
S1_01092,U8620,2024-02-11,1,mobile,organic,pricing,False
S1_01093,U3087,2024-02-05,1,desktop,social,homepage,False
S1_01094,U5173,2024-02-11,1,mobile,organic,homepage,False
S1_01095,U1823,2024-02-10,1,desktop,direct,product,False
S1_01096,U7179,2024-02-06,1,mobile,paid_search,homepage,True
S1_01097,U9424,2024-02-08,1,desktop,organic,homepage,True
S1_01098,U8354,2024-02-07,1,desktop,direct,product,False
S1_01099,U341,2024-02-09,1,desktop,organic,pricing,True
S1_01100,U2025,2024-02-06,1,mobile,organic,pricing,True
S1_01101,U8712,2024-02-10,1,mobile,social,product,False
S1_01102,U2631,2024-02-05,1,mobile,social,pricing,False
S1_01103,U120,2024-02-05,1,mobile,direct,homepage,False
S1_01104,U6193,2024-02-10,1,mobile,organic,homepage,True
S1_01105,U2681,2024-02-10,1,mobile,paid_search,pricing,False
S1_01106,U1326,2024-02-07,1,desktop,organic,pricing,False
S1_01107,U4152,2024-02-07,1,mobile,organic,product,False
S1_01108,U6355,2024-02-07,1,mobile,social,pricing,False
S1_01109,U1169,2024-02-10,1,desktop,paid_search,homepage,True
S1_01110,U9413,2024-02-06,1,mobile,organic,pricing,False
S1_01111,U1031,2024-02-05,1,mobile,organic,homepage,False
S1_01112,U4848,2024-02-06,1,tablet,social,product,False
S1_01113,U8707,2024-02-06,1,desktop,paid_search,pricing,False
S1_01114,U6758,2024-02-05,1,mobile,paid_search,homepage,False
S1_01115,U3777,2024-02-07,1,desktop,social,homepage,False
S1_01116,U9360,2024-02-07,1,desktop,organic,pricing,False
S1_01117,U6297,2024-02-06,1,tablet,organic,homepage,False
S1_01118,U8947,2024-02-11,1,desktop,organic,pricing,False
S1_01119,U5649,2024-02-09,1,mobile,organic,product,True
S1_01120,U8992,2024-02-05,1,mobile,organic,product,True
S1_01121,U628,2024-02-05,1,mobile,direct,pricing,True
S1_01122,U3298,2024-02-10,1,mobile,paid_search,product,False
S1_01123,U8546,2024-02-08,1,mobile,paid_search,pricing,False
S1_01124,U9171,2024-02-08,1,mobile,organic,pricing,False
S1_01125,U1064,2024-02-10,1,desktop,paid_search,product,False
S1_01126,U2154,2024-02-06,1,mobile,paid_search,homepage,False
S1_01127,U7835,2024-02-11,1,mobile,social,homepage,False
S1_01128,U3088,2024-02-07,1,mobile,paid_search,product,False
S1_01129,U7136,2024-02-07,1,mobile,paid_search,product,False
S1_01130,U1848,2024-02-11,1,mobile,organic,product,False
S1_01131,U844,2024-02-09,1,desktop,organic,product,False
S1_01132,U1516,2024-02-09,1,mobile,organic,pricing,False
S1_01133,U6181,2024-02-11,1,mobile,paid_search,pricing,False
S1_01134,U2345,2024-02-08,1,desktop,organic,product,False
S1_01135,U1890,2024-02-10,1,desktop,direct,homepage,False
S1_01136,U3636,2024-02-10,1,mobile,organic,homepage,False
S1_01137,U3717,2024-02-07,1,mobile,organic,product,False
S1_01138,U5543,2024-02-05,1,mobile,paid_search,product,False
S1_01139,U5576,2024-02-09,1,mobile,organic,pricing,False
S1_01140,U9811,2024-02-10,1,mobile,organic,product,False
S1_01141,U2657,2024-02-08,1,desktop,social,homepage,False
S1_01142,U446,2024-02-09,1,mobile,organic,homepage,True
S1_01143,U8920,2024-02-09,1,mobile,direct,product,False
S1_01144,U9269,2024-02-10,1,desktop,paid_search,pricing,False
S1_01145,U7236,2024-02-10,1,desktop,paid_search,pricing,False
S1_01146,U9731,2024-02-08,1,desktop,organic,product,False
S1_01147,U8420,2024-02-05,1,mobile,organic,pricing,False
S1_01148,U4350,2024-02-05,1,mobile,paid_search,product,False
S1_01149,U7777,2024-02-11,1,desktop,organic,product,False
S1_01150,U5673,2024-02-05,1,desktop,paid_search,homepage,False
S1_01151,U7325,2024-02-05,1,mobile,organic,product,False
S1_01152,U3788,2024-02-11,1,desktop,social,homepage,False
S1_01153,U299,2024-02-06,1,mobile,paid_search,homepage,False
S1_01154,U7344,2024-02-09,1,tablet,paid_search,product,False
S1_01155,U9557,2024-02-07,1,mobile,social,product,False
S1_01156,U6771,2024-02-08,1,mobile,paid_search,homepage,False
S1_01157,U9573,2024-02-10,1,mobile,organic,homepage,False
S1_01158,U2386,2024-02-06,1,desktop,organic,homepage,False
S1_01159,U5321,2024-02-11,1,desktop,organic,product,True
S1_01160,U8049,2024-02-09,1,desktop,paid_search,homepage,False
S1_01161,U6656,2024-02-11,1,mobile,paid_search,pricing,False
S1_01162,U7843,2024-02-08,1,mobile,paid_search,pricing,False
S1_01163,U9294,2024-02-06,1,desktop,social,product,False
S1_01164,U801,2024-02-07,1,desktop,organic,product,False
S1_01165,U1452,2024-02-05,1,tablet,social,homepage,False
S1_01166,U6667,2024-02-10,1,mobile,paid_search,product,False
S1_01167,U8790,2024-02-11,1,mobile,organic,product,False
S1_01168,U8901,2024-02-10,1,tablet,organic,homepage,False
S1_01169,U2466,2024-02-05,1,mobile,direct,pricing,False
S1_01170,U1857,2024-02-09,1,mobile,organic,homepage,False
S1_01171,U7390,2024-02-11,1,mobile,organic,homepage,False
S1_01172,U221,2024-02-11,1,mobile,paid_search,product,False
S1_01173,U2699,2024-02-06,1,desktop,organic,pricing,False
S1_01174,U3680,2024-02-06,1,desktop,social,pricing,False
S1_01175,U243,2024-02-09,1,desktop,social,product,False
S1_01176,U166,2024-02-06,1,mobile,organic,pricing,False
S1_01177,U8516,2024-02-06,1,mobile,paid_search,product,False
S1_01178,U5780,2024-02-09,1,mobile,organic,product,False
S1_01179,U7576,2024-02-11,1,desktop,organic,homepage,False
S1_01180,U6974,2024-02-06,1,desktop,organic,product,True
S1_01181,U8749,2024-02-07,1,mobile,organic,pricing,True
S1_01182,U4192,2024-02-09,1,mobile,social,product,True
S1_01183,U2698,2024-02-05,1,mobile,paid_search,product,False
S1_01184,U8978,2024-02-08,1,desktop,social,pricing,False
S1_01185,U4503,2024-02-09,1,mobile,direct,product,True
S1_01186,U3730,2024-02-10,1,tablet,paid_search,homepage,False
S1_01187,U9161,2024-02-11,1,desktop,social,homepage,False
S1_01188,U363,2024-02-08,1,mobile,organic,pricing,False
S1_01189,U7599,2024-02-07,1,desktop,organic,homepage,False
S1_01190,U526,2024-02-10,1,desktop,organic,pricing,False
S1_01191,U3437,2024-02-11,1,desktop,organic,homepage,False
S1_01192,U8580,2024-02-11,1,mobile,paid_search,product,False
S1_01193,U5851,2024-02-05,1,mobile,social,pricing,False
S1_01194,U3758,2024-02-06,1,mobile,organic,product,False
S1_01195,U3144,2024-02-09,1,tablet,paid_search,product,False
S1_01196,U8798,2024-02-11,1,desktop,direct,pricing,False
S1_01197,U1426,2024-02-07,1,desktop,organic,homepage,False
S1_01198,U2849,2024-02-10,1,mobile,social,product,False
S1_01199,U624,2024-02-08,1,mobile,direct,product,False
S1_01200,U131,2024-02-08,1,mobile,organic,product,False
S1_01201,U2768,2024-02-06,1,mobile,social,product,False
S1_01202,U1806,2024-02-11,1,desktop,paid_search,pricing,True
S1_01203,U7938,2024-02-05,1,mobile,social,product,False
S1_01204,U6759,2024-02-11,1,mobile,direct,pricing,False
S1_01205,U3989,2024-02-06,1,mobile,social,product,False
S1_01206,U5706,2024-02-07,1,mobile,direct,pricing,False
S1_01207,U1611,2024-02-09,1,mobile,direct,homepage,True
S1_01208,U6502,2024-02-09,1,mobile,organic,product,False
S1_01209,U448,2024-02-09,1,tablet,paid_search,product,False
S1_01210,U3350,2024-02-10,1,mobile,social,homepage,False
S1_01211,U7217,2024-02-11,1,mobile,social,product,False
S1_01212,U4036,2024-02-10,1,desktop,organic,homepage,False
S1_01213,U7448,2024-02-06,1,tablet,social,product,False
S1_01214,U5406,2024-02-05,1,mobile,organic,pricing,False
S1_01215,U1636,2024-02-06,1,mobile,social,product,False
S1_01216,U1453,2024-02-07,1,desktop,organic,homepage,False
S1_01217,U3647,2024-02-06,1,mobile,social,product,False
S1_01218,U7005,2024-02-06,1,desktop,organic,product,False
S1_01219,U6806,2024-02-09,1,mobile,paid_search,pricing,False
S1_01220,U7973,2024-02-07,1,desktop,organic,product,False
S1_01221,U2567,2024-02-08,1,mobile,organic,product,False
S1_01222,U403,2024-02-07,1,mobile,organic,product,False
S1_01223,U515,2024-02-05,1,desktop,paid_search,homepage,False
S1_01224,U7774,2024-02-05,1,desktop,paid_search,homepage,False
S1_01225,U8651,2024-02-07,1,mobile,social,product,False
S1_01226,U2067,2024-02-06,1,desktop,organic,homepage,False
S1_01227,U2470,2024-02-07,1,desktop,organic,product,True
S1_01228,U331,2024-02-08,1,tablet,organic,homepage,False
S1_01229,U6185,2024-02-07,1,desktop,direct,product,True
S1_01230,U2050,2024-02-11,1,mobile,paid_search,homepage,False
S1_01231,U3642,2024-02-11,1,desktop,social,homepage,False
S1_01232,U9388,2024-02-05,1,desktop,direct,homepage,False
S1_01233,U2356,2024-02-07,1,mobile,organic,homepage,True
S1_01234,U8895,2024-02-11,1,desktop,organic,product,False
S1_01235,U996,2024-02-11,1,mobile,social,homepage,False
S1_01236,U6397,2024-02-10,1,mobile,paid_search,product,False
S1_01237,U8734,2024-02-08,1,mobile,social,homepage,True
S1_01238,U2258,2024-02-05,1,mobile,organic,product,True
S1_01239,U7686,2024-02-06,1,desktop,paid_search,product,False
S1_01240,U2015,2024-02-09,1,mobile,organic,pricing,False
S1_01241,U4798,2024-02-06,1,mobile,organic,homepage,False
S1_01242,U9880,2024-02-09,1,mobile,organic,product,True
S1_01243,U8548,2024-02-06,1,tablet,paid_search,pricing,False
S1_01244,U2118,2024-02-10,1,mobile,organic,pricing,False
S1_01245,U7636,2024-02-07,1,desktop,paid_search,pricing,False
S1_01246,U7478,2024-02-05,1,desktop,organic,homepage,True
S1_01247,U6833,2024-02-06,1,desktop,social,product,False
S1_01248,U649,2024-02-08,1,mobile,organic,homepage,False
S1_01249,U616,2024-02-11,1,mobile,organic,pricing,False
S1_01250,U4058,2024-02-07,1,mobile,paid_search,pricing,False
S1_01251,U1770,2024-02-10,1,desktop,social,product,True
S1_01252,U8622,2024-02-10,1,desktop,organic,product,False
S1_01253,U3090,2024-02-11,1,desktop,organic,pricing,False
S1_01254,U252,2024-02-09,1,desktop,social,pricing,False
S1_01255,U2694,2024-02-07,1,mobile,organic,pricing,False
S1_01256,U4694,2024-02-07,1,tablet,social,pricing,False
S1_01257,U7835,2024-02-05,1,mobile,paid_search,product,False
S1_01258,U161,2024-02-06,1,desktop,organic,homepage,False
S1_01259,U3048,2024-02-09,1,mobile,direct,pricing,False
S1_01260,U8898,2024-02-10,1,mobile,organic,homepage,False
S1_01261,U8583,2024-02-10,1,mobile,paid_search,pricing,False
S1_01262,U2793,2024-02-05,1,desktop,direct,homepage,False
S1_01263,U844,2024-02-10,1,mobile,organic,pricing,True
S1_01264,U7557,2024-02-05,1,mobile,paid_search,pricing,False
S1_01265,U430,2024-02-07,1,mobile,social,homepage,True
S1_01266,U6986,2024-02-06,1,mobile,social,homepage,False
S1_01267,U4397,2024-02-11,1,mobile,organic,product,False
S1_01268,U7580,2024-02-06,1,mobile,organic,homepage,True
S1_01269,U6510,2024-02-07,1,desktop,organic,product,False
S1_01270,U4590,2024-02-10,1,mobile,organic,pricing,False
S1_01271,U896,2024-02-09,1,desktop,social,product,False
S1_01272,U6714,2024-02-05,1,desktop,organic,product,False
S1_01273,U1395,2024-02-06,1,mobile,organic,homepage,False
S1_01274,U5949,2024-02-10,1,mobile,social,product,False
S1_01275,U6288,2024-02-07,1,mobile,organic,homepage,False
S1_01276,U2358,2024-02-07,1,mobile,organic,product,True
S1_01277,U3896,2024-02-05,1,mobile,social,homepage,False
S1_01278,U9584,2024-02-11,1,desktop,paid_search,homepage,False
S1_01279,U6032,2024-02-08,1,mobile,organic,product,True
S1_01280,U2258,2024-02-09,1,mobile,paid_search,product,False
S1_01281,U6648,2024-02-06,1,desktop,organic,product,True
S1_01282,U6695,2024-02-08,1,mobile,organic,pricing,False
S1_01283,U2367,2024-02-11,1,mobile,social,product,False
S1_01284,U7999,2024-02-08,1,desktop,direct,pricing,False
S1_01285,U9829,2024-02-11,1,desktop,organic,product,False
S1_01286,U1071,2024-02-06,1,desktop,direct,homepage,False
S1_01287,U171,2024-02-11,1,desktop,organic,pricing,False
S1_01288,U6419,2024-02-05,1,desktop,organic,pricing,False
S1_01289,U6896,2024-02-06,1,mobile,direct,homepage,False
S1_01290,U9725,2024-02-09,1,desktop,direct,homepage,False
S1_01291,U6947,2024-02-10,1,desktop,organic,pricing,False
S1_01292,U8591,2024-02-06,1,desktop,direct,pricing,False
S1_01293,U1152,2024-02-06,1,desktop,paid_search,product,False
S1_01294,U2130,2024-02-10,1,desktop,paid_search,pricing,True
S1_01295,U1993,2024-02-09,1,mobile,organic,product,True
S1_01296,U1106,2024-02-06,1,mobile,organic,homepage,False
S1_01297,U9947,2024-02-05,1,mobile,organic,homepage,True
S1_01298,U4017,2024-02-08,1,mobile,organic,product,False
S1_01299,U8647,2024-02-10,1,desktop,direct,product,False
S1_01300,U7457,2024-02-06,1,mobile,social,pricing,False
S1_01301,U2225,2024-02-06,1,mobile,organic,homepage,False
S1_01302,U8390,2024-02-07,1,mobile,paid_search,homepage,False
S1_01303,U6831,2024-02-09,1,desktop,social,pricing,False
S1_01304,U2569,2024-02-08,1,mobile,social,homepage,False
S1_01305,U1245,2024-02-05,1,mobile,paid_search,product,False
S1_01306,U2576,2024-02-07,1,desktop,organic,homepage,False
S1_01307,U3331,2024-02-11,1,desktop,organic,homepage,False
S1_01308,U754,2024-02-08,1,desktop,social,product,False
S1_01309,U423,2024-02-11,1,desktop,social,product,False
S1_01310,U5967,2024-02-05,1,desktop,organic,homepage,False
S1_01311,U9044,2024-02-11,1,mobile,organic,product,False
S1_01312,U8589,2024-02-09,1,desktop,direct,product,False
S1_01313,U5450,2024-02-06,1,mobile,direct,homepage,False
S1_01314,U1829,2024-02-07,1,mobile,paid_search,homepage,False
S1_01315,U28,2024-02-10,1,desktop,paid_search,product,False
S1_01316,U9445,2024-02-09,1,desktop,organic,product,False
S1_01317,U1066,2024-02-05,1,mobile,organic,pricing,False
S1_01318,U934,2024-02-09,1,mobile,social,pricing,False
S1_01319,U3763,2024-02-06,1,mobile,social,pricing,False
S1_01320,U1782,2024-02-09,1,desktop,organic,pricing,True
S1_01321,U3915,2024-02-07,1,desktop,social,pricing,False
S1_01322,U2906,2024-02-10,1,mobile,social,pricing,False
S1_01323,U2303,2024-02-05,1,mobile,organic,product,False
S1_01324,U6821,2024-02-09,1,desktop,organic,pricing,False
S1_01325,U9201,2024-02-10,1,desktop,organic,product,False
S1_01326,U1201,2024-02-05,1,mobile,organic,pricing,False
S1_01327,U4184,2024-02-06,1,mobile,direct,product,False
S1_01328,U2671,2024-02-09,1,tablet,direct,homepage,False
S1_01329,U4903,2024-02-11,1,mobile,direct,homepage,False
S1_01330,U926,2024-02-11,1,desktop,social,homepage,True
S1_01331,U1574,2024-02-08,1,desktop,social,pricing,False
S1_01332,U3889,2024-02-08,1,mobile,paid_search,homepage,False
S1_01333,U8771,2024-02-07,1,mobile,organic,product,False
S1_01334,U8652,2024-02-07,1,mobile,direct,homepage,False
S1_01335,U3821,2024-02-08,1,mobile,paid_search,product,False
S1_01336,U973,2024-02-09,1,mobile,paid_search,pricing,False
S1_01337,U7380,2024-02-11,1,mobile,social,pricing,False
S1_01338,U3892,2024-02-06,1,mobile,social,product,False
S1_01339,U5211,2024-02-09,1,mobile,organic,homepage,False
S1_01340,U5952,2024-02-06,1,desktop,social,pricing,True
S1_01341,U5900,2024-02-10,1,mobile,paid_search,pricing,False
S1_01342,U3512,2024-02-05,1,mobile,organic,homepage,False
S1_01343,U2093,2024-02-08,1,mobile,direct,homepage,False
S1_01344,U4187,2024-02-06,1,desktop,organic,pricing,False
S1_01345,U556,2024-02-06,1,desktop,organic,product,False
S1_01346,U9601,2024-02-09,1,desktop,organic,homepage,True
S1_01347,U9955,2024-02-11,1,mobile,organic,pricing,False
S1_01348,U9218,2024-02-05,1,desktop,direct,homepage,False
S1_01349,U8029,2024-02-05,1,desktop,paid_search,pricing,False
S1_01350,U7152,2024-02-06,1,desktop,organic,pricing,False
S1_01351,U5523,2024-02-09,1,mobile,paid_search,pricing,False
S1_01352,U1609,2024-02-09,1,mobile,paid_search,product,False
S1_01353,U2810,2024-02-09,1,desktop,organic,product,False
S1_01354,U911,2024-02-06,1,desktop,paid_search,homepage,False
S1_01355,U5979,2024-02-07,1,mobile,organic,product,False
S1_01356,U5307,2024-02-11,1,desktop,paid_search,pricing,False
S1_01357,U243,2024-02-10,1,mobile,organic,product,False
S1_01358,U9539,2024-02-10,1,mobile,paid_search,homepage,False
S1_01359,U5092,2024-02-06,1,desktop,direct,product,False
S1_01360,U1439,2024-02-07,1,mobile,organic,homepage,True
S1_01361,U9644,2024-02-10,1,mobile,organic,product,False
S1_01362,U1853,2024-02-09,1,mobile,paid_search,homepage,False
S1_01363,U9689,2024-02-06,1,desktop,paid_search,pricing,False
S1_01364,U3528,2024-02-09,1,desktop,organic,homepage,True
S1_01365,U6146,2024-02-07,1,desktop,organic,homepage,False
S1_01366,U9265,2024-02-06,1,desktop,paid_search,product,False
S1_01367,U416,2024-02-11,1,mobile,social,product,False
S1_01368,U4258,2024-02-10,1,mobile,paid_search,pricing,False
S1_01369,U1966,2024-02-06,1,mobile,organic,homepage,False
S1_01370,U9468,2024-02-07,1,desktop,organic,product,False
S1_01371,U3020,2024-02-05,1,mobile,paid_search,pricing,False
S1_01372,U2697,2024-02-05,1,mobile,organic,product,False
S1_01373,U2311,2024-02-07,1,mobile,paid_search,homepage,False
S1_01374,U196,2024-02-05,1,mobile,direct,pricing,False
S1_01375,U2791,2024-02-08,1,mobile,paid_search,product,False
S1_01376,U3047,2024-02-06,1,mobile,social,pricing,False
S1_01377,U9734,2024-02-09,1,mobile,organic,product,False
S1_01378,U6605,2024-02-05,1,mobile,organic,homepage,False
S1_01379,U8734,2024-02-09,1,mobile,direct,homepage,False
S1_01380,U2910,2024-02-10,1,desktop,direct,product,False
S1_01381,U2403,2024-02-08,1,desktop,social,product,False
S1_01382,U3206,2024-02-07,1,mobile,organic,pricing,False
S1_01383,U8782,2024-02-09,1,mobile,paid_search,product,False
S1_01384,U8089,2024-02-07,1,mobile,paid_search,pricing,False
S1_01385,U1907,2024-02-08,1,mobile,paid_search,product,False
S1_01386,U4188,2024-02-07,1,desktop,organic,product,False
S1_01387,U9709,2024-02-07,1,mobile,social,pricing,False
S1_01388,U8821,2024-02-05,1,desktop,organic,homepage,False
S1_01389,U4374,2024-02-05,1,mobile,organic,product,False
S1_01390,U7825,2024-02-09,1,desktop,direct,pricing,False
S1_01391,U4926,2024-02-09,1,mobile,paid_search,pricing,False
S1_01392,U2771,2024-02-05,1,mobile,organic,homepage,False
S1_01393,U2500,2024-02-08,1,mobile,paid_search,pricing,False
S1_01394,U937,2024-02-09,1,mobile,direct,product,True
S1_01395,U5789,2024-02-10,1,desktop,social,product,False
S1_01396,U1467,2024-02-07,1,mobile,social,homepage,True
S1_01397,U4290,2024-02-10,1,mobile,direct,product,False
S1_01398,U2669,2024-02-06,1,mobile,organic,homepage,False
S1_01399,U9586,2024-02-06,1,desktop,organic,homepage,False
S1_01400,U1586,2024-02-10,1,mobile,organic,product,False
S1_01401,U2972,2024-02-05,1,desktop,organic,pricing,False
S1_01402,U9461,2024-02-06,1,desktop,organic,pricing,False
S1_01403,U8961,2024-02-10,1,desktop,direct,product,False
S1_01404,U3732,2024-02-06,1,desktop,social,homepage,False
S1_01405,U1748,2024-02-06,1,desktop,social,pricing,False
S1_01406,U649,2024-02-06,1,mobile,paid_search,pricing,False
S1_01407,U4933,2024-02-10,1,mobile,paid_search,product,False
S1_01408,U2633,2024-02-07,1,mobile,social,pricing,False
S1_01409,U4355,2024-02-08,1,desktop,organic,homepage,False
S1_01410,U6433,2024-02-06,1,mobile,direct,homepage,True
S1_01411,U7314,2024-02-07,1,desktop,organic,homepage,True
S1_01412,U3176,2024-02-06,1,desktop,paid_search,pricing,False
S1_01413,U5660,2024-02-07,1,mobile,paid_search,product,False
S1_01414,U9420,2024-02-08,1,desktop,organic,pricing,True
S1_01415,U5787,2024-02-09,1,mobile,paid_search,homepage,False
S1_01416,U3245,2024-02-06,1,desktop,paid_search,product,False
S1_01417,U9891,2024-02-10,1,desktop,paid_search,homepage,False
S1_01418,U3686,2024-02-08,1,desktop,social,pricing,False
S1_01419,U105,2024-02-11,1,mobile,paid_search,product,False
S1_01420,U8923,2024-02-08,1,mobile,paid_search,pricing,False
S1_01421,U8226,2024-02-09,1,mobile,paid_search,homepage,False
S1_01422,U6348,2024-02-08,1,tablet,organic,pricing,False
S1_01423,U3203,2024-02-11,1,desktop,organic,pricing,False
S1_01424,U2279,2024-02-10,1,mobile,organic,homepage,False
S1_01425,U5605,2024-02-09,1,desktop,direct,homepage,False
S1_01426,U1157,2024-02-11,1,mobile,paid_search,product,False
S1_01427,U8486,2024-02-09,1,mobile,paid_search,homepage,False
S1_01428,U4052,2024-02-10,1,desktop,paid_search,product,True
S1_01429,U5388,2024-02-05,1,mobile,social,product,False
S1_01430,U6836,2024-02-08,1,desktop,direct,product,False
S1_01431,U154,2024-02-05,1,desktop,social,product,False
S1_01432,U8688,2024-02-11,1,desktop,social,homepage,False
S1_01433,U5824,2024-02-05,1,desktop,social,homepage,False
S1_01434,U6127,2024-02-08,1,mobile,direct,pricing,False
S1_01435,U4681,2024-02-10,1,desktop,organic,homepage,False
S1_01436,U6643,2024-02-10,1,desktop,paid_search,homepage,False
S1_01437,U6369,2024-02-08,1,desktop,organic,product,False
S1_01438,U4177,2024-02-07,1,mobile,organic,product,False
S1_01439,U4468,2024-02-08,1,mobile,direct,pricing,False
S1_01440,U5146,2024-02-05,1,mobile,social,product,False
S1_01441,U2313,2024-02-11,1,desktop,social,homepage,False
S1_01442,U1126,2024-02-10,1,mobile,organic,product,False
S1_01443,U5425,2024-02-07,1,mobile,paid_search,homepage,False
S1_01444,U6776,2024-02-11,1,mobile,paid_search,product,False
S1_01445,U5114,2024-02-05,1,desktop,organic,product,True
S1_01446,U1916,2024-02-07,1,mobile,social,pricing,False
S1_01447,U1010,2024-02-09,1,desktop,paid_search,product,False
S1_01448,U4094,2024-02-10,1,desktop,organic,homepage,False
S1_01449,U3421,2024-02-05,1,mobile,paid_search,product,False
S1_01450,U371,2024-02-05,1,mobile,paid_search,product,False
S1_01451,U8832,2024-02-10,1,mobile,paid_search,pricing,False
S1_01452,U687,2024-02-05,1,desktop,social,homepage,False
S1_01453,U869,2024-02-06,1,mobile,organic,product,False
S1_01454,U3483,2024-02-08,1,desktop,organic,pricing,False
S1_01455,U4850,2024-02-07,1,desktop,organic,product,False
S1_01456,U4151,2024-02-06,1,desktop,social,product,True
S1_01457,U5414,2024-02-09,1,mobile,paid_search,homepage,False
S1_01458,U8754,2024-02-07,1,mobile,paid_search,product,False
S1_01459,U8701,2024-02-07,1,tablet,organic,pricing,False
S1_01460,U8535,2024-02-08,1,mobile,organic,pricing,False
S1_01461,U816,2024-02-09,1,mobile,paid_search,homepage,False
S1_01462,U8319,2024-02-08,1,mobile,organic,homepage,False
S1_01463,U5544,2024-02-11,1,desktop,organic,homepage,True
S1_01464,U526,2024-02-10,1,desktop,organic,product,False
S1_01465,U5369,2024-02-08,1,mobile,organic,homepage,True
S1_01466,U9543,2024-02-11,1,tablet,social,homepage,False
S1_01467,U1796,2024-02-11,1,mobile,organic,pricing,False
S1_01468,U4613,2024-02-11,1,mobile,social,pricing,False
S1_01469,U8111,2024-02-06,1,mobile,paid_search,product,False
S1_01470,U2662,2024-02-09,1,mobile,organic,pricing,False
S1_01471,U9584,2024-02-11,1,mobile,paid_search,pricing,False
S1_01472,U4008,2024-02-11,1,mobile,organic,homepage,False
S1_01473,U9787,2024-02-09,1,mobile,organic,pricing,True
S1_01474,U5224,2024-02-11,1,mobile,paid_search,homepage,False
S1_01475,U3748,2024-02-07,1,mobile,organic,pricing,False
S1_01476,U3241,2024-02-07,1,mobile,direct,homepage,False
S1_01477,U8537,2024-02-09,1,mobile,organic,homepage,False
S1_01478,U6716,2024-02-07,1,mobile,organic,pricing,False
S1_01479,U5723,2024-02-09,1,desktop,paid_search,homepage,True
S1_01480,U7761,2024-02-07,1,mobile,paid_search,pricing,False
S1_01481,U6650,2024-02-10,1,mobile,paid_search,product,False
S1_01482,U6305,2024-02-10,1,desktop,social,pricing,False
S1_01483,U2884,2024-02-09,1,desktop,social,pricing,False
S1_01484,U797,2024-02-06,1,desktop,organic,homepage,False
S1_01485,U1672,2024-02-06,1,mobile,paid_search,product,False
S1_01486,U5409,2024-02-06,1,mobile,organic,homepage,False
S1_01487,U8279,2024-02-07,1,desktop,social,product,False
S1_01488,U7785,2024-02-10,1,mobile,social,product,True
S1_01489,U1718,2024-02-09,1,mobile,direct,pricing,False
S1_01490,U2119,2024-02-09,1,desktop,paid_search,product,False
S1_01491,U4908,2024-02-08,1,mobile,paid_search,pricing,False
S1_01492,U2380,2024-02-10,1,desktop,organic,pricing,False
S1_01493,U654,2024-02-08,1,mobile,social,pricing,False
S1_01494,U1902,2024-02-06,1,desktop,organic,product,False
S1_01495,U673,2024-02-05,1,mobile,social,product,False
S1_01496,U839,2024-02-08,1,desktop,organic,homepage,True
S1_01497,U5872,2024-02-07,1,desktop,direct,product,False
S1_01498,U5608,2024-02-05,1,desktop,paid_search,pricing,False
S1_01499,U7577,2024-02-08,1,desktop,organic,product,False
S1_01500,U131,2024-02-08,1,mobile,social,homepage,False
S1_01501,U8143,2024-02-05,1,tablet,social,product,False
S1_01502,U7156,2024-02-11,1,mobile,organic,homepage,False
S1_01503,U5842,2024-02-06,1,desktop,paid_search,product,False
S1_01504,U6929,2024-02-09,1,mobile,organic,homepage,False
S1_01505,U6466,2024-02-07,1,mobile,organic,homepage,False
S1_01506,U3333,2024-02-07,1,mobile,paid_search,homepage,False
S1_01507,U2194,2024-02-11,1,mobile,social,homepage,False
S1_01508,U2907,2024-02-06,1,mobile,organic,pricing,False
S1_01509,U5418,2024-02-10,1,desktop,paid_search,pricing,False
S1_01510,U7836,2024-02-05,1,desktop,paid_search,homepage,False
S1_01511,U7107,2024-02-10,1,desktop,paid_search,pricing,False
S1_01512,U4102,2024-02-10,1,desktop,paid_search,homepage,True
S1_01513,U4929,2024-02-10,1,mobile,direct,pricing,True
S1_01514,U2980,2024-02-07,1,mobile,organic,pricing,False
S1_01515,U1927,2024-02-06,1,mobile,organic,product,False
S1_01516,U4682,2024-02-11,1,mobile,paid_search,pricing,False
S1_01517,U2885,2024-02-09,1,desktop,paid_search,pricing,False
S1_01518,U1226,2024-02-07,1,desktop,social,pricing,False
S1_01519,U9594,2024-02-09,1,mobile,social,pricing,True
S1_01520,U3136,2024-02-09,1,mobile,direct,product,False
S1_01521,U7605,2024-02-05,1,mobile,paid_search,pricing,False
S1_01522,U8104,2024-02-07,1,desktop,social,product,False
S1_01523,U7410,2024-02-09,1,desktop,organic,product,False
S1_01524,U7504,2024-02-11,1,mobile,organic,product,False
S1_01525,U4226,2024-02-09,1,desktop,paid_search,homepage,False
S1_01526,U6936,2024-02-06,1,mobile,direct,product,False
S1_01527,U5648,2024-02-05,1,mobile,organic,homepage,False
S1_01528,U321,2024-02-05,1,desktop,paid_search,homepage,False
S1_01529,U8312,2024-02-09,1,desktop,social,product,False
S1_01530,U9995,2024-02-07,1,mobile,paid_search,pricing,False
S1_01531,U2956,2024-02-07,1,mobile,organic,homepage,False
S1_01532,U7175,2024-02-07,1,mobile,organic,product,False
S1_01533,U446,2024-02-11,1,mobile,organic,product,False
S1_01534,U7154,2024-02-10,1,tablet,organic,product,False
S1_01535,U4524,2024-02-08,1,mobile,paid_search,homepage,False
S1_01536,U6330,2024-02-07,1,desktop,paid_search,homepage,False
S1_01537,U4837,2024-02-10,1,desktop,paid_search,product,False
S1_01538,U9355,2024-02-09,1,desktop,organic,product,False
S1_01539,U7844,2024-02-10,1,mobile,social,pricing,False
S1_01540,U334,2024-02-07,1,mobile,paid_search,product,False
S1_01541,U3908,2024-02-05,1,desktop,organic,product,False
S1_01542,U9550,2024-02-11,1,mobile,organic,product,False
S1_01543,U2994,2024-02-06,1,desktop,social,pricing,False
S1_01544,U2315,2024-02-10,1,desktop,direct,pricing,False
S1_01545,U5264,2024-02-05,1,mobile,organic,product,True
S1_01546,U9525,2024-02-11,1,mobile,paid_search,homepage,False
S1_01547,U4937,2024-02-05,1,mobile,paid_search,homepage,False
S1_01548,U210,2024-02-10,1,desktop,paid_search,product,True
S1_01549,U26,2024-02-06,1,mobile,paid_search,product,False
S1_01550,U1099,2024-02-11,1,desktop,paid_search,pricing,False
S1_01551,U9734,2024-02-10,1,mobile,paid_search,homepage,False
S1_01552,U5591,2024-02-09,1,mobile,organic,homepage,False
S1_01553,U6090,2024-02-05,1,mobile,organic,product,True
S1_01554,U8838,2024-02-05,1,mobile,organic,product,False
S1_01555,U980,2024-02-08,1,mobile,organic,pricing,False
S1_01556,U2035,2024-02-05,1,mobile,direct,product,False
S1_01557,U1860,2024-02-06,1,mobile,social,homepage,False
S1_01558,U3753,2024-02-07,1,mobile,organic,homepage,False
S1_01559,U8214,2024-02-10,1,desktop,organic,pricing,False
S1_01560,U99,2024-02-09,1,mobile,organic,homepage,True
S1_01561,U6912,2024-02-08,1,desktop,paid_search,product,True
S1_01562,U2816,2024-02-08,1,desktop,social,product,False
S1_01563,U706,2024-02-09,1,desktop,paid_search,product,False
S1_01564,U4708,2024-02-09,1,desktop,paid_search,pricing,True
S1_01565,U596,2024-02-06,1,mobile,organic,pricing,True
S1_01566,U1184,2024-02-11,1,mobile,social,homepage,False
S1_01567,U2888,2024-02-08,1,mobile,paid_search,pricing,False
S1_01568,U9937,2024-02-11,1,mobile,social,pricing,False
S1_01569,U2543,2024-02-05,1,desktop,social,homepage,False
S1_01570,U7640,2024-02-09,1,mobile,paid_search,product,True
S1_01571,U8320,2024-02-10,1,mobile,paid_search,pricing,False
S1_01572,U4372,2024-02-11,1,mobile,social,product,False
S1_01573,U8719,2024-02-09,1,desktop,organic,homepage,False
S1_01574,U2410,2024-02-11,1,tablet,organic,product,False
S1_01575,U7820,2024-02-06,1,desktop,organic,product,False
S1_01576,U9820,2024-02-10,1,mobile,organic,product,False
S1_01577,U8320,2024-02-05,1,mobile,organic,pricing,False
S1_01578,U1585,2024-02-07,1,desktop,organic,product,False
S1_01579,U4168,2024-02-09,1,mobile,organic,homepage,False
S1_01580,U5096,2024-02-09,1,mobile,organic,product,False
S1_01581,U3092,2024-02-05,1,desktop,organic,homepage,False
S1_01582,U6306,2024-02-11,1,tablet,paid_search,homepage,False
S1_01583,U766,2024-02-09,1,desktop,organic,homepage,False
S1_01584,U3504,2024-02-11,1,desktop,social,pricing,False
S1_01585,U4285,2024-02-06,1,mobile,organic,pricing,False
S1_01586,U29,2024-02-10,1,desktop,paid_search,pricing,False
S1_01587,U6023,2024-02-07,1,mobile,organic,product,False
S1_01588,U2800,2024-02-09,1,desktop,social,pricing,True
S1_01589,U370,2024-02-07,1,mobile,paid_search,homepage,False
S1_01590,U9702,2024-02-07,1,mobile,social,product,False
S1_01591,U9622,2024-02-09,1,mobile,organic,product,False
S1_01592,U6917,2024-02-11,1,mobile,paid_search,pricing,False
S1_01593,U9595,2024-02-05,1,mobile,paid_search,homepage,False
S1_01594,U628,2024-02-10,1,mobile,social,homepage,False
S1_01595,U9653,2024-02-10,1,mobile,organic,product,False
S1_01596,U3376,2024-02-05,1,mobile,direct,homepage,False
S1_01597,U6725,2024-02-08,1,desktop,organic,homepage,False
S1_01598,U6519,2024-02-08,1,mobile,paid_search,product,False
S1_01599,U9620,2024-02-11,1,mobile,social,pricing,False
S1_01600,U2071,2024-02-05,1,mobile,organic,pricing,False
S1_01601,U8722,2024-02-06,1,desktop,paid_search,product,False
S1_01602,U2898,2024-02-07,1,desktop,organic,pricing,False
S1_01603,U9179,2024-02-11,1,desktop,paid_search,product,False
S1_01604,U8945,2024-02-08,1,desktop,social,pricing,False
S1_01605,U4042,2024-02-11,1,mobile,paid_search,product,False
S1_01606,U9815,2024-02-10,1,desktop,social,pricing,True
S1_01607,U1208,2024-02-05,1,mobile,social,product,True
S1_01608,U6679,2024-02-08,1,mobile,organic,pricing,False
S1_01609,U8037,2024-02-11,1,mobile,social,product,False
S1_01610,U8703,2024-02-07,1,desktop,social,product,False
S1_01611,U8358,2024-02-08,1,mobile,organic,pricing,False
S1_01612,U5666,2024-02-07,1,mobile,paid_search,pricing,True
S1_01613,U7149,2024-02-05,1,mobile,social,product,False
S1_01614,U4861,2024-02-11,1,desktop,organic,homepage,False
S1_01615,U5490,2024-02-09,1,desktop,organic,homepage,False
S1_01616,U2403,2024-02-11,1,mobile,organic,homepage,True
S1_01617,U2979,2024-02-05,1,desktop,paid_search,product,True
S1_01618,U6215,2024-02-06,1,desktop,paid_search,pricing,False
S1_01619,U2111,2024-02-08,1,mobile,organic,pricing,True
S1_01620,U7498,2024-02-07,1,mobile,organic,pricing,True
S1_01621,U644,2024-02-05,1,mobile,social,homepage,False
S1_01622,U8143,2024-02-07,1,mobile,social,homepage,False
S1_01623,U8895,2024-02-08,1,mobile,paid_search,pricing,False
S1_01624,U6947,2024-02-05,1,desktop,organic,pricing,False
S1_01625,U593,2024-02-09,1,mobile,organic,pricing,False
S1_01626,U8522,2024-02-06,1,mobile,organic,pricing,True
S1_01627,U8061,2024-02-09,1,mobile,paid_search,product,False
S1_01628,U9078,2024-02-09,1,mobile,paid_search,pricing,False
S1_01629,U4469,2024-02-10,1,desktop,direct,homepage,False
S1_01630,U5653,2024-02-07,1,desktop,organic,homepage,False
S1_01631,U8411,2024-02-05,1,mobile,organic,product,False
S1_01632,U7357,2024-02-09,1,desktop,paid_search,homepage,False
S1_01633,U8136,2024-02-11,1,desktop,paid_search,product,False
S1_01634,U1255,2024-02-08,1,mobile,social,product,False
S1_01635,U4350,2024-02-10,1,mobile,social,pricing,False
S1_01636,U5991,2024-02-11,1,desktop,organic,homepage,False
S1_01637,U2204,2024-02-11,1,desktop,organic,product,False
S1_01638,U8176,2024-02-08,1,mobile,paid_search,product,False
S1_01639,U6925,2024-02-08,1,desktop,organic,pricing,False
S1_01640,U3965,2024-02-08,1,desktop,social,pricing,False
S1_01641,U2114,2024-02-09,1,mobile,direct,homepage,False
S1_01642,U290,2024-02-05,1,mobile,direct,product,False
S1_01643,U8339,2024-02-06,1,mobile,paid_search,product,False
S1_01644,U7698,2024-02-05,1,desktop,organic,pricing,False
S1_01645,U5652,2024-02-06,1,desktop,social,pricing,False
S1_01646,U6178,2024-02-11,1,mobile,organic,homepage,False
S1_01647,U1388,2024-02-06,1,desktop,organic,homepage,False
S1_01648,U4129,2024-02-06,1,desktop,organic,homepage,False
S1_01649,U2151,2024-02-07,1,mobile,social,pricing,True
S1_01650,U4811,2024-02-08,1,mobile,social,pricing,False
S1_01651,U236,2024-02-05,1,mobile,organic,product,False
S1_01652,U6548,2024-02-11,1,mobile,organic,pricing,False
S1_01653,U120,2024-02-08,1,mobile,paid_search,product,False
S1_01654,U2573,2024-02-06,1,desktop,social,homepage,False
S1_01655,U2447,2024-02-10,1,mobile,paid_search,pricing,False
S1_01656,U9286,2024-02-11,1,mobile,organic,pricing,False
S1_01657,U2796,2024-02-10,1,desktop,social,pricing,False
S1_01658,U9332,2024-02-05,1,desktop,organic,product,True
S1_01659,U9202,2024-02-09,1,mobile,organic,product,False
S1_01660,U6637,2024-02-10,1,mobile,direct,pricing,False
S1_01661,U6137,2024-02-08,1,mobile,direct,pricing,False
S1_01662,U481,2024-02-06,1,mobile,social,homepage,False
S1_01663,U7201,2024-02-08,1,desktop,organic,product,False
S1_01664,U1150,2024-02-09,1,desktop,social,pricing,False
S1_01665,U8912,2024-02-08,1,mobile,social,product,False
S1_01666,U2691,2024-02-09,1,tablet,social,homepage,False
S1_01667,U5302,2024-02-09,1,mobile,direct,pricing,True
S1_01668,U2022,2024-02-08,1,mobile,paid_search,homepage,False
S1_01669,U6185,2024-02-09,1,mobile,paid_search,homepage,False
S1_01670,U9619,2024-02-06,1,mobile,paid_search,homepage,False
S1_01671,U3938,2024-02-05,1,desktop,social,pricing,False
S1_01672,U1335,2024-02-08,1,desktop,social,pricing,False
S1_01673,U1529,2024-02-06,1,mobile,organic,product,False
S1_01674,U1062,2024-02-11,1,desktop,social,pricing,False
S1_01675,U6166,2024-02-11,1,desktop,paid_search,homepage,False
S1_01676,U7441,2024-02-08,1,mobile,social,product,False
S1_01677,U1103,2024-02-09,1,mobile,organic,pricing,False
S1_01678,U3588,2024-02-09,1,desktop,organic,pricing,False
S1_01679,U3825,2024-02-08,1,mobile,organic,homepage,False
S1_01680,U8270,2024-02-05,1,mobile,paid_search,product,False
S1_01681,U8963,2024-02-11,1,desktop,paid_search,homepage,False
S1_01682,U9637,2024-02-09,1,mobile,social,pricing,False
S1_01683,U7412,2024-02-05,1,mobile,direct,homepage,False
S1_01684,U1032,2024-02-06,1,mobile,paid_search,homepage,True
S1_01685,U6692,2024-02-08,1,mobile,organic,product,False
S1_01686,U4532,2024-02-10,1,desktop,paid_search,product,False
S1_01687,U4540,2024-02-09,1,desktop,paid_search,pricing,False
S1_01688,U1255,2024-02-10,1,mobile,organic,product,False
S1_01689,U9215,2024-02-09,1,mobile,organic,homepage,False
S1_01690,U5920,2024-02-11,1,mobile,paid_search,product,False
S1_01691,U2018,2024-02-08,1,mobile,social,pricing,False
S1_01692,U4384,2024-02-11,1,desktop,social,pricing,False
S1_01693,U6349,2024-02-07,1,mobile,organic,product,False
S1_01694,U2009,2024-02-11,1,desktop,paid_search,pricing,False
S1_01695,U2088,2024-02-08,1,desktop,social,pricing,False
S1_01696,U5529,2024-02-10,1,desktop,paid_search,pricing,False
S1_01697,U3225,2024-02-07,1,tablet,organic,pricing,False
S1_01698,U2132,2024-02-10,1,mobile,paid_search,pricing,False
S1_01699,U8003,2024-02-08,1,mobile,direct,pricing,False
S1_01700,U6197,2024-02-05,1,mobile,organic,homepage,False
S1_01701,U996,2024-02-10,1,mobile,paid_search,homepage,False
S1_01702,U8439,2024-02-05,1,tablet,social,homepage,False
S1_01703,U1385,2024-02-07,1,mobile,social,pricing,True
S1_01704,U1289,2024-02-11,1,mobile,organic,homepage,False
S1_01705,U4830,2024-02-07,1,desktop,social,product,True
S1_01706,U1400,2024-02-10,1,mobile,social,product,False
S1_01707,U6434,2024-02-06,1,tablet,paid_search,pricing,False
S1_01708,U3512,2024-02-07,1,mobile,social,product,False
S1_01709,U2529,2024-02-11,1,desktop,paid_search,pricing,False
S1_01710,U9737,2024-02-11,1,mobile,social,product,True
S1_01711,U3546,2024-02-09,1,desktop,social,pricing,False
S1_01712,U92,2024-02-09,1,mobile,direct,homepage,False
S1_01713,U2504,2024-02-06,1,mobile,paid_search,pricing,False
S1_01714,U549,2024-02-06,1,mobile,paid_search,product,False
S1_01715,U4104,2024-02-06,1,mobile,organic,homepage,False
S1_01716,U3169,2024-02-07,1,mobile,organic,product,True
S1_01717,U1030,2024-02-09,1,mobile,social,product,False
S1_01718,U2956,2024-02-08,1,mobile,social,pricing,False
S1_01719,U8378,2024-02-08,1,desktop,organic,product,False
S1_01720,U9784,2024-02-10,1,desktop,organic,product,False
S1_01721,U4040,2024-02-10,1,desktop,paid_search,homepage,False
S1_01722,U3041,2024-02-06,1,mobile,social,homepage,False
S1_01723,U4594,2024-02-10,1,mobile,paid_search,pricing,False
S1_01724,U3228,2024-02-09,1,mobile,paid_search,product,False
S1_01725,U3789,2024-02-10,1,mobile,paid_search,homepage,False
S1_01726,U7916,2024-02-09,1,mobile,organic,homepage,False
S1_01727,U4342,2024-02-11,1,desktop,paid_search,product,True
S1_01728,U632,2024-02-08,1,desktop,direct,product,False
S1_01729,U5730,2024-02-09,1,desktop,paid_search,pricing,False
S1_01730,U3402,2024-02-06,1,desktop,social,pricing,True
S1_01731,U2199,2024-02-06,1,mobile,social,product,False
S1_01732,U1740,2024-02-09,1,mobile,paid_search,pricing,False
S1_01733,U3428,2024-02-07,1,desktop,paid_search,pricing,False
S1_01734,U847,2024-02-06,1,desktop,paid_search,pricing,False
S1_01735,U15,2024-02-05,1,tablet,organic,homepage,False
S1_01736,U1099,2024-02-09,1,mobile,direct,homepage,False
S1_01737,U3609,2024-02-08,1,mobile,organic,product,False
S1_01738,U7976,2024-02-08,1,desktop,organic,homepage,True
S1_01739,U3667,2024-02-05,1,desktop,direct,pricing,False
S1_01740,U4389,2024-02-09,1,mobile,paid_search,homepage,False
S1_01741,U3020,2024-02-05,1,desktop,social,pricing,False
S1_01742,U923,2024-02-05,1,desktop,direct,product,False
S1_01743,U4313,2024-02-05,1,mobile,organic,pricing,False
S1_01744,U9482,2024-02-07,1,mobile,social,pricing,False
S1_01745,U7137,2024-02-10,1,mobile,organic,product,False
S1_01746,U9410,2024-02-06,1,desktop,paid_search,homepage,False
S1_01747,U3800,2024-02-06,1,desktop,paid_search,pricing,True
S1_01748,U612,2024-02-11,1,desktop,organic,product,False
S1_01749,U8862,2024-02-07,1,desktop,social,pricing,False
S1_01750,U4306,2024-02-08,1,mobile,paid_search,pricing,False
S1_01751,U1213,2024-02-09,1,desktop,paid_search,homepage,False
S1_01752,U4899,2024-02-05,1,mobile,paid_search,product,False
S1_01753,U2137,2024-02-07,1,mobile,paid_search,product,False
S1_01754,U1337,2024-02-11,1,mobile,direct,homepage,False
S1_01755,U4255,2024-02-07,1,desktop,direct,product,False
S1_01756,U8497,2024-02-07,1,desktop,organic,pricing,False
S1_01757,U2420,2024-02-07,1,mobile,paid_search,product,False
S1_01758,U9029,2024-02-08,1,mobile,paid_search,product,False
S1_01759,U2140,2024-02-10,1,desktop,paid_search,product,False
S1_01760,U29,2024-02-09,1,mobile,organic,pricing,False
S1_01761,U3331,2024-02-06,1,mobile,organic,pricing,False
S1_01762,U1434,2024-02-09,1,mobile,organic,homepage,False
S1_01763,U7343,2024-02-07,1,desktop,paid_search,product,False
S1_01764,U7555,2024-02-08,1,desktop,organic,pricing,False
S1_01765,U3328,2024-02-10,1,desktop,organic,homepage,True
S1_01766,U2385,2024-02-06,1,desktop,paid_search,pricing,False
S1_01767,U6392,2024-02-06,1,mobile,social,pricing,False
S1_01768,U9430,2024-02-08,1,mobile,paid_search,product,False
S1_01769,U4732,2024-02-11,1,desktop,paid_search,pricing,False
S1_01770,U5386,2024-02-06,1,tablet,organic,pricing,False
S1_01771,U671,2024-02-08,1,desktop,organic,pricing,False
S1_01772,U8777,2024-02-07,1,desktop,paid_search,pricing,False
S1_01773,U8589,2024-02-09,1,mobile,direct,product,False
S1_01774,U2283,2024-02-05,1,tablet,social,pricing,False
S1_01775,U444,2024-02-06,1,mobile,organic,homepage,False
S1_01776,U7421,2024-02-07,1,mobile,social,pricing,False
S1_01777,U2798,2024-02-09,1,desktop,social,product,False
S1_01778,U6954,2024-02-11,1,desktop,organic,product,True
S1_01779,U155,2024-02-09,1,mobile,organic,homepage,False
S1_01780,U5282,2024-02-08,1,mobile,paid_search,pricing,False
S1_01781,U4627,2024-02-08,1,tablet,organic,pricing,False
S1_01782,U2538,2024-02-08,1,mobile,paid_search,product,False
S1_01783,U8032,2024-02-08,1,desktop,paid_search,product,False
S1_01784,U3944,2024-02-05,1,mobile,direct,homepage,False
S1_01785,U8191,2024-02-11,1,mobile,paid_search,homepage,False
S1_01786,U7144,2024-02-06,1,mobile,social,pricing,False
S1_01787,U8715,2024-02-06,1,desktop,paid_search,pricing,False
S1_01788,U3852,2024-02-10,1,mobile,organic,homepage,False
S1_01789,U6276,2024-02-08,1,mobile,organic,product,True
S1_01790,U9098,2024-02-07,1,mobile,paid_search,homepage,True
S1_01791,U4059,2024-02-11,1,tablet,organic,pricing,False
S1_01792,U5771,2024-02-05,1,desktop,direct,pricing,False
S1_01793,U8962,2024-02-05,1,mobile,organic,product,False
S1_01794,U1845,2024-02-10,1,desktop,organic,pricing,False
S1_01795,U900,2024-02-09,1,mobile,organic,pricing,True
S1_01796,U9577,2024-02-05,1,mobile,paid_search,product,False
S1_01797,U181,2024-02-11,1,desktop,paid_search,pricing,True
S1_01798,U3258,2024-02-06,1,mobile,social,homepage,False
S1_01799,U5031,2024-02-09,1,desktop,social,pricing,False
S1_01800,U6780,2024-02-10,1,desktop,social,product,False
S1_01801,U953,2024-02-10,1,mobile,organic,pricing,False
S1_01802,U3763,2024-02-09,1,desktop,organic,homepage,False
S1_01803,U8899,2024-02-09,1,desktop,organic,pricing,False
S1_01804,U6827,2024-02-05,1,desktop,organic,product,True
S1_01805,U7470,2024-02-05,1,mobile,social,product,False
S1_01806,U1321,2024-02-07,1,mobile,organic,product,False
S1_01807,U5181,2024-02-09,1,desktop,paid_search,homepage,False
S1_01808,U6031,2024-02-09,1,mobile,social,homepage,False
S1_01809,U2528,2024-02-10,1,desktop,paid_search,pricing,False
S1_01810,U3056,2024-02-10,1,mobile,social,product,False
S1_01811,U2334,2024-02-11,1,tablet,organic,pricing,False
S1_01812,U4016,2024-02-09,1,mobile,social,homepage,False
S1_01813,U635,2024-02-07,1,desktop,organic,homepage,False
S1_01814,U445,2024-02-10,1,desktop,paid_search,pricing,False
S1_01815,U9918,2024-02-07,1,desktop,paid_search,product,False
S1_01816,U4238,2024-02-11,1,mobile,organic,pricing,False
S1_01817,U6917,2024-02-05,1,mobile,paid_search,pricing,False
S1_01818,U7685,2024-02-06,1,mobile,organic,product,False
S1_01819,U880,2024-02-06,1,desktop,organic,homepage,False
S1_01820,U7646,2024-02-09,1,mobile,organic,homepage,True
S1_01821,U5595,2024-02-06,1,mobile,organic,homepage,True
S1_01822,U8673,2024-02-11,1,mobile,organic,pricing,False
S1_01823,U74,2024-02-07,1,mobile,paid_search,homepage,False
S1_01824,U5333,2024-02-08,1,desktop,social,pricing,False
S1_01825,U5564,2024-02-08,1,desktop,paid_search,product,False
S1_01826,U9643,2024-02-10,1,mobile,direct,homepage,False
S1_01827,U1698,2024-02-11,1,desktop,paid_search,homepage,False
S1_01828,U5558,2024-02-10,1,desktop,organic,homepage,False
S1_01829,U2573,2024-02-10,1,mobile,social,pricing,True
S1_01830,U953,2024-02-09,1,desktop,paid_search,pricing,False
S1_01831,U5717,2024-02-05,1,mobile,paid_search,homepage,False
S1_01832,U4546,2024-02-05,1,desktop,organic,product,False
S1_01833,U1856,2024-02-11,1,mobile,direct,homepage,False
S1_01834,U5121,2024-02-08,1,mobile,paid_search,pricing,False
S1_01835,U4392,2024-02-05,1,mobile,organic,pricing,False
S1_01836,U3894,2024-02-10,1,desktop,organic,homepage,False
S1_01837,U9982,2024-02-09,1,mobile,organic,pricing,False
S1_01838,U4907,2024-02-06,1,mobile,organic,pricing,False
S1_01839,U8279,2024-02-05,1,mobile,paid_search,product,False
S1_01840,U4090,2024-02-08,1,tablet,paid_search,homepage,False
S1_01841,U8802,2024-02-09,1,desktop,organic,pricing,False
S1_01842,U3525,2024-02-06,1,mobile,paid_search,homepage,False
S1_01843,U8096,2024-02-06,1,desktop,organic,homepage,False
S1_01844,U5281,2024-02-11,1,desktop,organic,homepage,True
S1_01845,U8247,2024-02-09,1,mobile,organic,product,False
S1_01846,U6372,2024-02-10,1,tablet,organic,product,False
S1_01847,U1138,2024-02-11,1,mobile,paid_search,pricing,True
S1_01848,U5434,2024-02-11,1,mobile,direct,homepage,False
S1_01849,U892,2024-02-05,1,mobile,organic,pricing,True
S1_01850,U8997,2024-02-05,1,mobile,direct,product,False
S1_01851,U8531,2024-02-09,1,mobile,paid_search,pricing,False
S1_01852,U211,2024-02-11,1,desktop,social,product,False
S1_01853,U6740,2024-02-06,1,desktop,paid_search,homepage,False
S1_01854,U9270,2024-02-05,1,desktop,paid_search,homepage,False
S1_01855,U6279,2024-02-08,1,mobile,paid_search,pricing,True
S1_01856,U4312,2024-02-05,1,desktop,organic,homepage,False
S1_01857,U8985,2024-02-07,1,mobile,paid_search,homepage,False
S1_01858,U8959,2024-02-09,1,mobile,social,pricing,False
S1_01859,U2860,2024-02-07,1,mobile,organic,homepage,False
S1_01860,U7531,2024-02-09,1,desktop,direct,homepage,False
S1_01861,U8255,2024-02-05,1,desktop,paid_search,product,False
S1_01862,U7738,2024-02-07,1,mobile,organic,product,False
S1_01863,U6289,2024-02-05,1,desktop,social,pricing,False
S1_01864,U4226,2024-02-09,1,desktop,organic,homepage,False
S1_01865,U3018,2024-02-09,1,desktop,social,homepage,False
S1_01866,U7522,2024-02-09,1,desktop,organic,pricing,False
S1_01867,U6833,2024-02-06,1,desktop,paid_search,homepage,False
S1_01868,U9138,2024-02-09,1,mobile,paid_search,product,False
S1_01869,U4096,2024-02-10,1,mobile,paid_search,homepage,True
S1_01870,U1184,2024-02-08,1,mobile,organic,product,False
S1_01871,U5120,2024-02-09,1,mobile,paid_search,pricing,False
S1_01872,U5908,2024-02-11,1,mobile,social,pricing,False
S1_01873,U1058,2024-02-11,1,desktop,paid_search,pricing,False
S1_01874,U551,2024-02-11,1,desktop,social,homepage,False
S1_01875,U41,2024-02-09,1,mobile,paid_search,homepage,False
S1_01876,U2967,2024-02-07,1,desktop,paid_search,pricing,False
S1_01877,U5155,2024-02-10,1,mobile,organic,product,False
S1_01878,U7108,2024-02-11,1,mobile,paid_search,product,False
S1_01879,U807,2024-02-07,1,mobile,organic,product,True
S1_01880,U7891,2024-02-11,1,mobile,organic,homepage,False
S1_01881,U4081,2024-02-10,1,mobile,social,product,False
S1_01882,U4691,2024-02-08,1,mobile,organic,product,False
S1_01883,U7176,2024-02-08,1,mobile,organic,homepage,False
S1_01884,U4833,2024-02-11,1,tablet,paid_search,homepage,False
S1_01885,U3144,2024-02-06,1,desktop,paid_search,pricing,False
S1_01886,U6342,2024-02-09,1,mobile,direct,pricing,False
S1_01887,U6098,2024-02-08,1,desktop,social,pricing,False
S1_01888,U6758,2024-02-05,1,mobile,direct,homepage,False
S1_01889,U5690,2024-02-09,1,desktop,organic,pricing,False
S1_01890,U7962,2024-02-10,1,desktop,paid_search,homepage,False
S1_01891,U902,2024-02-05,1,mobile,organic,homepage,False
S1_01892,U7389,2024-02-11,1,mobile,social,homepage,True
S1_01893,U797,2024-02-10,1,desktop,organic,pricing,False
S1_01894,U5749,2024-02-08,1,desktop,paid_search,pricing,False
S1_01895,U8544,2024-02-08,1,mobile,organic,product,False
S1_01896,U1804,2024-02-05,1,mobile,social,product,False
S1_01897,U7955,2024-02-09,1,mobile,social,homepage,False
S1_01898,U2122,2024-02-11,1,mobile,organic,product,False
S1_01899,U8798,2024-02-05,1,mobile,organic,product,False
S1_01900,U626,2024-02-08,1,mobile,paid_search,homepage,False
S1_01901,U2410,2024-02-11,1,mobile,organic,homepage,True
S1_01902,U9575,2024-02-08,1,desktop,social,homepage,False
S1_01903,U6939,2024-02-07,1,mobile,organic,pricing,False
S1_01904,U3850,2024-02-10,1,desktop,direct,product,False
S1_01905,U3701,2024-02-08,1,desktop,paid_search,pricing,False
S1_01906,U9874,2024-02-11,1,desktop,paid_search,pricing,False
S1_01907,U7772,2024-02-08,1,mobile,organic,pricing,False
S1_01908,U7814,2024-02-05,1,mobile,social,homepage,False
S1_01909,U24,2024-02-09,1,mobile,social,product,False
S1_01910,U7535,2024-02-10,1,mobile,organic,product,False
S1_01911,U8385,2024-02-10,1,mobile,organic,product,False
S1_01912,U1718,2024-02-06,1,tablet,organic,product,True
S1_01913,U3588,2024-02-08,1,desktop,organic,pricing,False
S1_01914,U6007,2024-02-10,1,mobile,organic,pricing,True
S1_01915,U3728,2024-02-09,1,mobile,paid_search,homepage,True
S1_01916,U5875,2024-02-05,1,mobile,social,pricing,False
S1_01917,U820,2024-02-09,1,desktop,social,product,False
S1_01918,U821,2024-02-10,1,mobile,social,pricing,True
S1_01919,U7804,2024-02-09,1,mobile,organic,product,False
S1_01920,U8501,2024-02-07,1,mobile,paid_search,homepage,True
S1_01921,U9186,2024-02-07,1,mobile,organic,product,False
S1_01922,U7139,2024-02-11,1,mobile,organic,product,False
S1_01923,U2450,2024-02-08,1,mobile,paid_search,product,False
S1_01924,U8125,2024-02-07,1,mobile,organic,product,False
S1_01925,U8539,2024-02-11,1,desktop,social,homepage,False
S1_01926,U1142,2024-02-10,1,mobile,social,pricing,False
S1_01927,U6358,2024-02-09,1,mobile,social,homepage,False
S1_01928,U5149,2024-02-08,1,mobile,paid_search,product,False
S1_01929,U9231,2024-02-09,1,desktop,paid_search,product,False
S1_01930,U4401,2024-02-10,1,mobile,social,homepage,True
S1_01931,U8831,2024-02-07,1,desktop,organic,product,False
S1_01932,U9586,2024-02-11,1,desktop,paid_search,pricing,False
S1_01933,U1735,2024-02-07,1,mobile,paid_search,product,False
S1_01934,U7899,2024-02-08,1,mobile,organic,product,False
S1_01935,U9057,2024-02-09,1,mobile,organic,homepage,False
S1_01936,U7913,2024-02-07,1,mobile,paid_search,product,False
S1_01937,U664,2024-02-10,1,mobile,paid_search,product,False
S1_01938,U1710,2024-02-07,1,mobile,organic,product,False
S1_01939,U1190,2024-02-11,1,tablet,direct,pricing,False
S1_01940,U9256,2024-02-11,1,mobile,paid_search,pricing,False
S1_01941,U7650,2024-02-05,1,mobile,organic,product,False
S1_01942,U1897,2024-02-05,1,desktop,organic,homepage,False
S1_01943,U4846,2024-02-10,1,desktop,social,pricing,False
S1_01944,U43,2024-02-10,1,mobile,organic,pricing,False
S1_01945,U8069,2024-02-11,1,mobile,social,homepage,False
S1_01946,U2542,2024-02-08,1,desktop,organic,pricing,False
S1_01947,U1719,2024-02-10,1,mobile,organic,pricing,False
S1_01948,U2025,2024-02-10,1,mobile,social,product,False
S1_01949,U6312,2024-02-09,1,mobile,organic,pricing,False
S1_01950,U3152,2024-02-08,1,mobile,paid_search,homepage,False
S1_01951,U1501,2024-02-07,1,mobile,organic,pricing,False
S1_01952,U6826,2024-02-08,1,mobile,direct,product,False
S1_01953,U4770,2024-02-10,1,mobile,organic,pricing,True
S1_01954,U1671,2024-02-11,1,mobile,organic,pricing,False
S1_01955,U2509,2024-02-09,1,mobile,organic,product,False
S1_01956,U9072,2024-02-05,1,desktop,organic,pricing,False
S1_01957,U9140,2024-02-05,1,desktop,social,pricing,False
S1_01958,U7391,2024-02-11,1,desktop,paid_search,product,False
S1_01959,U438,2024-02-05,1,mobile,organic,product,False
S1_01960,U1957,2024-02-09,1,mobile,organic,pricing,True
S1_01961,U1839,2024-02-07,1,mobile,organic,homepage,False
S1_01962,U8277,2024-02-10,1,mobile,organic,pricing,False
S1_01963,U6372,2024-02-08,1,mobile,social,homepage,False
S1_01964,U8344,2024-02-07,1,desktop,direct,product,False
S1_01965,U3647,2024-02-11,1,mobile,organic,homepage,False
S1_01966,U4165,2024-02-07,1,mobile,social,pricing,False
S1_01967,U7470,2024-02-08,1,mobile,direct,homepage,False
S1_01968,U1648,2024-02-08,1,mobile,social,homepage,False
S1_01969,U7982,2024-02-05,1,mobile,social,product,False
S1_01970,U5237,2024-02-07,1,desktop,direct,homepage,False
S1_01971,U3698,2024-02-05,1,mobile,paid_search,pricing,False
S1_01972,U9117,2024-02-05,1,mobile,direct,pricing,False
S1_01973,U158,2024-02-08,1,mobile,organic,product,False
S1_01974,U2821,2024-02-08,1,mobile,organic,pricing,False
S1_01975,U6073,2024-02-06,1,mobile,organic,pricing,False
S1_01976,U7096,2024-02-09,1,desktop,social,pricing,False
S1_01977,U909,2024-02-08,1,desktop,organic,pricing,False
S1_01978,U7550,2024-02-09,1,mobile,paid_search,pricing,False
S1_01979,U7413,2024-02-09,1,mobile,paid_search,homepage,False
S1_01980,U4014,2024-02-09,1,mobile,paid_search,pricing,False
S1_01981,U2917,2024-02-10,1,mobile,paid_search,product,False
S1_01982,U177,2024-02-09,1,desktop,organic,product,False
S1_01983,U6616,2024-02-05,1,desktop,social,homepage,False
S1_01984,U6654,2024-02-10,1,desktop,organic,product,False
S1_01985,U7733,2024-02-08,1,desktop,organic,pricing,False
S1_01986,U8290,2024-02-08,1,desktop,organic,product,True
S1_01987,U7928,2024-02-08,1,mobile,organic,product,False
S1_01988,U6868,2024-02-11,1,desktop,direct,product,True
S1_01989,U3636,2024-02-11,1,mobile,organic,product,False
S1_01990,U8754,2024-02-08,1,desktop,organic,product,False
S1_01991,U7139,2024-02-11,1,desktop,organic,homepage,False
S1_01992,U3617,2024-02-11,1,mobile,direct,pricing,False
S1_01993,U6815,2024-02-06,1,mobile,organic,product,False
S1_01994,U261,2024-02-08,1,desktop,organic,homepage,False
S1_01995,U1451,2024-02-06,1,mobile,organic,homepage,True
S1_01996,U1836,2024-02-10,1,mobile,social,product,False
S1_01997,U9938,2024-02-05,1,desktop,organic,product,False
S1_01998,U8046,2024-02-05,1,desktop,direct,homepage,False
S1_01999,U8614,2024-02-06,1,mobile,organic,product,False
S1_02000,U9486,2024-02-11,1,desktop,paid_search,homepage,False
S1_02001,U6676,2024-02-09,1,desktop,social,pricing,False
S1_02002,U6120,2024-02-09,1,mobile,direct,product,False
S1_02003,U3954,2024-02-05,1,desktop,paid_search,homepage,False
S1_02004,U9560,2024-02-07,1,mobile,social,product,False
S1_02005,U3562,2024-02-10,1,mobile,organic,homepage,False
S1_02006,U9742,2024-02-08,1,mobile,organic,pricing,True
S1_02007,U3780,2024-02-08,1,mobile,organic,product,False
S1_02008,U2264,2024-02-06,1,desktop,organic,homepage,True
S1_02009,U7093,2024-02-10,1,desktop,paid_search,pricing,False
S1_02010,U2298,2024-02-05,1,desktop,organic,homepage,False
S1_02011,U2325,2024-02-08,1,desktop,organic,homepage,True
S1_02012,U4838,2024-02-08,1,mobile,social,product,False
S1_02013,U9893,2024-02-08,1,desktop,direct,product,False
S1_02014,U9049,2024-02-08,1,mobile,social,homepage,True
S1_02015,U832,2024-02-05,1,mobile,direct,pricing,False
S1_02016,U7535,2024-02-10,1,mobile,organic,product,True
S1_02017,U6018,2024-02-05,1,mobile,organic,homepage,False
S1_02018,U3460,2024-02-10,1,desktop,paid_search,product,False
S1_02019,U1074,2024-02-11,1,mobile,paid_search,product,False
S1_02020,U2443,2024-02-07,1,mobile,organic,homepage,False
S1_02021,U7197,2024-02-10,1,desktop,paid_search,homepage,True
S1_02022,U6224,2024-02-06,1,desktop,paid_search,homepage,False
S1_02023,U2602,2024-02-06,1,mobile,organic,homepage,False
S1_02024,U7194,2024-02-10,1,desktop,social,product,False
S1_02025,U9530,2024-02-07,1,mobile,paid_search,product,False
S1_02026,U2719,2024-02-11,1,desktop,paid_search,homepage,False
S1_02027,U2570,2024-02-09,1,desktop,organic,homepage,False
S1_02028,U7111,2024-02-10,1,desktop,paid_search,pricing,False
S1_02029,U4094,2024-02-11,1,mobile,social,homepage,False
S1_02030,U3614,2024-02-08,1,tablet,paid_search,homepage,False
S1_02031,U6716,2024-02-05,1,mobile,organic,homepage,False
S1_02032,U8498,2024-02-05,1,desktop,direct,homepage,False
S1_02033,U5505,2024-02-10,1,mobile,social,homepage,False
S1_02034,U7388,2024-02-08,1,desktop,organic,pricing,False
S1_02035,U1966,2024-02-07,1,mobile,organic,pricing,False
S1_02036,U6347,2024-02-06,1,desktop,paid_search,product,False
S1_02037,U7435,2024-02-07,1,mobile,organic,product,False
S1_02038,U2355,2024-02-10,1,mobile,direct,homepage,False
S1_02039,U1909,2024-02-11,1,desktop,organic,pricing,False
S1_02040,U3300,2024-02-11,1,mobile,organic,product,False
S1_02041,U6789,2024-02-09,1,mobile,social,homepage,True
S1_02042,U5318,2024-02-05,1,desktop,social,product,False
S1_02043,U1392,2024-02-08,1,mobile,paid_search,homepage,False
S1_02044,U5051,2024-02-10,1,desktop,organic,product,False
S1_02045,U962,2024-02-08,1,desktop,organic,homepage,False
S1_02046,U6342,2024-02-09,1,mobile,direct,pricing,False
S1_02047,U2961,2024-02-05,1,tablet,organic,pricing,False
S1_02048,U807,2024-02-11,1,desktop,paid_search,product,False
S1_02049,U9276,2024-02-10,1,desktop,social,homepage,False
S1_02050,U2520,2024-02-08,1,mobile,organic,homepage,False
S1_02051,U2807,2024-02-11,1,desktop,paid_search,homepage,False
S1_02052,U7555,2024-02-10,1,tablet,paid_search,homepage,False
S1_02053,U1295,2024-02-10,1,mobile,paid_search,product,False
S1_02054,U9662,2024-02-07,1,desktop,paid_search,pricing,False
S1_02055,U3664,2024-02-11,1,mobile,organic,pricing,False
S1_02056,U1688,2024-02-06,1,desktop,paid_search,product,False
S1_02057,U2454,2024-02-11,1,desktop,paid_search,pricing,False
S1_02058,U2609,2024-02-10,1,mobile,paid_search,product,False
S1_02059,U8872,2024-02-09,1,desktop,social,homepage,True
S1_02060,U1625,2024-02-07,1,desktop,organic,product,True
S1_02061,U1683,2024-02-09,1,mobile,organic,product,False
S1_02062,U9805,2024-02-06,1,mobile,paid_search,pricing,False
S1_02063,U1007,2024-02-09,1,mobile,direct,homepage,False
S1_02064,U2952,2024-02-11,1,desktop,social,product,False
S1_02065,U8127,2024-02-05,1,mobile,paid_search,pricing,False
S1_02066,U4643,2024-02-07,1,mobile,organic,homepage,False
S1_02067,U5015,2024-02-06,1,mobile,organic,pricing,False
S1_02068,U316,2024-02-05,1,desktop,organic,product,False
S1_02069,U1169,2024-02-05,1,tablet,organic,pricing,False
S1_02070,U3371,2024-02-10,1,tablet,paid_search,homepage,False
S1_02071,U6627,2024-02-10,1,mobile,direct,pricing,True
S1_02072,U5010,2024-02-09,1,mobile,social,homepage,False
S1_02073,U4889,2024-02-09,1,mobile,social,pricing,False
S1_02074,U1077,2024-02-09,1,mobile,organic,homepage,False
S1_02075,U9854,2024-02-10,1,mobile,organic,pricing,False
S1_02076,U3266,2024-02-08,1,mobile,social,pricing,False
S1_02077,U2508,2024-02-10,1,mobile,social,homepage,False
S1_02078,U6077,2024-02-09,1,mobile,social,product,False
S1_02079,U3377,2024-02-11,1,desktop,organic,pricing,False
S1_02080,U1868,2024-02-10,1,desktop,paid_search,pricing,False
S1_02081,U7075,2024-02-07,1,mobile,paid_search,pricing,False
S1_02082,U1317,2024-02-11,1,mobile,organic,pricing,False
S1_02083,U8397,2024-02-05,1,desktop,paid_search,product,False
S1_02084,U9483,2024-02-08,1,desktop,social,homepage,False
S1_02085,U984,2024-02-07,1,mobile,paid_search,homepage,False
S1_02086,U215,2024-02-11,1,mobile,social,pricing,False
S1_02087,U1035,2024-02-08,1,desktop,organic,pricing,False
S1_02088,U6338,2024-02-09,1,mobile,paid_search,pricing,False
S1_02089,U5298,2024-02-11,1,desktop,direct,pricing,False
S1_02090,U5600,2024-02-09,1,mobile,organic,product,False
S1_02091,U4210,2024-02-09,1,desktop,direct,homepage,False
S1_02092,U6466,2024-02-10,1,tablet,organic,product,False
S1_02093,U9065,2024-02-09,1,tablet,organic,pricing,True
S1_02094,U4774,2024-02-05,1,mobile,organic,homepage,False
S1_02095,U3560,2024-02-08,1,desktop,direct,product,False
S1_02096,U8735,2024-02-08,1,mobile,social,homepage,False
S1_02097,U4188,2024-02-05,1,mobile,organic,homepage,False
S1_02098,U4384,2024-02-09,1,mobile,paid_search,pricing,False
S1_02099,U7752,2024-02-06,1,mobile,social,pricing,False
S1_02100,U5463,2024-02-10,1,desktop,paid_search,homepage,False
S1_02101,U8240,2024-02-07,1,desktop,organic,pricing,False
S1_02102,U8848,2024-02-05,1,mobile,social,homepage,False
S1_02103,U6732,2024-02-08,1,mobile,paid_search,homepage,False
S1_02104,U7163,2024-02-09,1,mobile,paid_search,product,False
S1_02105,U4626,2024-02-10,1,mobile,organic,product,False
S1_02106,U1929,2024-02-05,1,mobile,organic,pricing,True
S1_02107,U3483,2024-02-10,1,mobile,social,homepage,False
S1_02108,U4184,2024-02-05,1,mobile,paid_search,product,False
S1_02109,U4055,2024-02-10,1,desktop,social,product,False
S1_02110,U878,2024-02-11,1,mobile,paid_search,product,False
S1_02111,U9744,2024-02-09,1,desktop,organic,homepage,False
S1_02112,U6648,2024-02-09,1,desktop,direct,pricing,False
S1_02113,U8712,2024-02-09,1,mobile,organic,homepage,True
S1_02114,U8887,2024-02-05,1,mobile,organic,product,False
S1_02115,U2507,2024-02-09,1,mobile,direct,product,False
S1_02116,U7050,2024-02-11,1,desktop,social,homepage,False
S1_02117,U323,2024-02-08,1,mobile,organic,pricing,True
S1_02118,U7762,2024-02-07,1,mobile,organic,pricing,False
S1_02119,U6582,2024-02-09,1,mobile,organic,product,False
S1_02120,U5827,2024-02-05,1,mobile,organic,pricing,False
S1_02121,U2444,2024-02-10,1,desktop,organic,pricing,False
S1_02122,U2712,2024-02-07,1,desktop,paid_search,product,False
S1_02123,U9442,2024-02-11,1,mobile,organic,pricing,False
S1_02124,U111,2024-02-10,1,desktop,social,homepage,False
S1_02125,U4077,2024-02-09,1,mobile,organic,pricing,False
S1_02126,U4887,2024-02-05,1,mobile,direct,homepage,False
S1_02127,U3812,2024-02-07,1,mobile,social,product,False
S1_02128,U7520,2024-02-07,1,desktop,social,pricing,False
S1_02129,U4900,2024-02-07,1,mobile,direct,pricing,False
S1_02130,U384,2024-02-10,1,mobile,social,product,False
S1_02131,U3302,2024-02-11,1,desktop,organic,homepage,False
S1_02132,U9926,2024-02-06,1,desktop,paid_search,pricing,False
S1_02133,U3212,2024-02-07,1,mobile,paid_search,homepage,True
S1_02134,U9172,2024-02-09,1,mobile,direct,homepage,False
S1_02135,U9433,2024-02-09,1,mobile,social,pricing,False
S1_02136,U5736,2024-02-09,1,mobile,organic,pricing,False
S1_02137,U5266,2024-02-10,1,desktop,organic,pricing,False
S1_02138,U2738,2024-02-05,1,mobile,organic,pricing,False
S1_02139,U3638,2024-02-08,1,tablet,paid_search,homepage,False
S1_02140,U5715,2024-02-08,1,mobile,social,homepage,False
S1_02141,U3548,2024-02-10,1,tablet,organic,homepage,False
S1_02142,U1187,2024-02-08,1,desktop,organic,product,False
S1_02143,U443,2024-02-05,1,mobile,direct,homepage,True
S1_02144,U4227,2024-02-11,1,mobile,organic,product,False
S1_02145,U5939,2024-02-06,1,mobile,social,pricing,False
S1_02146,U8805,2024-02-05,1,desktop,social,product,False
S1_02147,U1850,2024-02-09,1,mobile,organic,homepage,False
S1_02148,U7880,2024-02-06,1,mobile,social,pricing,True
S1_02149,U198,2024-02-08,1,mobile,paid_search,pricing,False
S1_02150,U6630,2024-02-06,1,mobile,social,homepage,True
S1_02151,U3170,2024-02-10,1,desktop,organic,pricing,False
S1_02152,U7285,2024-02-08,1,desktop,paid_search,product,False
S1_02153,U2806,2024-02-08,1,mobile,organic,product,False
S1_02154,U2215,2024-02-08,1,mobile,organic,homepage,False
S1_02155,U1265,2024-02-09,1,mobile,paid_search,pricing,False
S1_02156,U3058,2024-02-09,1,desktop,paid_search,pricing,False
S1_02157,U2960,2024-02-10,1,mobile,organic,product,False
S1_02158,U5599,2024-02-06,1,mobile,paid_search,homepage,False
S1_02159,U7651,2024-02-08,1,mobile,social,pricing,False
S1_02160,U5290,2024-02-08,1,mobile,social,pricing,False
S1_02161,U4030,2024-02-08,1,desktop,organic,pricing,False
S1_02162,U3508,2024-02-07,1,mobile,social,product,False
S1_02163,U5952,2024-02-06,1,mobile,social,pricing,False
S1_02164,U4459,2024-02-10,1,desktop,paid_search,pricing,False
S1_02165,U8438,2024-02-09,1,mobile,organic,product,False
S1_02166,U4117,2024-02-05,1,desktop,paid_search,product,True
S1_02167,U1085,2024-02-11,1,desktop,social,product,False
S1_02168,U2233,2024-02-07,1,desktop,paid_search,pricing,False
S1_02169,U9873,2024-02-05,1,mobile,organic,homepage,False
S1_02170,U4173,2024-02-11,1,desktop,organic,homepage,False
S1_02171,U7203,2024-02-09,1,mobile,paid_search,pricing,False
S1_02172,U4335,2024-02-05,1,desktop,direct,pricing,False
S1_02173,U7189,2024-02-07,1,desktop,paid_search,product,False
S1_02174,U8362,2024-02-05,1,mobile,social,product,False
S1_02175,U1657,2024-02-11,1,desktop,social,product,False
S1_02176,U3445,2024-02-11,1,mobile,organic,pricing,False
S1_02177,U1361,2024-02-06,1,desktop,paid_search,homepage,False
S1_02178,U293,2024-02-09,1,desktop,organic,pricing,False
S1_02179,U9476,2024-02-08,1,desktop,organic,pricing,False
S1_02180,U6016,2024-02-09,1,mobile,paid_search,product,False
S1_02181,U3436,2024-02-10,1,desktop,direct,homepage,False
S1_02182,U2823,2024-02-10,1,desktop,paid_search,pricing,True
S1_02183,U3927,2024-02-08,1,tablet,organic,product,False
S1_02184,U6846,2024-02-10,1,mobile,social,product,False
S1_02185,U4955,2024-02-10,1,mobile,paid_search,homepage,False
S1_02186,U927,2024-02-10,1,mobile,paid_search,pricing,False
S1_02187,U8598,2024-02-06,1,mobile,organic,product,False
S1_02188,U1058,2024-02-11,1,mobile,paid_search,product,False
S1_02189,U1572,2024-02-05,1,desktop,paid_search,product,False
S1_02190,U3512,2024-02-10,1,tablet,organic,pricing,False
S1_02191,U4913,2024-02-10,1,mobile,social,product,False
S1_02192,U3069,2024-02-08,1,mobile,paid_search,product,False
S1_02193,U9548,2024-02-06,1,desktop,direct,product,True
S1_02194,U8390,2024-02-08,1,mobile,social,pricing,False
S1_02195,U1725,2024-02-07,1,mobile,organic,product,False
S1_02196,U439,2024-02-10,1,desktop,paid_search,product,False
S1_02197,U2013,2024-02-10,1,desktop,social,product,True
S1_02198,U4118,2024-02-09,1,mobile,organic,homepage,False
S1_02199,U6629,2024-02-05,1,desktop,paid_search,product,False
S1_02200,U4241,2024-02-09,1,mobile,organic,pricing,False
S1_02201,U5732,2024-02-10,1,desktop,organic,product,False
S1_02202,U9527,2024-02-09,1,mobile,organic,product,False
S1_02203,U3493,2024-02-07,1,mobile,organic,product,True
S1_02204,U9782,2024-02-09,1,mobile,organic,homepage,False
S1_02205,U9858,2024-02-09,1,mobile,direct,pricing,False
S1_02206,U5536,2024-02-10,1,desktop,organic,product,False
S1_02207,U6790,2024-02-05,1,desktop,organic,homepage,False
S1_02208,U5073,2024-02-11,1,desktop,paid_search,product,True
S1_02209,U7211,2024-02-06,1,desktop,organic,pricing,True
S1_02210,U7470,2024-02-11,1,mobile,direct,pricing,False
S1_02211,U4979,2024-02-10,1,desktop,paid_search,pricing,False
S1_02212,U8614,2024-02-11,1,mobile,social,product,False
S1_02213,U6156,2024-02-09,1,desktop,organic,homepage,False
S1_02214,U7247,2024-02-11,1,desktop,organic,product,False
S1_02215,U7109,2024-02-09,1,mobile,direct,product,False
S1_02216,U4714,2024-02-09,1,desktop,organic,product,False
S1_02217,U6173,2024-02-11,1,mobile,social,product,False
S1_02218,U6525,2024-02-09,1,desktop,organic,pricing,False
S1_02219,U2549,2024-02-07,1,mobile,organic,homepage,False
S1_02220,U6605,2024-02-07,1,desktop,organic,homepage,False
S1_02221,U8489,2024-02-05,1,mobile,organic,product,False
S1_02222,U9911,2024-02-09,1,mobile,paid_search,pricing,False
S1_02223,U795,2024-02-10,1,mobile,organic,product,False
S1_02224,U4174,2024-02-11,1,mobile,paid_search,pricing,False
S1_02225,U1287,2024-02-09,1,desktop,direct,pricing,False
S1_02226,U7742,2024-02-11,1,desktop,organic,homepage,False
S1_02227,U4410,2024-02-10,1,desktop,organic,homepage,False
S1_02228,U4708,2024-02-06,1,desktop,social,product,True
S1_02229,U6449,2024-02-11,1,mobile,organic,product,False
S1_02230,U3462,2024-02-10,1,desktop,paid_search,pricing,False
S1_02231,U1410,2024-02-11,1,mobile,direct,homepage,True
S1_02232,U484,2024-02-05,1,desktop,organic,pricing,False
S1_02233,U113,2024-02-09,1,desktop,direct,pricing,False
S1_02234,U2038,2024-02-10,1,mobile,organic,pricing,True
S1_02235,U9998,2024-02-11,1,desktop,paid_search,product,False
S1_02236,U1187,2024-02-05,1,mobile,organic,pricing,False
S1_02237,U6384,2024-02-11,1,desktop,paid_search,product,True
S1_02238,U2563,2024-02-09,1,mobile,organic,pricing,False
S1_02239,U4660,2024-02-11,1,desktop,organic,homepage,False
S1_02240,U5696,2024-02-09,1,desktop,organic,homepage,False
S1_02241,U8,2024-02-11,1,mobile,paid_search,product,False
S1_02242,U8986,2024-02-07,1,mobile,social,homepage,False
S1_02243,U3094,2024-02-06,1,mobile,organic,homepage,False
S1_02244,U5922,2024-02-08,1,mobile,direct,product,False
S1_02245,U9211,2024-02-09,1,mobile,paid_search,product,False
S1_02246,U7855,2024-02-10,1,mobile,paid_search,homepage,False
S1_02247,U7486,2024-02-08,1,mobile,social,homepage,False
S1_02248,U5828,2024-02-08,1,mobile,direct,pricing,False
S1_02249,U1206,2024-02-10,1,desktop,organic,homepage,True
S1_02250,U6677,2024-02-09,1,desktop,paid_search,homepage,False
S1_02251,U6057,2024-02-06,1,mobile,social,product,False
S1_02252,U573,2024-02-11,1,desktop,organic,product,False
S1_02253,U9115,2024-02-09,1,mobile,organic,pricing,False
S1_02254,U7092,2024-02-08,1,mobile,direct,product,False
S1_02255,U5680,2024-02-09,1,mobile,direct,pricing,False
S1_02256,U8204,2024-02-09,1,desktop,paid_search,product,False
S1_02257,U6414,2024-02-11,1,mobile,paid_search,pricing,False
S1_02258,U8705,2024-02-06,1,mobile,organic,pricing,False
S1_02259,U6910,2024-02-09,1,mobile,social,pricing,False
S1_02260,U3516,2024-02-10,1,mobile,paid_search,product,False
S1_02261,U4754,2024-02-07,1,desktop,paid_search,product,False
S1_02262,U8526,2024-02-07,1,mobile,organic,homepage,False
S1_02263,U3756,2024-02-11,1,mobile,organic,homepage,False
S1_02264,U5042,2024-02-05,1,mobile,social,pricing,False
S1_02265,U5493,2024-02-08,1,mobile,organic,product,False
S1_02266,U1645,2024-02-08,1,mobile,organic,pricing,False
S1_02267,U7954,2024-02-08,1,desktop,organic,product,True
S1_02268,U5848,2024-02-08,1,mobile,direct,product,False
S1_02269,U2020,2024-02-11,1,mobile,paid_search,homepage,False
S1_02270,U8180,2024-02-11,1,desktop,organic,pricing,True
S1_02271,U3405,2024-02-08,1,desktop,paid_search,product,False
S1_02272,U7713,2024-02-10,1,desktop,direct,pricing,False
S1_02273,U9960,2024-02-10,1,mobile,organic,product,False
S1_02274,U8545,2024-02-08,1,mobile,organic,pricing,False
S1_02275,U2888,2024-02-07,1,desktop,social,pricing,False
S1_02276,U2255,2024-02-07,1,mobile,organic,product,False
S1_02277,U808,2024-02-07,1,mobile,social,homepage,False
S1_02278,U911,2024-02-09,1,mobile,direct,homepage,False
S1_02279,U7877,2024-02-10,1,mobile,social,pricing,False
S1_02280,U8547,2024-02-06,1,mobile,paid_search,product,False
S1_02281,U673,2024-02-05,1,desktop,organic,product,False
S1_02282,U3344,2024-02-07,1,mobile,social,product,False
S1_02283,U4187,2024-02-08,1,desktop,organic,homepage,False
S1_02284,U6228,2024-02-08,1,desktop,organic,product,False
S1_02285,U3396,2024-02-06,1,mobile,paid_search,product,False
S1_02286,U6697,2024-02-08,1,tablet,organic,homepage,False
S1_02287,U5149,2024-02-06,1,mobile,organic,pricing,False
S1_02288,U5792,2024-02-09,1,desktop,organic,product,False
S1_02289,U3314,2024-02-11,1,mobile,organic,pricing,False
S1_02290,U3382,2024-02-11,1,mobile,paid_search,product,False
S1_02291,U1184,2024-02-10,1,mobile,organic,product,False
S1_02292,U9965,2024-02-08,1,mobile,paid_search,product,False
S1_02293,U4158,2024-02-05,1,desktop,direct,homepage,False
S1_02294,U2895,2024-02-10,1,tablet,paid_search,product,False
S1_02295,U2342,2024-02-07,1,desktop,social,homepage,False
S1_02296,U5489,2024-02-07,1,desktop,paid_search,product,True
S1_02297,U3887,2024-02-07,1,desktop,paid_search,homepage,False
S1_02298,U951,2024-02-08,1,tablet,social,homepage,True
S1_02299,U7196,2024-02-09,1,mobile,direct,pricing,False
S1_02300,U6113,2024-02-10,1,mobile,social,pricing,False
S1_02301,U8327,2024-02-08,1,mobile,social,homepage,False
S1_02302,U236,2024-02-11,1,mobile,social,product,True
S1_02303,U6465,2024-02-07,1,mobile,paid_search,pricing,False
S1_02304,U5879,2024-02-10,1,mobile,social,product,True
S1_02305,U640,2024-02-08,1,mobile,paid_search,homepage,False
S1_02306,U2583,2024-02-11,1,desktop,organic,pricing,False
S1_02307,U946,2024-02-09,1,mobile,paid_search,pricing,False
S1_02308,U3738,2024-02-09,1,mobile,organic,homepage,False
S1_02309,U7242,2024-02-10,1,desktop,organic,pricing,False
S1_02310,U3243,2024-02-06,1,mobile,organic,homepage,False
S1_02311,U4426,2024-02-10,1,desktop,paid_search,product,False
S1_02312,U7145,2024-02-05,1,desktop,organic,homepage,False
S1_02313,U1115,2024-02-06,1,mobile,social,homepage,False
S1_02314,U8691,2024-02-07,1,mobile,paid_search,pricing,False
S1_02315,U381,2024-02-05,1,mobile,organic,pricing,False
S1_02316,U6100,2024-02-11,1,mobile,direct,pricing,False
S1_02317,U6673,2024-02-08,1,mobile,paid_search,pricing,False
S1_02318,U4864,2024-02-09,1,desktop,social,product,False
S1_02319,U8648,2024-02-06,1,mobile,organic,pricing,True
S1_02320,U4769,2024-02-07,1,mobile,paid_search,homepage,False
S1_02321,U4169,2024-02-09,1,desktop,direct,homepage,False
S1_02322,U7334,2024-02-05,1,desktop,organic,product,False
S1_02323,U2767,2024-02-08,1,tablet,social,pricing,False
S1_02324,U4985,2024-02-10,1,mobile,organic,pricing,False
S1_02325,U8390,2024-02-07,1,desktop,organic,pricing,False
S1_02326,U5112,2024-02-05,1,tablet,social,homepage,False
S1_02327,U3439,2024-02-06,1,desktop,social,homepage,False
S1_02328,U4609,2024-02-07,1,mobile,organic,product,False
S1_02329,U3302,2024-02-07,1,desktop,organic,pricing,False
S1_02330,U3957,2024-02-10,1,mobile,social,pricing,False
S1_02331,U4102,2024-02-07,1,tablet,paid_search,product,False
S1_02332,U8479,2024-02-08,1,mobile,direct,homepage,False
S1_02333,U5767,2024-02-10,1,tablet,paid_search,product,False
S1_02334,U7232,2024-02-11,1,mobile,organic,pricing,False
S1_02335,U6888,2024-02-06,1,mobile,paid_search,homepage,True
S1_02336,U5128,2024-02-08,1,mobile,social,product,False
S1_02337,U2979,2024-02-07,1,mobile,paid_search,product,False
S1_02338,U1390,2024-02-11,1,desktop,social,homepage,False
S1_02339,U9519,2024-02-07,1,mobile,paid_search,pricing,False
S1_02340,U4193,2024-02-09,1,mobile,organic,pricing,True
S1_02341,U7390,2024-02-07,1,desktop,organic,product,False
S1_02342,U3301,2024-02-10,1,mobile,organic,homepage,False
S1_02343,U3821,2024-02-09,1,mobile,paid_search,product,False
S1_02344,U3089,2024-02-09,1,mobile,social,pricing,False
S1_02345,U7821,2024-02-11,1,mobile,organic,product,False
S1_02346,U5124,2024-02-10,1,mobile,organic,pricing,False
S1_02347,U7562,2024-02-11,1,mobile,social,product,False
S1_02348,U6761,2024-02-05,1,desktop,social,homepage,False
S1_02349,U6644,2024-02-10,1,tablet,social,pricing,False
S1_02350,U6189,2024-02-11,1,mobile,organic,homepage,False
S1_02351,U3692,2024-02-07,1,desktop,social,homepage,False
S1_02352,U9762,2024-02-11,1,desktop,organic,homepage,False
S1_02353,U2941,2024-02-10,1,mobile,paid_search,pricing,False
S1_02354,U4141,2024-02-05,1,mobile,direct,homepage,False
S1_02355,U7738,2024-02-05,1,desktop,direct,pricing,False
S1_02356,U4873,2024-02-05,1,desktop,social,homepage,False
S1_02357,U375,2024-02-05,1,tablet,paid_search,product,False
S1_02358,U9925,2024-02-11,1,mobile,social,pricing,False
S1_02359,U5728,2024-02-10,1,mobile,direct,product,True
S1_02360,U8220,2024-02-07,1,mobile,social,homepage,False
S1_02361,U4631,2024-02-05,1,mobile,organic,homepage,False
S1_02362,U8736,2024-02-09,1,mobile,social,product,False
S1_02363,U5575,2024-02-07,1,desktop,paid_search,pricing,False
S1_02364,U8008,2024-02-08,1,desktop,organic,product,False
S1_02365,U1713,2024-02-08,1,desktop,organic,product,False
S1_02366,U4605,2024-02-07,1,desktop,organic,pricing,False
S1_02367,U1578,2024-02-06,1,desktop,organic,pricing,False
S1_02368,U4982,2024-02-10,1,mobile,organic,product,False
S1_02369,U7947,2024-02-10,1,mobile,organic,product,False
S1_02370,U2250,2024-02-05,1,mobile,organic,pricing,True
S1_02371,U2179,2024-02-05,1,desktop,direct,pricing,False
S1_02372,U3857,2024-02-09,1,tablet,organic,homepage,False
S1_02373,U3567,2024-02-10,1,desktop,paid_search,pricing,False
S1_02374,U5817,2024-02-06,1,mobile,organic,product,False
S1_02375,U6390,2024-02-09,1,mobile,organic,product,False
S1_02376,U9782,2024-02-10,1,mobile,paid_search,pricing,False
S1_02377,U9949,2024-02-08,1,mobile,social,product,False
S1_02378,U1150,2024-02-08,1,mobile,organic,product,False
S1_02379,U2842,2024-02-06,1,mobile,paid_search,product,False
S1_02380,U3306,2024-02-09,1,mobile,organic,homepage,False
S1_02381,U2278,2024-02-09,1,desktop,organic,homepage,False
S1_02382,U6756,2024-02-07,1,desktop,paid_search,product,False
S1_02383,U5856,2024-02-08,1,desktop,organic,pricing,False
S1_02384,U8814,2024-02-10,1,desktop,paid_search,product,False
S1_02385,U873,2024-02-07,1,desktop,organic,homepage,False
S1_02386,U5177,2024-02-07,1,desktop,paid_search,homepage,False
S1_02387,U8759,2024-02-11,1,desktop,paid_search,pricing,False
S1_02388,U4886,2024-02-05,1,desktop,organic,homepage,False
S1_02389,U725,2024-02-08,1,mobile,paid_search,pricing,False
S1_02390,U2879,2024-02-07,1,mobile,organic,pricing,False
S1_02391,U8462,2024-02-08,1,desktop,paid_search,product,False
S1_02392,U6293,2024-02-08,1,mobile,paid_search,homepage,False
S1_02393,U7010,2024-02-09,1,mobile,organic,product,False
S1_02394,U9797,2024-02-08,1,mobile,social,pricing,False
S1_02395,U7395,2024-02-10,1,mobile,social,homepage,False
S1_02396,U4343,2024-02-06,1,desktop,organic,homepage,False
S1_02397,U5982,2024-02-11,1,mobile,organic,homepage,False
S1_02398,U7677,2024-02-10,1,mobile,direct,product,False
S1_02399,U5008,2024-02-10,1,tablet,paid_search,pricing,False
S1_02400,U819,2024-02-06,1,mobile,social,homepage,False
S1_02401,U5298,2024-02-07,1,desktop,paid_search,homepage,True
S1_02402,U6166,2024-02-05,1,desktop,direct,homepage,False
S1_02403,U5093,2024-02-11,1,mobile,organic,homepage,False
S1_02404,U3226,2024-02-07,1,desktop,organic,homepage,True
S1_02405,U5179,2024-02-05,1,desktop,paid_search,pricing,False
S1_02406,U2059,2024-02-07,1,mobile,organic,pricing,False
S1_02407,U6133,2024-02-08,1,mobile,organic,pricing,False
S1_02408,U3003,2024-02-05,1,tablet,social,pricing,False
S1_02409,U4315,2024-02-06,1,desktop,organic,homepage,False
S1_02410,U7929,2024-02-10,1,desktop,paid_search,homepage,False
S1_02411,U3014,2024-02-10,1,tablet,organic,pricing,False
S1_02412,U2874,2024-02-05,1,desktop,social,pricing,False
S1_02413,U5611,2024-02-08,1,tablet,paid_search,product,False
S1_02414,U219,2024-02-06,1,tablet,organic,product,False
S1_02415,U9720,2024-02-06,1,mobile,paid_search,product,False
S1_02416,U9982,2024-02-06,1,desktop,paid_search,pricing,False
S1_02417,U7972,2024-02-11,1,desktop,direct,homepage,False
S1_02418,U8641,2024-02-08,1,tablet,paid_search,product,False
S1_02419,U8667,2024-02-11,1,mobile,direct,homepage,False
S1_02420,U4042,2024-02-08,1,desktop,organic,product,True
S1_02421,U1788,2024-02-09,1,desktop,organic,homepage,False
S1_02422,U8235,2024-02-11,1,desktop,organic,homepage,False
S1_02423,U9826,2024-02-06,1,mobile,direct,pricing,False
S1_02424,U9537,2024-02-06,1,mobile,paid_search,product,False
S1_02425,U5353,2024-02-07,1,desktop,paid_search,homepage,False
S1_02426,U6179,2024-02-10,1,mobile,social,product,False
S1_02427,U22,2024-02-11,1,desktop,social,homepage,False
S1_02428,U6885,2024-02-06,1,mobile,direct,pricing,False
S1_02429,U8041,2024-02-07,1,tablet,organic,product,False
S1_02430,U6975,2024-02-08,1,desktop,paid_search,product,False
S1_02431,U874,2024-02-07,1,mobile,paid_search,product,False
S1_02432,U8498,2024-02-09,1,mobile,organic,homepage,False
S1_02433,U2526,2024-02-06,1,desktop,paid_search,product,False
S1_02434,U6751,2024-02-10,1,desktop,organic,pricing,False
S1_02435,U7588,2024-02-05,1,mobile,social,homepage,False
S1_02436,U3954,2024-02-11,1,mobile,organic,pricing,False
S1_02437,U6764,2024-02-05,1,desktop,paid_search,homepage,False
S1_02438,U2643,2024-02-10,1,desktop,organic,product,False
S1_02439,U9004,2024-02-11,1,mobile,direct,pricing,False
S1_02440,U1236,2024-02-08,1,mobile,social,pricing,False
S1_02441,U7471,2024-02-08,1,mobile,organic,product,False
S1_02442,U9423,2024-02-06,1,mobile,paid_search,homepage,False
S1_02443,U3468,2024-02-08,1,mobile,direct,pricing,False
S1_02444,U6234,2024-02-07,1,mobile,social,pricing,False
S1_02445,U6971,2024-02-06,1,desktop,paid_search,homepage,False
S1_02446,U7078,2024-02-06,1,desktop,direct,pricing,False
S1_02447,U3531,2024-02-11,1,desktop,paid_search,homepage,False
S1_02448,U4902,2024-02-07,1,desktop,organic,homepage,False
S1_02449,U3167,2024-02-07,1,mobile,organic,product,False
S1_02450,U2365,2024-02-06,1,desktop,social,pricing,False
S1_02451,U349,2024-02-10,1,mobile,organic,product,False
S1_02452,U982,2024-02-10,1,tablet,social,product,False
S1_02453,U9668,2024-02-06,1,mobile,direct,pricing,False
S1_02454,U8311,2024-02-07,1,mobile,social,product,False
S1_02455,U8322,2024-02-06,1,tablet,paid_search,product,False
S1_02456,U1184,2024-02-11,1,mobile,organic,pricing,False
S1_02457,U3136,2024-02-05,1,desktop,organic,pricing,False
S1_02458,U6490,2024-02-06,1,desktop,organic,pricing,False
S1_02459,U1347,2024-02-05,1,mobile,paid_search,product,False
S1_02460,U7418,2024-02-09,1,mobile,paid_search,homepage,False
S1_02461,U1564,2024-02-09,1,mobile,paid_search,product,False
S1_02462,U9373,2024-02-05,1,mobile,paid_search,pricing,False
S1_02463,U4369,2024-02-06,1,mobile,organic,product,False
S1_02464,U7104,2024-02-07,1,desktop,organic,product,False
S1_02465,U8180,2024-02-05,1,mobile,social,homepage,False
S1_02466,U1056,2024-02-11,1,desktop,paid_search,pricing,False
S1_02467,U9887,2024-02-09,1,mobile,organic,pricing,False
S1_02468,U1392,2024-02-07,1,mobile,organic,pricing,True
S1_02469,U9047,2024-02-05,1,mobile,social,product,False
S1_02470,U3645,2024-02-05,1,mobile,direct,product,False
S1_02471,U398,2024-02-08,1,desktop,direct,homepage,False
S1_02472,U6063,2024-02-09,1,mobile,paid_search,pricing,False
S1_02473,U6540,2024-02-08,1,mobile,paid_search,product,False
S1_02474,U2394,2024-02-11,1,mobile,organic,pricing,False
S1_02475,U1395,2024-02-10,1,desktop,paid_search,pricing,False
S1_02476,U9179,2024-02-05,1,mobile,social,product,False
S1_02477,U2802,2024-02-08,1,mobile,organic,pricing,True
S1_02478,U8445,2024-02-09,1,mobile,paid_search,product,False
S1_02479,U8508,2024-02-07,1,mobile,paid_search,homepage,True
S1_02480,U6308,2024-02-05,1,mobile,social,product,False
S1_02481,U1654,2024-02-07,1,desktop,paid_search,pricing,False
S1_02482,U6915,2024-02-11,1,tablet,organic,pricing,False
S1_02483,U4334,2024-02-08,1,desktop,social,homepage,False
S1_02484,U156,2024-02-10,1,desktop,social,pricing,True
S1_02485,U4625,2024-02-06,1,desktop,social,homepage,False
S1_02486,U5153,2024-02-07,1,mobile,organic,pricing,False
S1_02487,U1197,2024-02-05,1,mobile,paid_search,homepage,False
S1_02488,U2202,2024-02-10,1,desktop,social,pricing,False
S1_02489,U3030,2024-02-11,1,mobile,social,product,False
S1_02490,U2284,2024-02-10,1,desktop,organic,product,False
S1_02491,U4647,2024-02-05,1,mobile,organic,homepage,False
S1_02492,U3339,2024-02-11,1,desktop,organic,pricing,False
S1_02493,U4959,2024-02-08,1,desktop,direct,product,False
S1_02494,U2863,2024-02-06,1,mobile,organic,product,False
S1_02495,U851,2024-02-06,1,desktop,paid_search,homepage,False
S1_02496,U6622,2024-02-07,1,mobile,organic,product,False
S1_02497,U8355,2024-02-06,1,mobile,organic,pricing,False
S1_02498,U813,2024-02-05,1,mobile,paid_search,pricing,False
S1_02499,U3339,2024-02-10,1,desktop,organic,homepage,False
S1_02500,U1099,2024-02-09,1,mobile,organic,product,False
S1_02501,U3533,2024-02-09,1,desktop,paid_search,product,False
S1_02502,U1592,2024-02-09,1,desktop,paid_search,homepage,False
S1_02503,U919,2024-02-11,1,mobile,organic,pricing,False
S1_02504,U5714,2024-02-06,1,mobile,organic,pricing,False
S1_02505,U9296,2024-02-11,1,mobile,paid_search,pricing,False
S1_02506,U9626,2024-02-07,1,desktop,organic,pricing,False
S1_02507,U6097,2024-02-09,1,mobile,paid_search,product,False
S1_02508,U8478,2024-02-08,1,mobile,social,product,False
S1_02509,U4436,2024-02-10,1,mobile,social,product,False
S1_02510,U457,2024-02-07,1,mobile,organic,product,False
S1_02511,U6202,2024-02-10,1,mobile,paid_search,homepage,True
S1_02512,U9277,2024-02-05,1,mobile,social,homepage,False
S1_02513,U7873,2024-02-07,1,desktop,direct,product,False
S1_02514,U804,2024-02-09,1,mobile,organic,pricing,False
S1_02515,U9813,2024-02-05,1,desktop,direct,product,False
S1_02516,U1216,2024-02-10,1,desktop,paid_search,homepage,False
S1_02517,U3587,2024-02-07,1,mobile,direct,pricing,False
S1_02518,U3958,2024-02-07,1,mobile,organic,homepage,True
S1_02519,U2932,2024-02-05,1,mobile,social,pricing,False
S1_02520,U1301,2024-02-05,1,desktop,organic,homepage,False
S1_02521,U5979,2024-02-06,1,mobile,social,homepage,False
S1_02522,U4494,2024-02-08,1,mobile,paid_search,product,False
S1_02523,U9357,2024-02-09,1,desktop,paid_search,pricing,False
S1_02524,U8824,2024-02-11,1,mobile,organic,product,False
S1_02525,U8774,2024-02-10,1,mobile,paid_search,pricing,False
S1_02526,U5543,2024-02-09,1,mobile,paid_search,pricing,False
S1_02527,U3584,2024-02-10,1,desktop,paid_search,homepage,False
S1_02528,U6258,2024-02-06,1,mobile,paid_search,homepage,False
S1_02529,U5251,2024-02-10,1,mobile,organic,pricing,False
S1_02530,U1660,2024-02-09,1,desktop,social,homepage,False
S1_02531,U4140,2024-02-08,1,mobile,paid_search,product,False
S1_02532,U8381,2024-02-07,1,desktop,paid_search,product,False
S1_02533,U8804,2024-02-08,1,desktop,organic,homepage,True
S1_02534,U1925,2024-02-05,1,tablet,social,pricing,False
S1_02535,U5684,2024-02-09,1,desktop,organic,product,False
S1_02536,U8520,2024-02-07,1,tablet,organic,homepage,False
S1_02537,U7241,2024-02-10,1,desktop,social,product,False
S1_02538,U8846,2024-02-06,1,mobile,social,product,False
S1_02539,U3196,2024-02-11,1,desktop,paid_search,pricing,False
S1_02540,U6097,2024-02-05,1,desktop,organic,product,False
S1_02541,U4945,2024-02-10,1,mobile,direct,product,False
S1_02542,U2091,2024-02-05,1,desktop,paid_search,homepage,True
S1_02543,U7654,2024-02-06,1,desktop,organic,pricing,True
S1_02544,U9184,2024-02-09,1,mobile,organic,pricing,False
S1_02545,U5692,2024-02-06,1,desktop,paid_search,homepage,False
S1_02546,U472,2024-02-05,1,mobile,paid_search,pricing,False
S1_02547,U4540,2024-02-07,1,desktop,paid_search,product,False
S1_02548,U7249,2024-02-07,1,desktop,paid_search,product,False
S1_02549,U4120,2024-02-11,1,mobile,paid_search,product,True
S1_02550,U2508,2024-02-06,1,desktop,organic,product,False
S1_02551,U3059,2024-02-08,1,mobile,organic,homepage,True
S1_02552,U1959,2024-02-06,1,mobile,direct,homepage,False
S1_02553,U4384,2024-02-05,1,mobile,social,pricing,False
S1_02554,U7591,2024-02-11,1,mobile,paid_search,product,False
S1_02555,U3989,2024-02-09,1,desktop,organic,product,False
S1_02556,U1972,2024-02-08,1,mobile,social,product,False
S1_02557,U2682,2024-02-09,1,mobile,direct,homepage,False
S1_02558,U1838,2024-02-09,1,mobile,social,pricing,False
S1_02559,U3374,2024-02-09,1,mobile,organic,homepage,False
S1_02560,U8111,2024-02-07,1,desktop,organic,homepage,False
S1_02561,U6634,2024-02-05,1,mobile,paid_search,homepage,False
S1_02562,U2713,2024-02-09,1,desktop,direct,product,False
S1_02563,U6876,2024-02-08,1,desktop,social,pricing,False
S1_02564,U3834,2024-02-11,1,tablet,direct,homepage,False
S1_02565,U6147,2024-02-05,1,mobile,organic,homepage,False
S1_02566,U248,2024-02-06,1,mobile,organic,homepage,False
S1_02567,U8817,2024-02-10,1,mobile,social,product,False
S1_02568,U3646,2024-02-06,1,mobile,organic,product,False
S1_02569,U3531,2024-02-09,1,mobile,paid_search,product,False
S1_02570,U618,2024-02-07,1,mobile,organic,pricing,False
S1_02571,U2106,2024-02-05,1,mobile,direct,pricing,False
S1_02572,U1635,2024-02-09,1,desktop,social,product,False
S1_02573,U7310,2024-02-08,1,mobile,paid_search,product,False
S1_02574,U2752,2024-02-11,1,mobile,social,product,False
S1_02575,U3298,2024-02-05,1,mobile,organic,product,False
S1_02576,U6451,2024-02-08,1,mobile,organic,pricing,False
S1_02577,U9347,2024-02-07,1,desktop,paid_search,pricing,False
S1_02578,U4686,2024-02-11,1,mobile,organic,homepage,False
S1_02579,U2189,2024-02-11,1,desktop,organic,homepage,False
S1_02580,U5216,2024-02-07,1,mobile,organic,pricing,True
S1_02581,U986,2024-02-11,1,desktop,paid_search,product,False
S1_02582,U3236,2024-02-11,1,mobile,organic,pricing,True
S1_02583,U9904,2024-02-05,1,mobile,organic,homepage,False
S1_02584,U9995,2024-02-11,1,desktop,social,pricing,False
S1_02585,U2706,2024-02-08,1,mobile,paid_search,pricing,False
S1_02586,U4153,2024-02-10,1,desktop,organic,homepage,False
S1_02587,U5658,2024-02-05,1,desktop,direct,pricing,False
S1_02588,U5321,2024-02-06,1,desktop,paid_search,pricing,True
S1_02589,U4000,2024-02-05,1,mobile,direct,product,False
S1_02590,U6406,2024-02-05,1,mobile,organic,pricing,True
S1_02591,U3178,2024-02-11,1,mobile,direct,product,False
S1_02592,U4939,2024-02-11,1,tablet,paid_search,product,False
S1_02593,U4903,2024-02-11,1,desktop,paid_search,homepage,False
S1_02594,U1363,2024-02-08,1,mobile,social,pricing,False
S1_02595,U5222,2024-02-06,1,mobile,direct,product,False
S1_02596,U9796,2024-02-06,1,desktop,organic,homepage,False
S1_02597,U9432,2024-02-08,1,mobile,organic,homepage,False
S1_02598,U1076,2024-02-07,1,desktop,paid_search,product,False
S1_02599,U1769,2024-02-07,1,desktop,direct,product,False
S1_02600,U4359,2024-02-11,1,mobile,direct,product,False
S1_02601,U338,2024-02-09,1,desktop,organic,product,False
S1_02602,U4048,2024-02-08,1,mobile,organic,pricing,False
S1_02603,U6355,2024-02-10,1,mobile,direct,homepage,False
S1_02604,U8856,2024-02-11,1,tablet,social,product,False
S1_02605,U5719,2024-02-11,1,mobile,organic,homepage,True
S1_02606,U4745,2024-02-11,1,desktop,organic,product,False
S1_02607,U9311,2024-02-07,1,mobile,paid_search,product,True
S1_02608,U610,2024-02-08,1,desktop,social,homepage,False
S1_02609,U1840,2024-02-10,1,mobile,social,homepage,True
S1_02610,U4465,2024-02-10,1,desktop,organic,homepage,True
S1_02611,U4576,2024-02-09,1,mobile,paid_search,product,False
S1_02612,U3899,2024-02-08,1,mobile,direct,product,True
S1_02613,U4450,2024-02-07,1,mobile,paid_search,pricing,False
S1_02614,U3470,2024-02-08,1,desktop,organic,homepage,False
S1_02615,U5541,2024-02-06,1,desktop,social,product,False
S1_02616,U2924,2024-02-09,1,mobile,paid_search,homepage,False
S1_02617,U8497,2024-02-10,1,desktop,direct,product,False
S1_02618,U6226,2024-02-09,1,desktop,paid_search,product,False
S1_02619,U6729,2024-02-07,1,mobile,social,homepage,False
S1_02620,U7355,2024-02-10,1,mobile,organic,product,False
S1_02621,U6712,2024-02-11,1,desktop,direct,homepage,True
S1_02622,U2758,2024-02-09,1,mobile,direct,homepage,False
S1_02623,U174,2024-02-11,1,mobile,paid_search,homepage,False
S1_02624,U6258,2024-02-10,1,mobile,paid_search,product,False
S1_02625,U6570,2024-02-11,1,desktop,direct,pricing,False
S1_02626,U6894,2024-02-10,1,mobile,paid_search,pricing,False
S1_02627,U2717,2024-02-09,1,mobile,organic,product,False
S1_02628,U9077,2024-02-09,1,desktop,direct,pricing,False
S1_02629,U8070,2024-02-11,1,desktop,direct,product,False
S1_02630,U2352,2024-02-09,1,mobile,direct,product,False
S1_02631,U7805,2024-02-08,1,mobile,organic,pricing,False
S1_02632,U4767,2024-02-07,1,mobile,organic,pricing,False
S1_02633,U4600,2024-02-07,1,desktop,paid_search,product,False
S1_02634,U7352,2024-02-07,1,mobile,paid_search,homepage,False
S1_02635,U6792,2024-02-10,1,desktop,paid_search,pricing,False
S1_02636,U5158,2024-02-07,1,desktop,organic,product,False
S1_02637,U9848,2024-02-11,1,mobile,social,pricing,False
S1_02638,U1914,2024-02-11,1,mobile,organic,homepage,False
S1_02639,U3402,2024-02-08,1,desktop,organic,product,False
S1_02640,U1858,2024-02-11,1,tablet,direct,product,False
S1_02641,U1230,2024-02-10,1,desktop,paid_search,pricing,False
S1_02642,U8807,2024-02-11,1,mobile,organic,product,False
S1_02643,U4279,2024-02-11,1,mobile,organic,product,False
S1_02644,U2728,2024-02-06,1,mobile,organic,homepage,False
S1_02645,U3860,2024-02-08,1,desktop,organic,product,False
S1_02646,U222,2024-02-05,1,desktop,paid_search,pricing,False
S1_02647,U464,2024-02-11,1,mobile,paid_search,homepage,False
S1_02648,U732,2024-02-08,1,tablet,paid_search,product,False
S1_02649,U5423,2024-02-11,1,desktop,paid_search,pricing,False
S1_02650,U1124,2024-02-08,1,mobile,paid_search,homepage,False
S1_02651,U8560,2024-02-08,1,desktop,paid_search,homepage,False
S1_02652,U9441,2024-02-11,1,desktop,paid_search,homepage,False
S1_02653,U5267,2024-02-11,1,mobile,paid_search,homepage,False
S1_02654,U1868,2024-02-11,1,mobile,organic,product,False
S1_02655,U5894,2024-02-07,1,mobile,organic,product,False
S1_02656,U27,2024-02-11,1,tablet,social,product,False
S1_02657,U8085,2024-02-07,1,mobile,organic,homepage,False
S1_02658,U961,2024-02-11,1,desktop,organic,homepage,True
S1_02659,U545,2024-02-10,1,desktop,organic,homepage,False
S1_02660,U4458,2024-02-09,1,desktop,organic,pricing,False
S1_02661,U2934,2024-02-08,1,desktop,social,homepage,False
S1_02662,U3831,2024-02-07,1,mobile,organic,pricing,False
S1_02663,U7181,2024-02-08,1,mobile,paid_search,homepage,False
S1_02664,U2561,2024-02-05,1,desktop,paid_search,homepage,False
S1_02665,U6571,2024-02-09,1,desktop,direct,product,False
S1_02666,U3068,2024-02-10,1,mobile,paid_search,homepage,False
S1_02667,U2235,2024-02-11,1,desktop,organic,product,True
S1_02668,U4862,2024-02-07,1,tablet,paid_search,pricing,False
S1_02669,U653,2024-02-06,1,mobile,paid_search,homepage,False
S1_02670,U4959,2024-02-05,1,mobile,organic,pricing,False
S1_02671,U1938,2024-02-07,1,mobile,paid_search,pricing,True
S1_02672,U8428,2024-02-07,1,desktop,organic,homepage,False
S1_02673,U3739,2024-02-06,1,mobile,organic,pricing,False
S1_02674,U6414,2024-02-07,1,mobile,social,homepage,False
S1_02675,U4962,2024-02-08,1,mobile,direct,pricing,False
S1_02676,U5396,2024-02-09,1,desktop,paid_search,homepage,False
S1_02677,U2445,2024-02-06,1,mobile,organic,pricing,True
S1_02678,U275,2024-02-08,1,desktop,organic,homepage,False
S1_02679,U1862,2024-02-05,1,desktop,paid_search,product,False
S1_02680,U7675,2024-02-10,1,desktop,organic,pricing,False
S1_02681,U2916,2024-02-07,1,mobile,paid_search,product,False
S1_02682,U8968,2024-02-10,1,mobile,social,homepage,False
S1_02683,U4301,2024-02-07,1,desktop,organic,homepage,False
S1_02684,U3858,2024-02-08,1,mobile,social,product,False
S1_02685,U3028,2024-02-09,1,mobile,organic,pricing,False
S1_02686,U783,2024-02-11,1,mobile,paid_search,homepage,False
S1_02687,U6313,2024-02-07,1,mobile,organic,product,False
S1_02688,U1526,2024-02-05,1,mobile,organic,pricing,False
S1_02689,U5379,2024-02-11,1,desktop,paid_search,homepage,False
S1_02690,U560,2024-02-05,1,desktop,organic,pricing,True
S1_02691,U1568,2024-02-05,1,desktop,social,product,False
S1_02692,U5625,2024-02-10,1,mobile,social,homepage,False
S1_02693,U3184,2024-02-10,1,desktop,paid_search,product,False
S1_02694,U9821,2024-02-09,1,desktop,organic,product,False
S1_02695,U8596,2024-02-06,1,mobile,social,pricing,False
S1_02696,U8280,2024-02-06,1,mobile,social,pricing,True
S1_02697,U6598,2024-02-07,1,mobile,organic,homepage,False
S1_02698,U8220,2024-02-06,1,mobile,direct,product,True
S1_02699,U1468,2024-02-10,1,mobile,organic,product,False
S1_02700,U7515,2024-02-08,1,desktop,paid_search,homepage,False
S1_02701,U5737,2024-02-08,1,mobile,social,product,False
S1_02702,U353,2024-02-07,1,mobile,paid_search,pricing,False
S1_02703,U82,2024-02-09,1,mobile,paid_search,homepage,False
S1_02704,U7872,2024-02-10,1,desktop,organic,homepage,False
S1_02705,U1073,2024-02-05,1,desktop,paid_search,homepage,False
S1_02706,U7181,2024-02-07,1,desktop,paid_search,pricing,False
S1_02707,U2478,2024-02-05,1,mobile,social,product,False
S1_02708,U398,2024-02-05,1,desktop,social,product,False
S1_02709,U27,2024-02-06,1,mobile,social,product,False
S1_02710,U1853,2024-02-05,1,mobile,paid_search,product,True
S1_02711,U5134,2024-02-05,1,mobile,paid_search,homepage,True
S1_02712,U9612,2024-02-10,1,tablet,direct,pricing,False
S1_02713,U5599,2024-02-10,1,desktop,social,pricing,False
S1_02714,U7942,2024-02-11,1,desktop,paid_search,product,False
S1_02715,U6550,2024-02-05,1,desktop,paid_search,homepage,False
S1_02716,U88,2024-02-07,1,mobile,direct,homepage,False
S1_02717,U6062,2024-02-08,1,desktop,organic,homepage,False
S1_02718,U2128,2024-02-05,1,desktop,organic,homepage,True
S1_02719,U9725,2024-02-10,1,desktop,organic,product,True
S1_02720,U5139,2024-02-07,1,mobile,social,product,False
S1_02721,U5425,2024-02-08,1,mobile,paid_search,product,False
S1_02722,U7888,2024-02-07,1,desktop,organic,pricing,False
S1_02723,U6323,2024-02-09,1,desktop,direct,pricing,False
S1_02724,U1910,2024-02-08,1,mobile,paid_search,product,False
S1_02725,U2853,2024-02-06,1,mobile,direct,product,False
S1_02726,U8401,2024-02-06,1,mobile,paid_search,product,False
S1_02727,U1405,2024-02-06,1,mobile,direct,homepage,False
S1_02728,U1197,2024-02-07,1,mobile,organic,homepage,False
S1_02729,U8537,2024-02-06,1,desktop,paid_search,pricing,False
S1_02730,U1934,2024-02-11,1,mobile,organic,pricing,False
S1_02731,U6014,2024-02-09,1,mobile,organic,homepage,False
S1_02732,U9143,2024-02-05,1,mobile,organic,pricing,False
S1_02733,U1677,2024-02-11,1,mobile,organic,product,False
S1_02734,U621,2024-02-05,1,desktop,organic,product,False
S1_02735,U1380,2024-02-07,1,mobile,organic,pricing,False
S1_02736,U91,2024-02-05,1,mobile,paid_search,pricing,False
S1_02737,U6107,2024-02-05,1,mobile,social,product,False
S1_02738,U8825,2024-02-06,1,mobile,paid_search,pricing,False
S1_02739,U3201,2024-02-10,1,mobile,organic,homepage,False
S1_02740,U1134,2024-02-06,1,mobile,social,homepage,True
S1_02741,U7006,2024-02-10,1,desktop,paid_search,product,False
S1_02742,U1804,2024-02-08,1,mobile,organic,pricing,False
S1_02743,U9400,2024-02-11,1,desktop,paid_search,product,False
S1_02744,U3649,2024-02-07,1,desktop,direct,homepage,False
S1_02745,U7759,2024-02-09,1,desktop,paid_search,homepage,False
S1_02746,U652,2024-02-09,1,tablet,organic,homepage,False
S1_02747,U987,2024-02-11,1,mobile,organic,pricing,False
S1_02748,U9444,2024-02-06,1,mobile,organic,homepage,False
S1_02749,U9377,2024-02-10,1,mobile,paid_search,product,False
S1_02750,U4762,2024-02-09,1,desktop,paid_search,product,True
S1_02751,U2165,2024-02-06,1,desktop,direct,homepage,False
S1_02752,U3273,2024-02-07,1,mobile,organic,product,False
S1_02753,U1659,2024-02-05,1,mobile,organic,pricing,True
S1_02754,U7270,2024-02-08,1,desktop,social,product,False
S1_02755,U8636,2024-02-07,1,desktop,organic,product,False
S1_02756,U7469,2024-02-07,1,desktop,social,homepage,True
S1_02757,U2663,2024-02-08,1,mobile,paid_search,homepage,False
S1_02758,U9792,2024-02-06,1,mobile,paid_search,homepage,False
S1_02759,U6619,2024-02-06,1,mobile,social,homepage,False
S1_02760,U756,2024-02-05,1,mobile,organic,homepage,False
S1_02761,U994,2024-02-10,1,mobile,direct,homepage,False
S1_02762,U548,2024-02-10,1,desktop,paid_search,homepage,False
S1_02763,U8362,2024-02-07,1,mobile,organic,pricing,False
S1_02764,U3629,2024-02-11,1,mobile,paid_search,pricing,True
S1_02765,U4338,2024-02-08,1,mobile,paid_search,product,False
S1_02766,U327,2024-02-06,1,mobile,direct,pricing,False
S1_02767,U6048,2024-02-05,1,desktop,social,homepage,False
S1_02768,U3674,2024-02-05,1,mobile,organic,product,False
S1_02769,U8236,2024-02-05,1,mobile,social,pricing,False
S1_02770,U9496,2024-02-06,1,mobile,organic,pricing,False
S1_02771,U9627,2024-02-05,1,mobile,organic,homepage,True
S1_02772,U5563,2024-02-08,1,mobile,paid_search,pricing,False
S1_02773,U652,2024-02-09,1,desktop,direct,homepage,False
S1_02774,U7279,2024-02-08,1,desktop,social,product,True
S1_02775,U7129,2024-02-05,1,mobile,social,product,False
S1_02776,U2787,2024-02-05,1,desktop,organic,homepage,True
S1_02777,U8407,2024-02-08,1,mobile,direct,homepage,False
S1_02778,U2462,2024-02-10,1,mobile,organic,homepage,False
S1_02779,U6841,2024-02-10,1,mobile,direct,pricing,False
S1_02780,U6533,2024-02-07,1,desktop,social,homepage,False
S1_02781,U7551,2024-02-11,1,mobile,social,pricing,True
S1_02782,U3249,2024-02-10,1,desktop,paid_search,product,False
S1_02783,U3080,2024-02-05,1,desktop,paid_search,homepage,False
S1_02784,U5389,2024-02-06,1,mobile,paid_search,product,False
S1_02785,U5441,2024-02-07,1,desktop,paid_search,homepage,False
S1_02786,U2967,2024-02-06,1,desktop,paid_search,pricing,False
S1_02787,U1950,2024-02-10,1,mobile,paid_search,product,False
S1_02788,U6188,2024-02-06,1,desktop,organic,pricing,True
S1_02789,U2763,2024-02-07,1,mobile,organic,product,False
S1_02790,U2041,2024-02-09,1,desktop,organic,homepage,False
S1_02791,U390,2024-02-11,1,mobile,paid_search,product,False
S1_02792,U9829,2024-02-10,1,mobile,paid_search,homepage,False
S1_02793,U3024,2024-02-06,1,mobile,organic,product,False
S1_02794,U7212,2024-02-10,1,desktop,paid_search,pricing,False
S1_02795,U8917,2024-02-08,1,desktop,organic,homepage,False
S1_02796,U7804,2024-02-08,1,mobile,paid_search,product,False
S1_02797,U3808,2024-02-11,1,mobile,direct,homepage,False
S1_02798,U4195,2024-02-06,1,mobile,social,homepage,False
S1_02799,U8141,2024-02-07,1,desktop,organic,pricing,False
S1_02800,U1813,2024-02-07,1,desktop,direct,product,False
S1_02801,U848,2024-02-05,1,mobile,organic,pricing,True
S1_02802,U2312,2024-02-05,1,desktop,paid_search,pricing,True
S1_02803,U845,2024-02-06,1,mobile,social,homepage,False
S1_02804,U5186,2024-02-06,1,mobile,organic,pricing,False
S1_02805,U2516,2024-02-05,1,desktop,organic,pricing,False
S1_02806,U1888,2024-02-11,1,mobile,paid_search,product,False
S1_02807,U7403,2024-02-05,1,desktop,organic,homepage,False
S1_02808,U2481,2024-02-08,1,mobile,social,pricing,False
S1_02809,U9585,2024-02-11,1,mobile,organic,product,True
S1_02810,U782,2024-02-10,1,tablet,direct,homepage,False
S1_02811,U7122,2024-02-07,1,mobile,paid_search,product,False
S1_02812,U6165,2024-02-09,1,mobile,social,homepage,False
S1_02813,U8885,2024-02-08,1,mobile,organic,homepage,False
S1_02814,U7037,2024-02-09,1,mobile,paid_search,pricing,False
S1_02815,U7791,2024-02-09,1,mobile,organic,product,False
S1_02816,U9728,2024-02-11,1,mobile,paid_search,homepage,False
S1_02817,U8946,2024-02-10,1,desktop,social,homepage,False
S1_02818,U2066,2024-02-08,1,tablet,social,product,False
S1_02819,U9039,2024-02-10,1,mobile,direct,pricing,False
S1_02820,U200,2024-02-10,1,desktop,organic,homepage,False
S1_02821,U5730,2024-02-10,1,mobile,organic,product,False
S1_02822,U2907,2024-02-11,1,mobile,direct,pricing,True
S1_02823,U512,2024-02-06,1,mobile,organic,homepage,False
S1_02824,U9718,2024-02-10,1,mobile,social,pricing,False
S1_02825,U312,2024-02-05,1,desktop,organic,homepage,False
S1_02826,U6305,2024-02-10,1,mobile,social,homepage,False
S1_02827,U2237,2024-02-10,1,desktop,social,product,True
S1_02828,U8293,2024-02-06,1,desktop,paid_search,product,False
S1_02829,U1733,2024-02-06,1,desktop,organic,product,False
S1_02830,U4509,2024-02-10,1,mobile,organic,pricing,True
S1_02831,U7899,2024-02-06,1,mobile,organic,product,False
S1_02832,U1709,2024-02-10,1,desktop,paid_search,product,True
S1_02833,U8855,2024-02-08,1,mobile,paid_search,product,False
S1_02834,U8977,2024-02-07,1,desktop,social,homepage,False
S1_02835,U6094,2024-02-08,1,desktop,organic,homepage,False
S1_02836,U864,2024-02-10,1,mobile,paid_search,homepage,False
S1_02837,U3259,2024-02-10,1,desktop,social,product,False
S1_02838,U2187,2024-02-10,1,mobile,paid_search,homepage,False
S1_02839,U2664,2024-02-05,1,desktop,paid_search,product,False
S1_02840,U6158,2024-02-09,1,desktop,organic,homepage,False
S1_02841,U8217,2024-02-05,1,desktop,organic,homepage,False
S1_02842,U8134,2024-02-09,1,desktop,organic,product,False
S1_02843,U4333,2024-02-11,1,mobile,organic,pricing,False
S1_02844,U8736,2024-02-08,1,desktop,organic,product,False
S1_02845,U6682,2024-02-08,1,mobile,organic,homepage,False
S1_02846,U9457,2024-02-08,1,desktop,social,homepage,False
S1_02847,U2129,2024-02-06,1,desktop,organic,product,False
S1_02848,U4908,2024-02-06,1,mobile,paid_search,product,False
S1_02849,U740,2024-02-11,1,desktop,social,product,True
S1_02850,U8973,2024-02-10,1,desktop,organic,homepage,True
S1_02851,U6714,2024-02-10,1,mobile,organic,product,False
S1_02852,U9813,2024-02-11,1,desktop,organic,pricing,False
S1_02853,U8365,2024-02-11,1,mobile,paid_search,homepage,False
S1_02854,U6049,2024-02-10,1,desktop,organic,pricing,False
S1_02855,U1493,2024-02-05,1,mobile,social,homepage,False
S1_02856,U7601,2024-02-05,1,desktop,paid_search,pricing,False
S1_02857,U5385,2024-02-06,1,tablet,organic,pricing,False
S1_02858,U6968,2024-02-05,1,desktop,direct,pricing,False
S1_02859,U4922,2024-02-06,1,mobile,paid_search,pricing,False
S1_02860,U3287,2024-02-11,1,desktop,organic,product,True
S1_02861,U43,2024-02-05,1,mobile,organic,product,False
S1_02862,U6213,2024-02-10,1,mobile,paid_search,homepage,False
S1_02863,U4302,2024-02-11,1,tablet,social,product,False
S1_02864,U4358,2024-02-11,1,desktop,direct,product,False
S1_02865,U3094,2024-02-08,1,tablet,direct,homepage,False
S1_02866,U7865,2024-02-05,1,mobile,social,pricing,False
S1_02867,U5692,2024-02-07,1,mobile,paid_search,pricing,False
S1_02868,U6187,2024-02-07,1,desktop,paid_search,pricing,False
S1_02869,U9203,2024-02-05,1,mobile,organic,homepage,True
S1_02870,U6795,2024-02-08,1,mobile,social,homepage,False
S1_02871,U819,2024-02-10,1,desktop,organic,pricing,False
S1_02872,U545,2024-02-08,1,mobile,social,pricing,False
S1_02873,U2369,2024-02-07,1,mobile,social,product,True
S1_02874,U4360,2024-02-09,1,mobile,paid_search,homepage,False
S1_02875,U436,2024-02-05,1,mobile,paid_search,pricing,False
S1_02876,U3779,2024-02-11,1,mobile,organic,pricing,False
S1_02877,U4273,2024-02-11,1,tablet,organic,pricing,False
S1_02878,U2010,2024-02-06,1,mobile,paid_search,pricing,False
S1_02879,U8143,2024-02-06,1,desktop,organic,pricing,True
S1_02880,U2051,2024-02-05,1,desktop,direct,product,False
S1_02881,U95,2024-02-05,1,desktop,organic,pricing,False
S1_02882,U2012,2024-02-05,1,desktop,organic,homepage,False
S1_02883,U4803,2024-02-08,1,mobile,social,homepage,False
S1_02884,U4708,2024-02-11,1,desktop,social,pricing,False
S1_02885,U296,2024-02-09,1,mobile,direct,product,False
S1_02886,U1713,2024-02-06,1,desktop,social,pricing,False
S1_02887,U5724,2024-02-05,1,mobile,organic,pricing,False
S1_02888,U6981,2024-02-08,1,mobile,organic,pricing,False
S1_02889,U7883,2024-02-09,1,desktop,direct,homepage,True
S1_02890,U9340,2024-02-10,1,mobile,paid_search,product,False
S1_02891,U3311,2024-02-11,1,mobile,paid_search,pricing,False
S1_02892,U564,2024-02-08,1,desktop,social,pricing,True
S1_02893,U5379,2024-02-06,1,mobile,organic,pricing,False
S1_02894,U9107,2024-02-07,1,mobile,paid_search,product,False
S1_02895,U5230,2024-02-09,1,mobile,direct,product,True
S1_02896,U4531,2024-02-06,1,desktop,paid_search,homepage,False
S1_02897,U6580,2024-02-11,1,mobile,paid_search,product,False
S1_02898,U3327,2024-02-11,1,desktop,organic,product,True
S1_02899,U8784,2024-02-07,1,mobile,social,pricing,False
S1_02900,U799,2024-02-11,1,mobile,paid_search,pricing,False
S1_02901,U3271,2024-02-10,1,mobile,social,product,False
S1_02902,U5,2024-02-09,1,mobile,paid_search,product,False
S1_02903,U1193,2024-02-05,1,mobile,paid_search,homepage,True
S1_02904,U1070,2024-02-06,1,mobile,social,pricing,False
S1_02905,U3652,2024-02-07,1,tablet,paid_search,product,False
S1_02906,U1094,2024-02-11,1,mobile,organic,pricing,True
S1_02907,U6617,2024-02-08,1,desktop,organic,homepage,False
S1_02908,U5298,2024-02-06,1,mobile,paid_search,homepage,False
S1_02909,U4749,2024-02-07,1,desktop,organic,product,False
S1_02910,U4339,2024-02-11,1,desktop,organic,homepage,False
S1_02911,U4225,2024-02-10,1,mobile,paid_search,product,False
S1_02912,U8563,2024-02-10,1,tablet,organic,product,False
S1_02913,U1022,2024-02-06,1,desktop,paid_search,homepage,False
S1_02914,U3392,2024-02-10,1,mobile,paid_search,homepage,False
S1_02915,U7939,2024-02-11,1,mobile,social,product,False
S1_02916,U9049,2024-02-11,1,mobile,organic,product,False
S1_02917,U5305,2024-02-07,1,mobile,organic,product,False
S1_02918,U9688,2024-02-05,1,desktop,direct,homepage,False
S1_02919,U1040,2024-02-07,1,desktop,social,pricing,False
S1_02920,U490,2024-02-06,1,desktop,organic,pricing,False
S1_02921,U463,2024-02-06,1,desktop,organic,homepage,True
S1_02922,U8481,2024-02-11,1,mobile,paid_search,product,False
S1_02923,U8408,2024-02-05,1,mobile,paid_search,pricing,False
S1_02924,U753,2024-02-06,1,tablet,paid_search,homepage,False
S1_02925,U8651,2024-02-07,1,desktop,direct,pricing,False
S1_02926,U2175,2024-02-06,1,desktop,paid_search,homepage,False
S1_02927,U9163,2024-02-07,1,tablet,social,pricing,False
S1_02928,U819,2024-02-10,1,mobile,social,product,True
S1_02929,U2471,2024-02-08,1,mobile,social,homepage,False
S1_02930,U2846,2024-02-06,1,desktop,paid_search,pricing,False
S1_02931,U4968,2024-02-07,1,mobile,organic,product,False
S1_02932,U9839,2024-02-08,1,mobile,organic,pricing,True
S1_02933,U5852,2024-02-06,1,desktop,organic,pricing,False
S1_02934,U9991,2024-02-06,1,mobile,direct,homepage,False
S1_02935,U85,2024-02-10,1,mobile,paid_search,pricing,False
S1_02936,U6270,2024-02-06,1,mobile,direct,product,False
S1_02937,U5093,2024-02-05,1,mobile,paid_search,homepage,False
S1_02938,U2929,2024-02-10,1,mobile,organic,product,False
S1_02939,U1045,2024-02-05,1,mobile,social,homepage,False
S1_02940,U8785,2024-02-09,1,desktop,paid_search,pricing,False
S1_02941,U8438,2024-02-10,1,mobile,organic,homepage,False
S1_02942,U7057,2024-02-10,1,desktop,organic,pricing,False
S1_02943,U3978,2024-02-10,1,mobile,direct,pricing,False
S1_02944,U7721,2024-02-05,1,mobile,organic,product,False
S1_02945,U86,2024-02-10,1,desktop,social,product,False
S1_02946,U3361,2024-02-05,1,mobile,paid_search,pricing,False
S1_02947,U5321,2024-02-09,1,mobile,paid_search,product,False
S1_02948,U9870,2024-02-06,1,desktop,organic,product,False
S1_02949,U9241,2024-02-06,1,mobile,paid_search,pricing,False
S1_02950,U9661,2024-02-08,1,mobile,organic,homepage,False
S1_02951,U26,2024-02-10,1,mobile,paid_search,product,True
S1_02952,U1240,2024-02-10,1,tablet,social,homepage,False
S1_02953,U6406,2024-02-06,1,mobile,organic,pricing,False
S1_02954,U6591,2024-02-06,1,mobile,direct,product,False
S1_02955,U4467,2024-02-09,1,mobile,paid_search,homepage,False
S1_02956,U1419,2024-02-08,1,desktop,organic,product,False
S1_02957,U3429,2024-02-05,1,mobile,paid_search,product,False
S1_02958,U4006,2024-02-05,1,mobile,organic,homepage,False
S1_02959,U1080,2024-02-09,1,mobile,social,product,False
S1_02960,U9919,2024-02-09,1,desktop,direct,homepage,False
S1_02961,U9615,2024-02-09,1,tablet,organic,homepage,False
S1_02962,U944,2024-02-07,1,tablet,paid_search,pricing,False
S1_02963,U518,2024-02-06,1,desktop,organic,product,False
S1_02964,U8704,2024-02-08,1,mobile,organic,product,False
S1_02965,U2211,2024-02-07,1,mobile,organic,homepage,False
S1_02966,U5466,2024-02-09,1,mobile,social,product,False
S1_02967,U3992,2024-02-06,1,tablet,paid_search,pricing,False
S1_02968,U3886,2024-02-10,1,mobile,paid_search,product,False
S1_02969,U8437,2024-02-11,1,desktop,paid_search,product,False
S1_02970,U5062,2024-02-05,1,mobile,social,homepage,False
S1_02971,U3232,2024-02-09,1,desktop,social,homepage,True
S1_02972,U8099,2024-02-10,1,mobile,organic,homepage,False
S1_02973,U275,2024-02-08,1,mobile,paid_search,pricing,False
S1_02974,U8781,2024-02-09,1,mobile,social,homepage,False
S1_02975,U2280,2024-02-11,1,desktop,direct,pricing,True
S1_02976,U2172,2024-02-08,1,mobile,organic,pricing,False
S1_02977,U3447,2024-02-05,1,desktop,organic,pricing,False
S1_02978,U528,2024-02-07,1,mobile,paid_search,pricing,False
S1_02979,U164,2024-02-11,1,desktop,organic,pricing,False
S1_02980,U4892,2024-02-06,1,mobile,organic,product,False
S1_02981,U6799,2024-02-08,1,desktop,organic,product,True
S1_02982,U4529,2024-02-11,1,mobile,organic,product,False
S1_02983,U9879,2024-02-10,1,mobile,organic,product,False
S1_02984,U7769,2024-02-11,1,desktop,organic,homepage,False
S1_02985,U4213,2024-02-11,1,desktop,paid_search,homepage,False
S1_02986,U7858,2024-02-09,1,mobile,organic,product,False
S1_02987,U2239,2024-02-07,1,desktop,paid_search,pricing,False
S1_02988,U6603,2024-02-09,1,mobile,paid_search,homepage,False
S1_02989,U883,2024-02-07,1,desktop,organic,product,False
S1_02990,U1716,2024-02-06,1,desktop,organic,homepage,False
S1_02991,U9819,2024-02-08,1,mobile,paid_search,homepage,False
S1_02992,U1693,2024-02-08,1,desktop,organic,homepage,False
S1_02993,U316,2024-02-07,1,mobile,paid_search,homepage,False
S1_02994,U7090,2024-02-05,1,desktop,organic,homepage,False
S1_02995,U1029,2024-02-05,1,mobile,social,homepage,False
S1_02996,U4906,2024-02-09,1,mobile,paid_search,product,False
S1_02997,U3445,2024-02-10,1,mobile,social,product,False
S1_02998,U510,2024-02-05,1,mobile,paid_search,product,False
S1_02999,U433,2024-02-09,1,desktop,organic,homepage,False
S1_03000,U451,2024-02-05,1,desktop,direct,product,False
S1_03001,U7301,2024-02-08,1,desktop,organic,pricing,True
S1_03002,U3978,2024-02-08,1,mobile,organic,product,False
S1_03003,U356,2024-02-05,1,desktop,social,pricing,False
S1_03004,U8117,2024-02-08,1,desktop,paid_search,product,False
S1_03005,U8308,2024-02-09,1,desktop,social,pricing,False
S1_03006,U7360,2024-02-07,1,mobile,paid_search,product,False
S1_03007,U9814,2024-02-07,1,mobile,direct,pricing,False
S1_03008,U7147,2024-02-07,1,mobile,organic,homepage,False
S1_03009,U8798,2024-02-07,1,mobile,direct,product,False
S1_03010,U873,2024-02-07,1,mobile,organic,product,False
S1_03011,U8289,2024-02-06,1,desktop,direct,product,False
S1_03012,U6857,2024-02-11,1,mobile,social,pricing,False
S1_03013,U8090,2024-02-06,1,mobile,social,product,False
S1_03014,U2483,2024-02-09,1,mobile,direct,homepage,True
S1_03015,U2615,2024-02-09,1,desktop,organic,pricing,False
S1_03016,U2427,2024-02-11,1,mobile,paid_search,pricing,False
S1_03017,U5483,2024-02-08,1,mobile,paid_search,pricing,False
S1_03018,U8067,2024-02-11,1,desktop,organic,pricing,True
S1_03019,U3394,2024-02-11,1,desktop,paid_search,homepage,False
S1_03020,U8999,2024-02-09,1,desktop,organic,homepage,False
S1_03021,U8412,2024-02-09,1,mobile,organic,pricing,False
S1_03022,U8248,2024-02-09,1,mobile,direct,pricing,False
S1_03023,U4481,2024-02-08,1,desktop,paid_search,pricing,False
S1_03024,U7511,2024-02-06,1,desktop,paid_search,homepage,True
S1_03025,U5507,2024-02-11,1,mobile,organic,pricing,False
S1_03026,U6846,2024-02-11,1,desktop,paid_search,pricing,False
S1_03027,U6751,2024-02-06,1,mobile,organic,product,True
S1_03028,U8205,2024-02-09,1,desktop,direct,homepage,False
S1_03029,U1981,2024-02-10,1,desktop,paid_search,homepage,False
S1_03030,U869,2024-02-09,1,desktop,organic,pricing,False
S1_03031,U9911,2024-02-08,1,desktop,organic,homepage,True
S1_03032,U8534,2024-02-05,1,mobile,organic,pricing,False
S1_03033,U345,2024-02-11,1,desktop,organic,homepage,True
S1_03034,U3774,2024-02-09,1,desktop,paid_search,product,True
S1_03035,U2782,2024-02-11,1,mobile,organic,pricing,False
S1_03036,U2335,2024-02-09,1,mobile,organic,pricing,False
S1_03037,U8880,2024-02-08,1,desktop,paid_search,pricing,False
S1_03038,U2387,2024-02-06,1,desktop,paid_search,pricing,False
S1_03039,U3609,2024-02-11,1,desktop,social,homepage,False
S1_03040,U5189,2024-02-06,1,mobile,paid_search,pricing,False
S1_03041,U2182,2024-02-10,1,mobile,organic,product,False
S1_03042,U1354,2024-02-09,1,mobile,paid_search,pricing,False
S1_03043,U8901,2024-02-07,1,desktop,organic,product,True
S1_03044,U8535,2024-02-11,1,desktop,paid_search,product,False
S1_03045,U3646,2024-02-06,1,desktop,organic,homepage,False
S1_03046,U5202,2024-02-06,1,mobile,paid_search,pricing,False
S1_03047,U9444,2024-02-06,1,mobile,organic,pricing,True
S1_03048,U7672,2024-02-09,1,mobile,social,pricing,False
S1_03049,U7277,2024-02-06,1,mobile,social,product,False
S1_03050,U6741,2024-02-11,1,mobile,organic,product,True
S1_03051,U1419,2024-02-11,1,mobile,paid_search,product,False
S1_03052,U9134,2024-02-09,1,tablet,paid_search,homepage,False
S1_03053,U968,2024-02-08,1,mobile,paid_search,homepage,False
S1_03054,U233,2024-02-06,1,mobile,social,product,False
S1_03055,U5329,2024-02-06,1,mobile,organic,homepage,False
S1_03056,U3065,2024-02-09,1,desktop,direct,product,False
S1_03057,U3775,2024-02-10,1,desktop,social,product,False
S1_03058,U5229,2024-02-10,1,mobile,organic,product,False
S1_03059,U7889,2024-02-06,1,desktop,paid_search,product,False
S1_03060,U9567,2024-02-10,1,mobile,paid_search,homepage,False
S1_03061,U7938,2024-02-09,1,desktop,organic,pricing,False
S1_03062,U8061,2024-02-11,1,desktop,direct,homepage,False
S1_03063,U5005,2024-02-07,1,mobile,paid_search,pricing,False
S1_03064,U6437,2024-02-10,1,desktop,paid_search,homepage,False
S1_03065,U8761,2024-02-08,1,tablet,direct,pricing,False
S1_03066,U90,2024-02-10,1,mobile,organic,pricing,True
S1_03067,U2863,2024-02-08,1,mobile,social,product,False
S1_03068,U640,2024-02-08,1,desktop,social,homepage,False
S1_03069,U674,2024-02-05,1,desktop,social,product,False
S1_03070,U6047,2024-02-11,1,mobile,paid_search,product,True
S1_03071,U1121,2024-02-10,1,mobile,organic,homepage,False
S1_03072,U3045,2024-02-08,1,mobile,organic,pricing,False
S1_03073,U1000,2024-02-08,1,desktop,organic,product,False
S1_03074,U338,2024-02-05,1,mobile,paid_search,product,False
S1_03075,U8244,2024-02-06,1,desktop,organic,pricing,False
S1_03076,U5582,2024-02-09,1,mobile,paid_search,pricing,False
S1_03077,U7623,2024-02-06,1,desktop,direct,homepage,False
S1_03078,U1017,2024-02-10,1,mobile,social,pricing,False
S1_03079,U8859,2024-02-06,1,mobile,organic,homepage,False
S1_03080,U492,2024-02-10,1,desktop,social,product,False
S1_03081,U8831,2024-02-05,1,mobile,organic,pricing,False
S1_03082,U9645,2024-02-06,1,mobile,paid_search,homepage,False
S1_03083,U1596,2024-02-08,1,desktop,social,product,False
S1_03084,U8724,2024-02-08,1,mobile,social,pricing,False
S1_03085,U857,2024-02-07,1,desktop,paid_search,homepage,True
S1_03086,U3906,2024-02-11,1,mobile,organic,product,False
S1_03087,U6996,2024-02-07,1,desktop,organic,product,False
S1_03088,U2338,2024-02-11,1,desktop,paid_search,homepage,True
S1_03089,U4174,2024-02-11,1,mobile,social,product,False
S1_03090,U1697,2024-02-07,1,desktop,organic,product,False
S1_03091,U4075,2024-02-08,1,mobile,paid_search,pricing,False
S1_03092,U7292,2024-02-07,1,tablet,paid_search,product,False
S1_03093,U9538,2024-02-05,1,mobile,organic,product,False
S1_03094,U6935,2024-02-07,1,mobile,social,product,False
S1_03095,U5083,2024-02-07,1,mobile,paid_search,homepage,False
S1_03096,U8526,2024-02-11,1,mobile,paid_search,pricing,False
S1_03097,U5811,2024-02-06,1,mobile,organic,homepage,False
S1_03098,U2178,2024-02-11,1,mobile,social,homepage,False
S1_03099,U7651,2024-02-07,1,desktop,organic,pricing,False
S1_03100,U8911,2024-02-11,1,mobile,social,homepage,False
S1_03101,U8678,2024-02-06,1,mobile,paid_search,homepage,False
S1_03102,U9469,2024-02-10,1,mobile,direct,homepage,False
S1_03103,U5417,2024-02-08,1,mobile,organic,pricing,False
S1_03104,U7615,2024-02-08,1,mobile,paid_search,pricing,False
S1_03105,U3543,2024-02-05,1,tablet,organic,homepage,False
S1_03106,U780,2024-02-10,1,mobile,organic,product,False
S1_03107,U3995,2024-02-08,1,mobile,direct,pricing,False
S1_03108,U1517,2024-02-11,1,mobile,organic,product,False
S1_03109,U2475,2024-02-06,1,desktop,organic,homepage,False
S1_03110,U1089,2024-02-08,1,mobile,organic,product,False
S1_03111,U3035,2024-02-08,1,mobile,direct,homepage,True
S1_03112,U1064,2024-02-09,1,mobile,organic,homepage,False
S1_03113,U2666,2024-02-10,1,mobile,paid_search,pricing,False
S1_03114,U2157,2024-02-08,1,mobile,organic,homepage,False
S1_03115,U1447,2024-02-11,1,desktop,organic,pricing,True
S1_03116,U309,2024-02-09,1,mobile,organic,product,False
S1_03117,U1327,2024-02-08,1,mobile,organic,pricing,False
S1_03118,U9218,2024-02-10,1,mobile,organic,product,True
S1_03119,U4822,2024-02-06,1,desktop,paid_search,product,False
S1_03120,U8828,2024-02-11,1,mobile,organic,product,False
S1_03121,U1306,2024-02-11,1,mobile,organic,pricing,False
S1_03122,U3361,2024-02-06,1,desktop,social,pricing,False
S1_03123,U7082,2024-02-06,1,mobile,organic,homepage,False
S1_03124,U1786,2024-02-06,1,mobile,social,homepage,False
S1_03125,U4575,2024-02-09,1,desktop,organic,homepage,False
S1_03126,U29,2024-02-08,1,desktop,organic,product,False
S1_03127,U6915,2024-02-05,1,mobile,organic,pricing,False
S1_03128,U9067,2024-02-06,1,mobile,social,product,False
S1_03129,U9866,2024-02-11,1,desktop,social,pricing,False
S1_03130,U5057,2024-02-05,1,mobile,organic,product,False
S1_03131,U9088,2024-02-09,1,desktop,organic,homepage,False
S1_03132,U49,2024-02-08,1,desktop,paid_search,homepage,False
S1_03133,U9918,2024-02-05,1,mobile,organic,product,False
S1_03134,U9551,2024-02-08,1,desktop,organic,pricing,False
S1_03135,U4713,2024-02-11,1,mobile,organic,product,False
S1_03136,U4749,2024-02-05,1,desktop,organic,homepage,True
S1_03137,U5464,2024-02-08,1,mobile,direct,pricing,False
S1_03138,U9606,2024-02-11,1,mobile,paid_search,homepage,False
S1_03139,U7797,2024-02-10,1,mobile,paid_search,homepage,False
S1_03140,U9378,2024-02-11,1,mobile,paid_search,pricing,False
S1_03141,U2107,2024-02-05,1,tablet,organic,product,False
S1_03142,U7371,2024-02-05,1,mobile,organic,product,False
S1_03143,U3553,2024-02-06,1,desktop,social,homepage,False
S1_03144,U8010,2024-02-05,1,desktop,organic,pricing,False
S1_03145,U6854,2024-02-07,1,desktop,social,product,False
S1_03146,U8113,2024-02-11,1,mobile,paid_search,pricing,False
S1_03147,U6730,2024-02-10,1,desktop,paid_search,homepage,True
S1_03148,U9339,2024-02-06,1,mobile,organic,homepage,False
S1_03149,U1734,2024-02-07,1,mobile,social,product,False
S1_03150,U3396,2024-02-06,1,desktop,organic,product,False
S1_03151,U269,2024-02-05,1,mobile,paid_search,homepage,False
S1_03152,U434,2024-02-08,1,desktop,organic,homepage,False
S1_03153,U2151,2024-02-10,1,mobile,organic,product,False
S1_03154,U8610,2024-02-10,1,desktop,direct,pricing,True
S1_03155,U6360,2024-02-08,1,mobile,paid_search,product,True
S1_03156,U319,2024-02-07,1,desktop,paid_search,product,False
S1_03157,U9677,2024-02-09,1,mobile,paid_search,homepage,False
S1_03158,U9663,2024-02-09,1,mobile,organic,product,True
S1_03159,U5620,2024-02-08,1,mobile,paid_search,homepage,False
S1_03160,U6984,2024-02-05,1,mobile,paid_search,product,False
S1_03161,U3737,2024-02-09,1,desktop,organic,product,True
S1_03162,U8376,2024-02-07,1,desktop,paid_search,product,False
S1_03163,U6252,2024-02-06,1,desktop,organic,product,False
S1_03164,U7961,2024-02-08,1,desktop,paid_search,homepage,False
S1_03165,U6922,2024-02-10,1,desktop,paid_search,homepage,False
S1_03166,U2392,2024-02-10,1,desktop,paid_search,pricing,False
S1_03167,U8089,2024-02-10,1,desktop,paid_search,homepage,False
S1_03168,U5176,2024-02-11,1,desktop,paid_search,product,False
S1_03169,U6140,2024-02-10,1,desktop,paid_search,homepage,False
S1_03170,U9006,2024-02-06,1,desktop,paid_search,pricing,False
S1_03171,U4652,2024-02-08,1,mobile,social,homepage,False
S1_03172,U8198,2024-02-11,1,mobile,organic,homepage,False
S1_03173,U9588,2024-02-07,1,mobile,paid_search,homepage,False
S1_03174,U8617,2024-02-10,1,desktop,organic,homepage,False
S1_03175,U1511,2024-02-09,1,desktop,social,homepage,True
S1_03176,U2903,2024-02-08,1,desktop,organic,product,False
S1_03177,U616,2024-02-05,1,mobile,social,pricing,False
S1_03178,U4009,2024-02-05,1,mobile,organic,pricing,False
S1_03179,U2935,2024-02-06,1,desktop,social,homepage,True
S1_03180,U3693,2024-02-07,1,mobile,social,homepage,False
S1_03181,U6741,2024-02-09,1,desktop,direct,pricing,False
S1_03182,U3322,2024-02-07,1,mobile,organic,homepage,False
S1_03183,U9623,2024-02-11,1,mobile,paid_search,product,False
S1_03184,U9963,2024-02-11,1,mobile,organic,homepage,False
S1_03185,U9879,2024-02-06,1,mobile,social,homepage,False
S1_03186,U6747,2024-02-11,1,mobile,organic,pricing,False
S1_03187,U6453,2024-02-07,1,desktop,paid_search,pricing,True
S1_03188,U4093,2024-02-07,1,desktop,organic,homepage,False
S1_03189,U9327,2024-02-11,1,desktop,social,homepage,False
S1_03190,U4740,2024-02-09,1,mobile,paid_search,pricing,False
S1_03191,U125,2024-02-10,1,desktop,organic,pricing,False
S1_03192,U6515,2024-02-08,1,desktop,paid_search,homepage,False
S1_03193,U4925,2024-02-08,1,mobile,social,pricing,False
S1_03194,U7249,2024-02-11,1,desktop,organic,homepage,False
S1_03195,U6796,2024-02-09,1,mobile,paid_search,pricing,False
S1_03196,U8619,2024-02-06,1,mobile,paid_search,product,False
S1_03197,U1815,2024-02-08,1,desktop,paid_search,pricing,False
S1_03198,U2687,2024-02-06,1,desktop,paid_search,pricing,False
S1_03199,U6772,2024-02-09,1,mobile,social,homepage,False
S1_03200,U479,2024-02-08,1,mobile,organic,pricing,False
S1_03201,U6051,2024-02-05,1,mobile,organic,homepage,False
S1_03202,U1034,2024-02-07,1,desktop,organic,homepage,False
S1_03203,U9823,2024-02-07,1,tablet,social,pricing,False
S1_03204,U6540,2024-02-09,1,mobile,organic,homepage,False
S1_03205,U2484,2024-02-08,1,desktop,organic,homepage,True
S1_03206,U5880,2024-02-08,1,mobile,social,pricing,False
S1_03207,U8742,2024-02-08,1,mobile,direct,pricing,False
S1_03208,U7788,2024-02-10,1,mobile,paid_search,pricing,False
S1_03209,U1497,2024-02-05,1,mobile,paid_search,pricing,False
S1_03210,U8955,2024-02-08,1,mobile,social,homepage,True
S1_03211,U9793,2024-02-09,1,mobile,organic,homepage,True
S1_03212,U3595,2024-02-09,1,mobile,paid_search,product,False
S1_03213,U9841,2024-02-09,1,mobile,organic,pricing,False
S1_03214,U9931,2024-02-06,1,mobile,social,pricing,False
S1_03215,U9698,2024-02-08,1,desktop,organic,product,False
S1_03216,U4199,2024-02-07,1,mobile,paid_search,homepage,False
S1_03217,U9777,2024-02-05,1,mobile,direct,homepage,False
S1_03218,U8849,2024-02-10,1,desktop,paid_search,product,False
S1_03219,U8234,2024-02-10,1,desktop,paid_search,homepage,False
S1_03220,U1701,2024-02-09,1,desktop,organic,homepage,False
S1_03221,U5629,2024-02-11,1,desktop,paid_search,pricing,False
S1_03222,U1599,2024-02-11,1,desktop,social,pricing,True
S1_03223,U7545,2024-02-06,1,desktop,social,product,True
S1_03224,U6881,2024-02-11,1,desktop,organic,pricing,True
S1_03225,U3359,2024-02-10,1,mobile,social,pricing,False
S1_03226,U6843,2024-02-06,1,desktop,paid_search,pricing,False
S1_03227,U8573,2024-02-08,1,desktop,direct,homepage,False
S1_03228,U4526,2024-02-08,1,mobile,direct,product,False
S1_03229,U3548,2024-02-10,1,mobile,organic,homepage,False
S1_03230,U86,2024-02-07,1,desktop,direct,product,False
S1_03231,U3742,2024-02-05,1,desktop,paid_search,product,False
S1_03232,U4742,2024-02-11,1,desktop,paid_search,pricing,False
S1_03233,U4624,2024-02-10,1,mobile,paid_search,product,False
S1_03234,U1012,2024-02-11,1,mobile,social,pricing,False
S1_03235,U1068,2024-02-07,1,desktop,direct,product,False
S1_03236,U7994,2024-02-05,1,desktop,organic,homepage,False
S1_03237,U3980,2024-02-11,1,mobile,organic,homepage,True
S1_03238,U1816,2024-02-07,1,desktop,paid_search,homepage,False
S1_03239,U8770,2024-02-10,1,mobile,social,homepage,False
S1_03240,U6329,2024-02-06,1,mobile,organic,pricing,False
S1_03241,U4382,2024-02-11,1,desktop,organic,pricing,False
S1_03242,U93,2024-02-05,1,mobile,organic,product,False
S1_03243,U1006,2024-02-05,1,desktop,organic,pricing,True
S1_03244,U6736,2024-02-10,1,mobile,paid_search,product,False
S1_03245,U9995,2024-02-05,1,desktop,organic,product,False
S1_03246,U4863,2024-02-06,1,tablet,organic,homepage,False
S1_03247,U2530,2024-02-10,1,mobile,paid_search,homepage,False
S1_03248,U3779,2024-02-10,1,mobile,organic,homepage,False
S1_03249,U9943,2024-02-06,1,desktop,organic,product,True
S1_03250,U6013,2024-02-09,1,tablet,paid_search,homepage,False
S1_03251,U5417,2024-02-11,1,desktop,paid_search,homepage,False
S1_03252,U590,2024-02-09,1,desktop,paid_search,pricing,False
S1_03253,U1664,2024-02-05,1,mobile,paid_search,pricing,False
S1_03254,U1204,2024-02-08,1,mobile,social,product,False
S1_03255,U8549,2024-02-07,1,tablet,paid_search,product,False
S1_03256,U3450,2024-02-07,1,desktop,paid_search,product,False
S1_03257,U5593,2024-02-06,1,mobile,organic,pricing,False
S1_03258,U8575,2024-02-06,1,desktop,organic,homepage,True
S1_03259,U9963,2024-02-07,1,mobile,organic,product,False
S1_03260,U4626,2024-02-10,1,desktop,social,homepage,False
S1_03261,U4996,2024-02-08,1,mobile,paid_search,homepage,False
S1_03262,U6021,2024-02-09,1,desktop,organic,pricing,False
S1_03263,U1383,2024-02-09,1,desktop,organic,pricing,False
S1_03264,U1513,2024-02-11,1,desktop,organic,homepage,False
S1_03265,U6222,2024-02-05,1,mobile,organic,product,False
S1_03266,U9134,2024-02-05,1,desktop,organic,homepage,False
S1_03267,U119,2024-02-06,1,desktop,organic,pricing,False
S1_03268,U1901,2024-02-11,1,mobile,paid_search,product,False
S1_03269,U8286,2024-02-11,1,mobile,paid_search,homepage,True
S1_03270,U5383,2024-02-07,1,mobile,paid_search,product,False
S1_03271,U2120,2024-02-10,1,mobile,paid_search,product,False
S1_03272,U4580,2024-02-11,1,desktop,direct,pricing,False
S1_03273,U244,2024-02-08,1,desktop,organic,pricing,False
S1_03274,U79,2024-02-11,1,mobile,social,pricing,False
S1_03275,U3016,2024-02-10,1,mobile,paid_search,pricing,False
S1_03276,U6184,2024-02-08,1,mobile,direct,pricing,False
S1_03277,U7989,2024-02-07,1,mobile,organic,homepage,False
S1_03278,U2473,2024-02-08,1,desktop,social,product,True
S1_03279,U9773,2024-02-07,1,desktop,organic,homepage,False
S1_03280,U2252,2024-02-09,1,mobile,social,pricing,False
S1_03281,U3522,2024-02-10,1,mobile,direct,homepage,False
S1_03282,U6159,2024-02-11,1,mobile,paid_search,homepage,False
S1_03283,U2665,2024-02-09,1,mobile,organic,product,False
S1_03284,U402,2024-02-07,1,mobile,direct,pricing,False
S1_03285,U5742,2024-02-05,1,mobile,paid_search,product,True
S1_03286,U3362,2024-02-05,1,desktop,social,homepage,False
S1_03287,U9954,2024-02-09,1,mobile,direct,homepage,False
S1_03288,U2359,2024-02-10,1,desktop,paid_search,homepage,False
S1_03289,U5366,2024-02-10,1,mobile,paid_search,product,False
S1_03290,U2960,2024-02-10,1,desktop,paid_search,homepage,False
S1_03291,U8571,2024-02-09,1,mobile,social,product,False
S1_03292,U2501,2024-02-09,1,mobile,organic,product,False
S1_03293,U8369,2024-02-11,1,mobile,direct,homepage,False
S1_03294,U4393,2024-02-09,1,mobile,paid_search,homepage,False
S1_03295,U7214,2024-02-06,1,desktop,organic,homepage,True
S1_03296,U5188,2024-02-08,1,mobile,social,pricing,False
S1_03297,U6443,2024-02-10,1,mobile,paid_search,pricing,False
S1_03298,U4948,2024-02-05,1,desktop,paid_search,product,False
S1_03299,U4217,2024-02-11,1,tablet,paid_search,homepage,False
S1_03300,U6316,2024-02-05,1,desktop,organic,product,False
S1_03301,U2710,2024-02-10,1,mobile,organic,product,False
S1_03302,U6399,2024-02-09,1,desktop,direct,pricing,False
S1_03303,U4942,2024-02-09,1,mobile,organic,homepage,False
S1_03304,U2249,2024-02-07,1,desktop,organic,pricing,False
S1_03305,U9356,2024-02-10,1,desktop,organic,pricing,False
S1_03306,U7804,2024-02-06,1,mobile,direct,pricing,False
S1_03307,U6182,2024-02-09,1,mobile,paid_search,homepage,False
S1_03308,U6059,2024-02-07,1,mobile,paid_search,homepage,False
S1_03309,U9101,2024-02-07,1,mobile,paid_search,product,False
S1_03310,U2659,2024-02-10,1,mobile,direct,product,False
S1_03311,U3320,2024-02-08,1,mobile,paid_search,homepage,True
S1_03312,U6442,2024-02-05,1,desktop,social,homepage,False
S1_03313,U1313,2024-02-06,1,mobile,organic,homepage,True
S1_03314,U753,2024-02-11,1,desktop,social,homepage,False
S1_03315,U9922,2024-02-07,1,mobile,organic,homepage,False
S1_03316,U3392,2024-02-07,1,mobile,direct,homepage,False
S1_03317,U6333,2024-02-08,1,mobile,paid_search,homepage,False
S1_03318,U195,2024-02-08,1,mobile,paid_search,homepage,False
S1_03319,U5549,2024-02-07,1,mobile,organic,pricing,False
S1_03320,U2186,2024-02-05,1,mobile,paid_search,pricing,False
S1_03321,U3389,2024-02-11,1,mobile,organic,product,True
S1_03322,U5099,2024-02-05,1,mobile,organic,product,False
S1_03323,U4842,2024-02-11,1,mobile,social,pricing,False
S1_03324,U2985,2024-02-09,1,mobile,social,pricing,True
S1_03325,U7175,2024-02-10,1,desktop,organic,product,False
S1_03326,U7883,2024-02-07,1,desktop,social,product,False
S1_03327,U6489,2024-02-07,1,desktop,organic,homepage,False
S1_03328,U2202,2024-02-05,1,mobile,organic,product,False
S1_03329,U2793,2024-02-09,1,mobile,paid_search,pricing,False
S1_03330,U6933,2024-02-07,1,mobile,organic,pricing,False
S1_03331,U6495,2024-02-09,1,desktop,organic,homepage,False
S1_03332,U2402,2024-02-09,1,desktop,organic,product,True
S1_03333,U2228,2024-02-11,1,mobile,organic,homepage,False
S1_03334,U9884,2024-02-10,1,mobile,paid_search,product,False
S1_03335,U8402,2024-02-08,1,desktop,paid_search,homepage,False
S1_03336,U8083,2024-02-05,1,mobile,paid_search,pricing,False
S1_03337,U6930,2024-02-05,1,mobile,paid_search,pricing,False
S1_03338,U7493,2024-02-08,1,mobile,social,homepage,False
S1_03339,U8786,2024-02-06,1,mobile,organic,product,False
S1_03340,U9852,2024-02-10,1,mobile,direct,pricing,False
S1_03341,U5921,2024-02-10,1,mobile,organic,homepage,False
S1_03342,U7253,2024-02-11,1,desktop,paid_search,product,False
S1_03343,U4790,2024-02-06,1,desktop,paid_search,product,False
S1_03344,U3490,2024-02-10,1,mobile,social,product,False
S1_03345,U6287,2024-02-11,1,desktop,organic,homepage,False
S1_03346,U342,2024-02-07,1,mobile,organic,product,False
S1_03347,U2629,2024-02-11,1,mobile,social,product,False
S1_03348,U5412,2024-02-10,1,mobile,paid_search,homepage,False
S1_03349,U4889,2024-02-10,1,mobile,organic,pricing,False
S1_03350,U6058,2024-02-07,1,mobile,direct,product,False
S1_03351,U9283,2024-02-05,1,desktop,social,homepage,False
S1_03352,U5335,2024-02-09,1,desktop,direct,pricing,False
S1_03353,U6343,2024-02-10,1,desktop,social,homepage,False
S1_03354,U5640,2024-02-09,1,mobile,social,homepage,False
S1_03355,U2600,2024-02-06,1,desktop,organic,homepage,False
S1_03356,U4887,2024-02-06,1,mobile,paid_search,homepage,False
S1_03357,U2754,2024-02-06,1,desktop,organic,homepage,False
S1_03358,U9799,2024-02-05,1,desktop,direct,pricing,False
S1_03359,U302,2024-02-11,1,mobile,paid_search,pricing,False
S1_03360,U7206,2024-02-10,1,mobile,paid_search,homepage,False
S1_03361,U6905,2024-02-11,1,desktop,social,product,False
S1_03362,U3862,2024-02-10,1,mobile,organic,pricing,False
S1_03363,U8520,2024-02-06,1,mobile,direct,pricing,True
S1_03364,U5714,2024-02-09,1,mobile,organic,homepage,False
S1_03365,U9390,2024-02-05,1,mobile,social,pricing,False
S1_03366,U3225,2024-02-07,1,desktop,organic,homepage,False
S1_03367,U8854,2024-02-05,1,desktop,paid_search,product,False
S1_03368,U9672,2024-02-10,1,desktop,paid_search,homepage,False
S1_03369,U9627,2024-02-10,1,desktop,social,product,False
S1_03370,U2260,2024-02-11,1,mobile,paid_search,pricing,False
S1_03371,U7610,2024-02-05,1,mobile,social,product,True
S1_03372,U5003,2024-02-06,1,desktop,direct,product,False
S1_03373,U934,2024-02-09,1,mobile,paid_search,homepage,False
S1_03374,U8397,2024-02-10,1,desktop,organic,homepage,False
S1_03375,U9874,2024-02-09,1,desktop,direct,homepage,False
S1_03376,U4806,2024-02-06,1,mobile,direct,pricing,False
S1_03377,U2502,2024-02-09,1,mobile,direct,product,False
S1_03378,U4376,2024-02-10,1,mobile,organic,homepage,True
S1_03379,U3688,2024-02-11,1,desktop,paid_search,homepage,False
S1_03380,U6055,2024-02-06,1,desktop,organic,product,False
S1_03381,U2039,2024-02-06,1,mobile,organic,pricing,True
S1_03382,U8758,2024-02-05,1,mobile,organic,product,False
S1_03383,U364,2024-02-07,1,mobile,organic,product,False
S1_03384,U6730,2024-02-05,1,mobile,organic,pricing,False
S1_03385,U9941,2024-02-10,1,desktop,organic,homepage,False
S1_03386,U4228,2024-02-09,1,mobile,organic,pricing,False
S1_03387,U7947,2024-02-08,1,mobile,social,product,False
S1_03388,U9536,2024-02-05,1,desktop,direct,homepage,False
S1_03389,U5771,2024-02-10,1,mobile,direct,product,False
S1_03390,U941,2024-02-10,1,desktop,social,homepage,False
S1_03391,U8731,2024-02-08,1,mobile,paid_search,product,False
S1_03392,U6024,2024-02-11,1,desktop,paid_search,pricing,False
S1_03393,U8148,2024-02-06,1,desktop,paid_search,pricing,False
S1_03394,U5025,2024-02-09,1,desktop,social,product,False
S1_03395,U8105,2024-02-09,1,tablet,organic,homepage,False
S1_03396,U9058,2024-02-10,1,mobile,organic,product,False
S1_03397,U8924,2024-02-09,1,desktop,organic,homepage,True
S1_03398,U2666,2024-02-09,1,desktop,paid_search,product,False
S1_03399,U8830,2024-02-11,1,mobile,organic,homepage,False
S1_03400,U3694,2024-02-10,1,desktop,paid_search,product,False
S1_03401,U8123,2024-02-07,1,mobile,paid_search,product,False
S1_03402,U2791,2024-02-11,1,desktop,organic,homepage,False
S1_03403,U744,2024-02-06,1,mobile,organic,homepage,False
S1_03404,U8942,2024-02-08,1,mobile,organic,product,False
S1_03405,U5186,2024-02-10,1,mobile,organic,pricing,False
S1_03406,U766,2024-02-06,1,mobile,paid_search,pricing,False
S1_03407,U426,2024-02-05,1,mobile,direct,product,False
S1_03408,U9109,2024-02-05,1,mobile,paid_search,pricing,False
S1_03409,U3221,2024-02-07,1,desktop,paid_search,pricing,False
S1_03410,U7249,2024-02-06,1,desktop,social,product,False
S1_03411,U3509,2024-02-05,1,desktop,paid_search,product,False
S1_03412,U8690,2024-02-08,1,desktop,paid_search,product,False
S1_03413,U6023,2024-02-10,1,desktop,paid_search,pricing,True
S1_03414,U4444,2024-02-08,1,desktop,organic,homepage,False
S1_03415,U9477,2024-02-05,1,tablet,organic,homepage,False
S1_03416,U8141,2024-02-11,1,desktop,social,product,False
S1_03417,U6141,2024-02-07,1,mobile,paid_search,homepage,False
S1_03418,U7455,2024-02-08,1,tablet,organic,pricing,False
S1_03419,U9894,2024-02-07,1,desktop,social,product,False
S1_03420,U9463,2024-02-05,1,mobile,paid_search,homepage,False
S1_03421,U2686,2024-02-09,1,desktop,direct,pricing,True
S1_03422,U4551,2024-02-11,1,mobile,direct,homepage,False
S1_03423,U9216,2024-02-11,1,desktop,paid_search,pricing,False
S1_03424,U6910,2024-02-11,1,desktop,organic,product,False
S1_03425,U1081,2024-02-09,1,mobile,organic,homepage,False
S1_03426,U5888,2024-02-06,1,mobile,direct,pricing,False
S1_03427,U1989,2024-02-09,1,desktop,paid_search,pricing,False
S1_03428,U5696,2024-02-07,1,desktop,paid_search,pricing,False
S1_03429,U4715,2024-02-08,1,desktop,social,pricing,False
S1_03430,U2365,2024-02-09,1,desktop,paid_search,homepage,False
S1_03431,U172,2024-02-07,1,mobile,organic,pricing,False
S1_03432,U8944,2024-02-08,1,mobile,social,pricing,False
S1_03433,U2674,2024-02-06,1,desktop,direct,product,False
S1_03434,U9276,2024-02-10,1,tablet,organic,pricing,False
S1_03435,U6326,2024-02-09,1,desktop,social,product,False
S1_03436,U673,2024-02-06,1,desktop,organic,pricing,False
S1_03437,U6232,2024-02-06,1,mobile,direct,product,False
S1_03438,U9221,2024-02-11,1,mobile,organic,pricing,False
S1_03439,U4676,2024-02-05,1,desktop,organic,pricing,False
S1_03440,U8694,2024-02-11,1,desktop,paid_search,pricing,False
S1_03441,U2598,2024-02-07,1,desktop,social,pricing,False
S1_03442,U4830,2024-02-08,1,desktop,paid_search,homepage,False
S1_03443,U1981,2024-02-10,1,desktop,organic,pricing,True
S1_03444,U9861,2024-02-07,1,desktop,social,pricing,False
S1_03445,U6438,2024-02-06,1,mobile,organic,homepage,False
S1_03446,U8178,2024-02-05,1,desktop,organic,homepage,True
S1_03447,U834,2024-02-06,1,desktop,organic,homepage,False
S1_03448,U9502,2024-02-11,1,mobile,paid_search,homepage,False
S1_03449,U9772,2024-02-11,1,mobile,organic,homepage,False
S1_03450,U9657,2024-02-08,1,desktop,paid_search,homepage,True
S1_03451,U1169,2024-02-10,1,desktop,organic,product,False
S1_03452,U5736,2024-02-09,1,tablet,direct,product,False
S1_03453,U1909,2024-02-06,1,mobile,organic,homepage,False
S1_03454,U1237,2024-02-07,1,mobile,social,product,False
S1_03455,U8202,2024-02-05,1,desktop,organic,homepage,False
S1_03456,U4280,2024-02-06,1,desktop,organic,product,False
S1_03457,U9663,2024-02-07,1,mobile,organic,pricing,False
S1_03458,U6307,2024-02-09,1,mobile,social,product,False
S1_03459,U9977,2024-02-10,1,mobile,paid_search,pricing,False
S1_03460,U8900,2024-02-07,1,desktop,organic,pricing,False
S1_03461,U7181,2024-02-07,1,mobile,social,product,False
S1_03462,U6355,2024-02-11,1,mobile,paid_search,homepage,False
S1_03463,U1951,2024-02-05,1,desktop,organic,pricing,False
S1_03464,U5331,2024-02-10,1,desktop,social,product,False
S1_03465,U8938,2024-02-09,1,mobile,organic,pricing,False
S1_03466,U419,2024-02-09,1,mobile,organic,product,False
S1_03467,U321,2024-02-10,1,desktop,paid_search,pricing,False
S1_03468,U8172,2024-02-08,1,mobile,paid_search,product,False
S1_03469,U6567,2024-02-10,1,mobile,organic,product,False
S1_03470,U9808,2024-02-07,1,mobile,paid_search,pricing,True
S1_03471,U3300,2024-02-09,1,desktop,organic,pricing,False
S1_03472,U7406,2024-02-05,1,mobile,organic,pricing,False
S1_03473,U2441,2024-02-05,1,desktop,paid_search,homepage,False
S1_03474,U7069,2024-02-05,1,mobile,direct,pricing,False
S1_03475,U5786,2024-02-07,1,desktop,organic,homepage,False
S1_03476,U9942,2024-02-11,1,desktop,organic,homepage,False
S1_03477,U4613,2024-02-09,1,mobile,direct,product,False
S1_03478,U1718,2024-02-06,1,desktop,organic,homepage,True
S1_03479,U3326,2024-02-06,1,desktop,direct,homepage,False
S1_03480,U9511,2024-02-09,1,mobile,organic,product,False
S1_03481,U3225,2024-02-09,1,desktop,organic,homepage,False
S1_03482,U3544,2024-02-11,1,mobile,organic,pricing,True
S1_03483,U8504,2024-02-10,1,mobile,social,product,True
S1_03484,U5693,2024-02-08,1,mobile,organic,product,False
S1_03485,U7944,2024-02-10,1,mobile,paid_search,homepage,False
S1_03486,U8499,2024-02-05,1,desktop,organic,product,False
S1_03487,U3865,2024-02-05,1,desktop,paid_search,homepage,False
S1_03488,U5324,2024-02-09,1,tablet,social,product,False
S1_03489,U7715,2024-02-07,1,tablet,paid_search,pricing,False
S1_03490,U5677,2024-02-09,1,mobile,organic,pricing,False
S1_03491,U5853,2024-02-10,1,mobile,organic,homepage,False
S1_03492,U8902,2024-02-11,1,desktop,social,homepage,False
S1_03493,U3686,2024-02-10,1,mobile,direct,homepage,False
S1_03494,U8716,2024-02-07,1,mobile,organic,pricing,False
S1_03495,U4567,2024-02-07,1,desktop,paid_search,product,False
S1_03496,U5876,2024-02-11,1,mobile,paid_search,pricing,False
S1_03497,U5234,2024-02-07,1,desktop,direct,pricing,False
S1_03498,U5155,2024-02-11,1,tablet,paid_search,product,False
S1_03499,U9693,2024-02-07,1,mobile,organic,product,False
S1_03500,U2391,2024-02-09,1,mobile,paid_search,pricing,False
S1_03501,U7268,2024-02-11,1,desktop,organic,product,False
S1_03502,U6793,2024-02-10,1,desktop,organic,product,False
S1_03503,U4823,2024-02-06,1,mobile,paid_search,product,False
S1_03504,U5845,2024-02-10,1,desktop,organic,product,False
S1_03505,U7453,2024-02-08,1,tablet,paid_search,pricing,False
S1_03506,U9836,2024-02-07,1,desktop,social,homepage,False
S1_03507,U5947,2024-02-08,1,mobile,paid_search,homepage,False
S1_03508,U9489,2024-02-10,1,mobile,paid_search,homepage,False
S1_03509,U5367,2024-02-06,1,desktop,paid_search,product,False
S1_03510,U1593,2024-02-06,1,mobile,social,homepage,False
S1_03511,U9858,2024-02-09,1,desktop,paid_search,homepage,False
S1_03512,U2494,2024-02-06,1,mobile,direct,homepage,False
S1_03513,U7703,2024-02-09,1,desktop,paid_search,homepage,True
S1_03514,U5752,2024-02-10,1,mobile,organic,pricing,False
S1_03515,U7973,2024-02-07,1,tablet,direct,pricing,False
S1_03516,U1715,2024-02-07,1,desktop,paid_search,pricing,False
S1_03517,U336,2024-02-05,1,mobile,paid_search,homepage,False
S1_03518,U1948,2024-02-10,1,mobile,organic,product,False
S1_03519,U7399,2024-02-09,1,tablet,social,pricing,False
S1_03520,U3900,2024-02-11,1,mobile,social,homepage,False
S1_03521,U8776,2024-02-07,1,mobile,organic,homepage,False
S1_03522,U9108,2024-02-11,1,desktop,organic,product,False
S1_03523,U8819,2024-02-05,1,desktop,paid_search,product,False
S1_03524,U7479,2024-02-06,1,desktop,paid_search,product,False
S1_03525,U2688,2024-02-05,1,mobile,paid_search,product,False
S1_03526,U9849,2024-02-07,1,mobile,organic,product,False
S1_03527,U4990,2024-02-08,1,mobile,social,pricing,True
S1_03528,U106,2024-02-05,1,mobile,social,homepage,False
S1_03529,U7002,2024-02-07,1,desktop,organic,pricing,False
S1_03530,U5961,2024-02-07,1,mobile,organic,homepage,False
S1_03531,U1128,2024-02-10,1,mobile,direct,homepage,False
S1_03532,U3637,2024-02-09,1,desktop,organic,homepage,False
S1_03533,U8966,2024-02-06,1,mobile,organic,product,False
S1_03534,U4018,2024-02-05,1,desktop,organic,pricing,False
S1_03535,U3239,2024-02-06,1,desktop,social,product,False
S1_03536,U4037,2024-02-06,1,mobile,organic,pricing,False
S1_03537,U1524,2024-02-07,1,mobile,organic,pricing,False
S1_03538,U850,2024-02-08,1,desktop,organic,pricing,True
S1_03539,U700,2024-02-10,1,mobile,organic,product,False
S1_03540,U6537,2024-02-09,1,mobile,organic,pricing,False
S1_03541,U2903,2024-02-10,1,mobile,organic,homepage,False
S1_03542,U1795,2024-02-06,1,desktop,organic,product,False
S1_03543,U1574,2024-02-08,1,mobile,social,product,False
S1_03544,U1547,2024-02-06,1,desktop,paid_search,homepage,False
S1_03545,U1763,2024-02-09,1,mobile,paid_search,product,False
S1_03546,U5205,2024-02-06,1,mobile,paid_search,product,False
S1_03547,U6684,2024-02-07,1,tablet,organic,homepage,False
S1_03548,U3603,2024-02-07,1,mobile,organic,pricing,False
S1_03549,U2817,2024-02-09,1,desktop,organic,homepage,False
S1_03550,U508,2024-02-06,1,desktop,paid_search,product,False
S1_03551,U3483,2024-02-07,1,desktop,organic,pricing,True
S1_03552,U6259,2024-02-09,1,mobile,organic,pricing,False
S1_03553,U9000,2024-02-07,1,mobile,paid_search,homepage,True
S1_03554,U3375,2024-02-10,1,mobile,direct,pricing,False
S1_03555,U2936,2024-02-05,1,mobile,direct,homepage,False
S1_03556,U205,2024-02-08,1,mobile,social,pricing,False
S1_03557,U1340,2024-02-11,1,mobile,paid_search,product,False
S1_03558,U5441,2024-02-07,1,mobile,paid_search,homepage,False
S1_03559,U5812,2024-02-06,1,desktop,paid_search,homepage,False
S1_03560,U9005,2024-02-08,1,mobile,paid_search,pricing,False
S1_03561,U2864,2024-02-10,1,desktop,social,pricing,False
S1_03562,U1220,2024-02-08,1,mobile,organic,product,False
S1_03563,U9495,2024-02-11,1,tablet,social,homepage,False
S1_03564,U2310,2024-02-05,1,mobile,paid_search,pricing,False
S1_03565,U9420,2024-02-06,1,desktop,organic,product,False
S1_03566,U4571,2024-02-08,1,desktop,paid_search,pricing,False
S1_03567,U7349,2024-02-05,1,mobile,direct,product,False
S1_03568,U8219,2024-02-06,1,mobile,organic,product,False
S1_03569,U6137,2024-02-11,1,mobile,paid_search,homepage,False
S1_03570,U7459,2024-02-08,1,mobile,social,homepage,False
S1_03571,U5231,2024-02-07,1,desktop,organic,product,False
S1_03572,U4115,2024-02-10,1,mobile,organic,product,False
S1_03573,U4567,2024-02-08,1,mobile,direct,homepage,False
S1_03574,U3622,2024-02-09,1,mobile,organic,pricing,True
S1_03575,U5437,2024-02-09,1,mobile,paid_search,product,False
S1_03576,U1833,2024-02-09,1,mobile,social,product,False
S1_03577,U4329,2024-02-06,1,tablet,paid_search,product,False
S1_03578,U9725,2024-02-06,1,desktop,direct,product,True
S1_03579,U2439,2024-02-05,1,desktop,organic,product,False
S1_03580,U5392,2024-02-05,1,mobile,organic,homepage,False
S1_03581,U7145,2024-02-07,1,desktop,social,product,False
S1_03582,U8121,2024-02-07,1,desktop,paid_search,pricing,False
S1_03583,U5665,2024-02-06,1,desktop,organic,product,False
S1_03584,U659,2024-02-06,1,desktop,organic,pricing,False
S1_03585,U6459,2024-02-09,1,mobile,organic,homepage,False
S1_03586,U9338,2024-02-10,1,desktop,social,product,False
S1_03587,U5938,2024-02-05,1,mobile,paid_search,pricing,False
S1_03588,U9753,2024-02-08,1,mobile,organic,product,False
S1_03589,U5550,2024-02-08,1,desktop,social,pricing,False
S1_03590,U3954,2024-02-09,1,mobile,organic,product,False
S1_03591,U2898,2024-02-10,1,mobile,paid_search,product,False
S1_03592,U9602,2024-02-09,1,desktop,organic,product,False
S1_03593,U8204,2024-02-10,1,desktop,social,homepage,True
S1_03594,U4344,2024-02-09,1,desktop,organic,homepage,False
S1_03595,U6911,2024-02-11,1,mobile,paid_search,homepage,False
S1_03596,U304,2024-02-08,1,mobile,social,product,True
S1_03597,U3246,2024-02-07,1,mobile,organic,homepage,False
S1_03598,U6307,2024-02-08,1,mobile,social,pricing,False
S1_03599,U6669,2024-02-07,1,mobile,paid_search,pricing,False
S1_03600,U9678,2024-02-10,1,desktop,direct,product,False
S1_03601,U8578,2024-02-07,1,mobile,direct,product,False
S1_03602,U9424,2024-02-11,1,mobile,paid_search,product,False
S1_03603,U6506,2024-02-08,1,mobile,paid_search,pricing,False
S1_03604,U5343,2024-02-07,1,mobile,paid_search,homepage,False
S1_03605,U5252,2024-02-09,1,desktop,organic,homepage,False
S1_03606,U3440,2024-02-11,1,desktop,organic,pricing,True
S1_03607,U4274,2024-02-05,1,desktop,paid_search,homepage,False
S1_03608,U2408,2024-02-08,1,desktop,paid_search,product,False
S1_03609,U2941,2024-02-07,1,mobile,paid_search,product,False
S1_03610,U15,2024-02-05,1,desktop,social,pricing,False
S1_03611,U4788,2024-02-09,1,mobile,social,homepage,True
S1_03612,U3101,2024-02-08,1,mobile,organic,pricing,False
S1_03613,U1774,2024-02-05,1,mobile,paid_search,pricing,False
S1_03614,U8562,2024-02-06,1,mobile,direct,pricing,False
S1_03615,U7950,2024-02-10,1,mobile,direct,product,False
S1_03616,U759,2024-02-10,1,mobile,organic,homepage,False
S1_03617,U8601,2024-02-11,1,desktop,paid_search,product,False
S1_03618,U855,2024-02-10,1,mobile,organic,pricing,False
S1_03619,U2068,2024-02-09,1,mobile,paid_search,pricing,False
S1_03620,U6757,2024-02-05,1,mobile,paid_search,homepage,False
S1_03621,U4799,2024-02-09,1,desktop,organic,pricing,False
S1_03622,U5958,2024-02-07,1,mobile,direct,pricing,False
S1_03623,U7323,2024-02-07,1,mobile,paid_search,homepage,False
S1_03624,U1618,2024-02-11,1,mobile,paid_search,pricing,False
S1_03625,U6581,2024-02-06,1,mobile,paid_search,product,False
S1_03626,U2711,2024-02-06,1,desktop,organic,product,False
S1_03627,U2897,2024-02-06,1,mobile,social,pricing,False
S1_03628,U7781,2024-02-07,1,mobile,organic,product,True
S1_03629,U9823,2024-02-06,1,mobile,social,pricing,False
S1_03630,U8115,2024-02-09,1,tablet,direct,homepage,False
S1_03631,U4660,2024-02-06,1,mobile,paid_search,pricing,False
S1_03632,U7424,2024-02-08,1,desktop,organic,pricing,False
S1_03633,U6875,2024-02-05,1,tablet,organic,homepage,False
S1_03634,U8237,2024-02-09,1,desktop,organic,homepage,False
S1_03635,U4872,2024-02-07,1,desktop,organic,product,False
S1_03636,U9485,2024-02-10,1,mobile,organic,homepage,False
S1_03637,U6409,2024-02-05,1,mobile,organic,product,False
S1_03638,U2024,2024-02-07,1,mobile,paid_search,product,False
S1_03639,U747,2024-02-10,1,desktop,paid_search,product,True
S1_03640,U3043,2024-02-09,1,mobile,social,homepage,False
S1_03641,U2424,2024-02-06,1,mobile,paid_search,homepage,False
S1_03642,U200,2024-02-07,1,desktop,organic,homepage,False
S1_03643,U2595,2024-02-07,1,desktop,paid_search,pricing,False
S1_03644,U9966,2024-02-07,1,mobile,organic,pricing,False
S1_03645,U9176,2024-02-06,1,desktop,social,product,False
S1_03646,U6552,2024-02-08,1,tablet,organic,homepage,False
S1_03647,U439,2024-02-05,1,mobile,organic,pricing,False
S1_03648,U2373,2024-02-11,1,desktop,organic,homepage,False
S1_03649,U8050,2024-02-07,1,desktop,organic,pricing,False
S1_03650,U26,2024-02-08,1,mobile,paid_search,product,False
S1_03651,U7224,2024-02-05,1,mobile,paid_search,product,False
S1_03652,U7554,2024-02-09,1,mobile,paid_search,product,False
S1_03653,U1580,2024-02-08,1,mobile,organic,pricing,False
S1_03654,U1027,2024-02-06,1,mobile,social,product,False
S1_03655,U6401,2024-02-07,1,mobile,organic,pricing,False
S1_03656,U5686,2024-02-08,1,mobile,organic,homepage,True
S1_03657,U7136,2024-02-06,1,desktop,social,pricing,False
S1_03658,U2806,2024-02-06,1,desktop,organic,pricing,False
S1_03659,U6444,2024-02-10,1,mobile,organic,homepage,True
S1_03660,U5881,2024-02-08,1,desktop,direct,homepage,False
S1_03661,U1112,2024-02-10,1,mobile,paid_search,product,False
S1_03662,U1803,2024-02-05,1,mobile,paid_search,product,False
S1_03663,U7002,2024-02-10,1,mobile,social,pricing,True
S1_03664,U7475,2024-02-10,1,mobile,paid_search,product,False
S1_03665,U4374,2024-02-11,1,desktop,direct,homepage,False
S1_03666,U4077,2024-02-10,1,desktop,organic,product,True
S1_03667,U3496,2024-02-07,1,desktop,social,pricing,False
S1_03668,U4120,2024-02-05,1,desktop,organic,pricing,False
S1_03669,U7039,2024-02-07,1,mobile,paid_search,pricing,False
S1_03670,U8917,2024-02-06,1,desktop,direct,pricing,False
S1_03671,U2598,2024-02-10,1,mobile,organic,pricing,False
S1_03672,U713,2024-02-08,1,mobile,social,product,True
S1_03673,U3380,2024-02-05,1,mobile,paid_search,pricing,False
S1_03674,U4939,2024-02-10,1,desktop,organic,product,False
S1_03675,U5600,2024-02-11,1,mobile,paid_search,homepage,False
S1_03676,U8165,2024-02-08,1,mobile,paid_search,pricing,False
S1_03677,U6100,2024-02-07,1,desktop,paid_search,product,False
S1_03678,U4134,2024-02-06,1,mobile,direct,product,False
S1_03679,U5862,2024-02-11,1,mobile,organic,pricing,True
S1_03680,U6723,2024-02-07,1,desktop,organic,product,False
S1_03681,U5597,2024-02-05,1,mobile,paid_search,product,False
S1_03682,U1945,2024-02-10,1,mobile,organic,product,False
S1_03683,U6023,2024-02-10,1,desktop,paid_search,pricing,False
S1_03684,U6747,2024-02-09,1,desktop,organic,pricing,False
S1_03685,U4099,2024-02-09,1,desktop,organic,pricing,True
S1_03686,U9505,2024-02-07,1,desktop,social,homepage,False
S1_03687,U7543,2024-02-09,1,mobile,organic,product,False
S1_03688,U8189,2024-02-07,1,desktop,direct,homepage,False
S1_03689,U5840,2024-02-05,1,desktop,direct,product,True
S1_03690,U2114,2024-02-07,1,mobile,organic,homepage,False
S1_03691,U8166,2024-02-06,1,mobile,social,pricing,False
S1_03692,U9962,2024-02-11,1,mobile,paid_search,homepage,False
S1_03693,U9667,2024-02-06,1,mobile,organic,product,False
S1_03694,U5312,2024-02-09,1,desktop,social,homepage,False
S1_03695,U9258,2024-02-07,1,mobile,organic,pricing,True
S1_03696,U6739,2024-02-11,1,mobile,paid_search,homepage,False
S1_03697,U9499,2024-02-07,1,tablet,organic,product,False
S1_03698,U3357,2024-02-08,1,desktop,organic,homepage,False
S1_03699,U6525,2024-02-06,1,desktop,organic,pricing,False
S1_03700,U912,2024-02-07,1,tablet,paid_search,pricing,False
S1_03701,U6276,2024-02-07,1,desktop,organic,homepage,False
S1_03702,U4845,2024-02-06,1,desktop,organic,product,False
S1_03703,U4663,2024-02-06,1,desktop,paid_search,product,False
S1_03704,U8790,2024-02-06,1,mobile,social,pricing,False
S1_03705,U1192,2024-02-05,1,desktop,organic,homepage,False
S1_03706,U4589,2024-02-09,1,mobile,social,pricing,False
S1_03707,U1760,2024-02-10,1,mobile,paid_search,pricing,False
S1_03708,U5351,2024-02-08,1,mobile,organic,pricing,False
S1_03709,U3072,2024-02-10,1,desktop,organic,product,False
S1_03710,U904,2024-02-09,1,mobile,paid_search,product,False
S1_03711,U1809,2024-02-06,1,desktop,organic,product,True
S1_03712,U6414,2024-02-09,1,mobile,paid_search,pricing,False
S1_03713,U5193,2024-02-10,1,mobile,organic,homepage,False
S1_03714,U1743,2024-02-07,1,mobile,social,pricing,True
S1_03715,U8252,2024-02-07,1,desktop,organic,product,False
S1_03716,U9478,2024-02-08,1,mobile,paid_search,product,False
S1_03717,U1490,2024-02-11,1,mobile,direct,pricing,False
S1_03718,U8385,2024-02-11,1,mobile,paid_search,homepage,False
S1_03719,U4338,2024-02-07,1,tablet,organic,homepage,False
S1_03720,U8863,2024-02-07,1,mobile,organic,product,False
S1_03721,U163,2024-02-10,1,mobile,organic,homepage,False
S1_03722,U4467,2024-02-09,1,mobile,organic,product,False
S1_03723,U997,2024-02-09,1,desktop,direct,homepage,False
S1_03724,U3516,2024-02-07,1,tablet,paid_search,product,False
S1_03725,U7690,2024-02-08,1,desktop,direct,homepage,False
S1_03726,U6717,2024-02-07,1,mobile,paid_search,pricing,False
S1_03727,U8713,2024-02-05,1,mobile,organic,product,False
S1_03728,U7597,2024-02-10,1,mobile,organic,homepage,False
S1_03729,U432,2024-02-07,1,mobile,social,pricing,False
S1_03730,U2720,2024-02-05,1,mobile,paid_search,homepage,False
S1_03731,U7326,2024-02-06,1,desktop,organic,product,False
S1_03732,U9397,2024-02-09,1,mobile,organic,homepage,True
S1_03733,U1174,2024-02-10,1,tablet,organic,homepage,False
S1_03734,U7478,2024-02-11,1,mobile,organic,product,False
S1_03735,U6613,2024-02-06,1,desktop,organic,homepage,False
S1_03736,U3050,2024-02-06,1,mobile,organic,product,False
S1_03737,U6301,2024-02-05,1,desktop,paid_search,pricing,False
S1_03738,U1534,2024-02-07,1,mobile,social,homepage,False
S1_03739,U204,2024-02-06,1,desktop,social,homepage,False
S1_03740,U966,2024-02-08,1,mobile,direct,product,False
S1_03741,U1643,2024-02-10,1,mobile,social,product,False
S1_03742,U1068,2024-02-10,1,desktop,organic,homepage,False
S1_03743,U9797,2024-02-08,1,mobile,direct,product,False
S1_03744,U2821,2024-02-11,1,desktop,organic,homepage,False
S1_03745,U6731,2024-02-11,1,desktop,social,homepage,False
S1_03746,U8802,2024-02-07,1,mobile,organic,pricing,False
S1_03747,U6895,2024-02-07,1,desktop,organic,product,False
S1_03748,U5453,2024-02-09,1,desktop,social,homepage,False
S1_03749,U8496,2024-02-09,1,desktop,organic,homepage,False
S1_03750,U7639,2024-02-10,1,desktop,organic,pricing,False
S1_03751,U6913,2024-02-11,1,desktop,direct,product,True
S1_03752,U2654,2024-02-10,1,mobile,organic,product,True
S1_03753,U6675,2024-02-07,1,desktop,paid_search,product,False
S1_03754,U831,2024-02-10,1,desktop,organic,product,False
S1_03755,U2335,2024-02-09,1,desktop,direct,product,False
S1_03756,U7343,2024-02-09,1,desktop,organic,homepage,False
S1_03757,U4296,2024-02-08,1,mobile,direct,homepage,False
S1_03758,U4632,2024-02-07,1,mobile,paid_search,homepage,False
S1_03759,U525,2024-02-06,1,mobile,organic,pricing,False
S1_03760,U9706,2024-02-09,1,mobile,organic,pricing,False
S1_03761,U5240,2024-02-08,1,tablet,direct,product,False
S1_03762,U3582,2024-02-07,1,tablet,paid_search,product,False
S1_03763,U1118,2024-02-07,1,mobile,social,product,False
S1_03764,U2478,2024-02-06,1,mobile,direct,product,False
S1_03765,U2144,2024-02-11,1,mobile,organic,pricing,False
S1_03766,U9204,2024-02-07,1,desktop,paid_search,pricing,True
S1_03767,U9679,2024-02-09,1,desktop,social,product,False
S1_03768,U5402,2024-02-11,1,desktop,organic,homepage,True
S1_03769,U5056,2024-02-09,1,desktop,organic,pricing,False
S1_03770,U8361,2024-02-05,1,mobile,organic,product,False
S1_03771,U229,2024-02-11,1,mobile,paid_search,product,False
S1_03772,U3550,2024-02-09,1,desktop,paid_search,product,False
S1_03773,U4389,2024-02-10,1,mobile,paid_search,product,False
S1_03774,U5289,2024-02-08,1,mobile,organic,pricing,False
S1_03775,U8065,2024-02-05,1,mobile,paid_search,pricing,False
S1_03776,U4722,2024-02-07,1,mobile,paid_search,homepage,False
S1_03777,U1118,2024-02-05,1,desktop,paid_search,product,False
S1_03778,U6345,2024-02-05,1,desktop,organic,pricing,False
S1_03779,U4953,2024-02-10,1,mobile,paid_search,pricing,False
S1_03780,U1611,2024-02-07,1,mobile,paid_search,pricing,False
S1_03781,U3595,2024-02-08,1,tablet,organic,pricing,False
S1_03782,U8093,2024-02-05,1,mobile,paid_search,homepage,False
S1_03783,U1466,2024-02-06,1,mobile,paid_search,pricing,False
S1_03784,U5030,2024-02-09,1,tablet,direct,product,False
S1_03785,U4563,2024-02-11,1,mobile,social,product,False
S1_03786,U7175,2024-02-10,1,tablet,organic,homepage,False
S1_03787,U8259,2024-02-11,1,mobile,organic,homepage,True
S1_03788,U2363,2024-02-10,1,mobile,organic,product,False
S1_03789,U7098,2024-02-11,1,mobile,paid_search,pricing,False
S1_03790,U7963,2024-02-07,1,mobile,paid_search,pricing,False
S1_03791,U8580,2024-02-05,1,mobile,organic,pricing,True
S1_03792,U6558,2024-02-10,1,mobile,organic,product,True
S1_03793,U7180,2024-02-10,1,desktop,direct,pricing,True
S1_03794,U4153,2024-02-06,1,mobile,paid_search,pricing,False
S1_03795,U7018,2024-02-06,1,mobile,direct,homepage,False
S1_03796,U4624,2024-02-08,1,desktop,paid_search,product,False
S1_03797,U8297,2024-02-05,1,mobile,paid_search,pricing,False
S1_03798,U4760,2024-02-11,1,desktop,organic,homepage,False
S1_03799,U3241,2024-02-11,1,mobile,paid_search,product,False
S1_03800,U3401,2024-02-07,1,desktop,paid_search,pricing,False
S1_03801,U679,2024-02-06,1,desktop,direct,homepage,False
S1_03802,U9849,2024-02-07,1,desktop,organic,pricing,False
S1_03803,U4658,2024-02-10,1,mobile,organic,product,False
S1_03804,U60,2024-02-05,1,mobile,organic,product,False
S1_03805,U9826,2024-02-07,1,desktop,organic,homepage,False
S1_03806,U3501,2024-02-07,1,tablet,direct,product,False
S1_03807,U6233,2024-02-11,1,mobile,social,product,True
S1_03808,U9844,2024-02-05,1,mobile,paid_search,homepage,True
S1_03809,U2585,2024-02-09,1,desktop,organic,pricing,False
S1_03810,U3771,2024-02-09,1,mobile,organic,product,False
S1_03811,U9880,2024-02-05,1,mobile,social,pricing,False
S1_03812,U2238,2024-02-10,1,mobile,organic,pricing,False
S1_03813,U4415,2024-02-08,1,mobile,organic,homepage,False
S1_03814,U3431,2024-02-10,1,desktop,organic,product,True
S1_03815,U4295,2024-02-08,1,desktop,organic,product,False
S1_03816,U6551,2024-02-06,1,desktop,organic,homepage,False
S1_03817,U3084,2024-02-06,1,mobile,organic,product,False
S1_03818,U8837,2024-02-11,1,mobile,direct,homepage,False
S1_03819,U2057,2024-02-06,1,desktop,paid_search,pricing,False
S1_03820,U2694,2024-02-11,1,mobile,organic,product,False
S1_03821,U7566,2024-02-05,1,mobile,organic,product,False
S1_03822,U8669,2024-02-09,1,desktop,paid_search,homepage,False
S1_03823,U3733,2024-02-10,1,mobile,organic,product,False
S1_03824,U4621,2024-02-10,1,mobile,paid_search,product,False
S1_03825,U372,2024-02-05,1,desktop,social,product,False
S1_03826,U897,2024-02-06,1,mobile,paid_search,pricing,False
S1_03827,U6321,2024-02-08,1,mobile,direct,pricing,False
S1_03828,U2062,2024-02-06,1,mobile,organic,homepage,False
S1_03829,U6300,2024-02-08,1,desktop,paid_search,product,False
S1_03830,U9414,2024-02-09,1,mobile,paid_search,homepage,False
S1_03831,U1121,2024-02-10,1,mobile,paid_search,homepage,False
S1_03832,U322,2024-02-06,1,mobile,organic,product,False
S1_03833,U8280,2024-02-06,1,desktop,social,product,False
S1_03834,U797,2024-02-05,1,mobile,organic,homepage,False
S1_03835,U9219,2024-02-05,1,desktop,organic,pricing,False
S1_03836,U4795,2024-02-11,1,desktop,organic,product,True
S1_03837,U7040,2024-02-11,1,desktop,organic,pricing,False
S1_03838,U8272,2024-02-07,1,desktop,organic,homepage,False
S1_03839,U7477,2024-02-07,1,desktop,social,pricing,True
S1_03840,U6556,2024-02-10,1,mobile,paid_search,pricing,False
S1_03841,U5153,2024-02-05,1,desktop,organic,pricing,False
S1_03842,U1484,2024-02-10,1,mobile,organic,pricing,False
S1_03843,U3187,2024-02-11,1,mobile,paid_search,product,False
S1_03844,U3600,2024-02-07,1,desktop,organic,product,False
S1_03845,U1404,2024-02-11,1,tablet,organic,homepage,True
S1_03846,U7750,2024-02-08,1,mobile,social,product,False
S1_03847,U1695,2024-02-06,1,desktop,organic,product,False
S1_03848,U667,2024-02-10,1,mobile,direct,pricing,False
S1_03849,U9411,2024-02-10,1,mobile,organic,pricing,False
S1_03850,U5691,2024-02-11,1,mobile,organic,homepage,False
S1_03851,U1759,2024-02-06,1,mobile,social,product,False
S1_03852,U5805,2024-02-06,1,mobile,paid_search,homepage,False
S1_03853,U2019,2024-02-07,1,mobile,social,homepage,False
S1_03854,U93,2024-02-08,1,mobile,paid_search,product,False
S1_03855,U313,2024-02-11,1,mobile,organic,pricing,False
S1_03856,U1855,2024-02-09,1,mobile,paid_search,homepage,False
S1_03857,U6052,2024-02-07,1,mobile,paid_search,pricing,False
S1_03858,U6922,2024-02-11,1,mobile,social,product,False
S1_03859,U3362,2024-02-07,1,mobile,paid_search,product,False
S1_03860,U338,2024-02-09,1,mobile,organic,pricing,False
S1_03861,U2703,2024-02-07,1,mobile,organic,pricing,False
S1_03862,U552,2024-02-10,1,mobile,organic,product,False
S1_03863,U3030,2024-02-11,1,tablet,direct,homepage,True
S1_03864,U1140,2024-02-08,1,mobile,organic,pricing,False
S1_03865,U2378,2024-02-07,1,desktop,organic,homepage,False
S1_03866,U9402,2024-02-08,1,mobile,organic,product,False
S1_03867,U9914,2024-02-08,1,mobile,organic,pricing,False
S1_03868,U1695,2024-02-11,1,mobile,direct,homepage,False
S1_03869,U6831,2024-02-08,1,mobile,social,product,False
S1_03870,U7426,2024-02-08,1,desktop,direct,pricing,False
S1_03871,U1277,2024-02-05,1,desktop,organic,pricing,False
S1_03872,U6220,2024-02-09,1,mobile,organic,product,False
S1_03873,U6338,2024-02-05,1,desktop,paid_search,homepage,False
S1_03874,U1741,2024-02-07,1,mobile,paid_search,homepage,False
S1_03875,U4775,2024-02-09,1,mobile,organic,product,False
S1_03876,U1376,2024-02-11,1,mobile,social,product,False
S1_03877,U7073,2024-02-10,1,desktop,organic,homepage,False
S1_03878,U1905,2024-02-11,1,mobile,paid_search,pricing,False
S1_03879,U4967,2024-02-07,1,desktop,organic,pricing,False
S1_03880,U7259,2024-02-08,1,mobile,social,pricing,False
S1_03881,U2909,2024-02-07,1,mobile,social,product,False
S1_03882,U1078,2024-02-08,1,desktop,social,product,True
S1_03883,U4966,2024-02-10,1,mobile,direct,homepage,False
S1_03884,U9913,2024-02-05,1,mobile,organic,homepage,False
S1_03885,U4047,2024-02-09,1,desktop,paid_search,homepage,False
S1_03886,U7366,2024-02-11,1,desktop,organic,homepage,False
S1_03887,U9658,2024-02-06,1,mobile,paid_search,pricing,False
S1_03888,U4525,2024-02-11,1,mobile,social,product,False
S1_03889,U5470,2024-02-05,1,desktop,social,homepage,False
S1_03890,U5051,2024-02-08,1,desktop,paid_search,homepage,False
S1_03891,U3933,2024-02-06,1,mobile,social,homepage,False
S1_03892,U9601,2024-02-10,1,desktop,social,product,False
S1_03893,U6036,2024-02-09,1,mobile,direct,pricing,False
S1_03894,U9358,2024-02-08,1,mobile,organic,pricing,False
S1_03895,U8138,2024-02-07,1,desktop,paid_search,pricing,False
S1_03896,U4556,2024-02-05,1,mobile,social,product,False
S1_03897,U5815,2024-02-07,1,mobile,paid_search,pricing,False
S1_03898,U9542,2024-02-11,1,mobile,paid_search,product,False
S1_03899,U8653,2024-02-09,1,desktop,paid_search,pricing,False
S1_03900,U5028,2024-02-07,1,desktop,organic,homepage,True
S1_03901,U8410,2024-02-05,1,mobile,paid_search,homepage,False
S1_03902,U2580,2024-02-11,1,desktop,organic,homepage,True
S1_03903,U675,2024-02-08,1,desktop,organic,pricing,False
S1_03904,U4250,2024-02-07,1,mobile,organic,product,False
S1_03905,U9676,2024-02-10,1,mobile,organic,homepage,False
S1_03906,U663,2024-02-06,1,mobile,organic,product,True
S1_03907,U2205,2024-02-06,1,desktop,paid_search,product,False
S1_03908,U5657,2024-02-08,1,mobile,organic,pricing,False
S1_03909,U7072,2024-02-10,1,mobile,paid_search,homepage,False
S1_03910,U9513,2024-02-09,1,mobile,paid_search,product,False
S1_03911,U2878,2024-02-10,1,desktop,social,homepage,True
S1_03912,U8634,2024-02-07,1,mobile,social,homepage,False
S1_03913,U1930,2024-02-07,1,desktop,direct,product,False
S1_03914,U3746,2024-02-06,1,desktop,organic,product,False
S1_03915,U3078,2024-02-09,1,mobile,direct,product,False
S1_03916,U4279,2024-02-10,1,mobile,direct,homepage,False
S1_03917,U4731,2024-02-11,1,mobile,paid_search,pricing,False
S1_03918,U7335,2024-02-08,1,desktop,organic,homepage,True
S1_03919,U8768,2024-02-09,1,desktop,social,pricing,False
S1_03920,U1281,2024-02-05,1,mobile,paid_search,product,False
S1_03921,U1955,2024-02-08,1,desktop,paid_search,product,False
S1_03922,U5064,2024-02-08,1,mobile,paid_search,product,False
S1_03923,U4226,2024-02-06,1,mobile,paid_search,pricing,False
S1_03924,U6263,2024-02-10,1,desktop,paid_search,homepage,False
S1_03925,U7590,2024-02-09,1,mobile,paid_search,pricing,False
S1_03926,U9402,2024-02-09,1,desktop,paid_search,pricing,False
S1_03927,U3443,2024-02-06,1,mobile,organic,pricing,False
S1_03928,U1721,2024-02-07,1,desktop,organic,pricing,False
S1_03929,U6939,2024-02-06,1,desktop,organic,product,False
S1_03930,U3782,2024-02-10,1,mobile,paid_search,pricing,True
S1_03931,U315,2024-02-09,1,mobile,organic,pricing,False
S1_03932,U2700,2024-02-09,1,mobile,organic,pricing,False
S1_03933,U5533,2024-02-06,1,desktop,direct,product,False
S1_03934,U9760,2024-02-06,1,mobile,direct,product,False
S1_03935,U9102,2024-02-10,1,mobile,paid_search,product,False
S1_03936,U7883,2024-02-06,1,mobile,paid_search,pricing,False
S1_03937,U714,2024-02-09,1,mobile,paid_search,homepage,False
S1_03938,U1699,2024-02-05,1,desktop,paid_search,homepage,False
S1_03939,U3168,2024-02-06,1,mobile,organic,product,True
S1_03940,U5153,2024-02-06,1,mobile,paid_search,product,False
S1_03941,U7276,2024-02-09,1,desktop,social,homepage,False
S1_03942,U2673,2024-02-07,1,mobile,social,homepage,False
S1_03943,U2949,2024-02-05,1,mobile,organic,pricing,False
S1_03944,U2117,2024-02-10,1,desktop,direct,homepage,False
S1_03945,U7429,2024-02-10,1,desktop,organic,pricing,True
S1_03946,U8690,2024-02-09,1,tablet,organic,homepage,False
S1_03947,U3245,2024-02-06,1,mobile,social,homepage,False
S1_03948,U1449,2024-02-09,1,mobile,organic,product,True
S1_03949,U8359,2024-02-07,1,desktop,paid_search,pricing,False
S1_03950,U4967,2024-02-10,1,mobile,social,product,False
S1_03951,U5244,2024-02-06,1,mobile,organic,product,False
S1_03952,U8680,2024-02-09,1,mobile,paid_search,pricing,False
S1_03953,U7973,2024-02-06,1,mobile,social,homepage,False
S1_03954,U1164,2024-02-05,1,tablet,direct,pricing,False
S1_03955,U4877,2024-02-09,1,mobile,organic,pricing,True
S1_03956,U7998,2024-02-06,1,desktop,organic,pricing,False
S1_03957,U6438,2024-02-05,1,mobile,organic,homepage,False
S1_03958,U9137,2024-02-10,1,mobile,organic,pricing,False
S1_03959,U6279,2024-02-09,1,desktop,direct,pricing,False
S1_03960,U8670,2024-02-05,1,desktop,paid_search,homepage,False
S1_03961,U4718,2024-02-10,1,desktop,organic,pricing,False
S1_03962,U2869,2024-02-11,1,mobile,paid_search,homepage,False
S1_03963,U5828,2024-02-05,1,mobile,organic,pricing,False
S1_03964,U771,2024-02-11,1,tablet,social,homepage,False
S1_03965,U9296,2024-02-11,1,mobile,social,pricing,False
S1_03966,U5375,2024-02-06,1,mobile,social,pricing,False
S1_03967,U8952,2024-02-06,1,mobile,organic,pricing,True
S1_03968,U1919,2024-02-07,1,desktop,paid_search,product,False
S1_03969,U3935,2024-02-09,1,mobile,organic,homepage,False
S1_03970,U3503,2024-02-11,1,tablet,direct,pricing,False
S1_03971,U8959,2024-02-11,1,mobile,direct,pricing,False
S1_03972,U5942,2024-02-08,1,desktop,organic,homepage,False
S1_03973,U8565,2024-02-08,1,desktop,organic,pricing,False
S1_03974,U3647,2024-02-09,1,desktop,paid_search,homepage,False
S1_03975,U9414,2024-02-07,1,mobile,social,homepage,False
S1_03976,U8914,2024-02-09,1,mobile,direct,homepage,False
S1_03977,U6559,2024-02-08,1,mobile,organic,homepage,True
S1_03978,U5030,2024-02-06,1,mobile,social,product,False
S1_03979,U8932,2024-02-08,1,desktop,social,product,False
S1_03980,U4622,2024-02-09,1,desktop,direct,product,False
S1_03981,U3899,2024-02-06,1,tablet,organic,pricing,False
S1_03982,U1717,2024-02-07,1,mobile,paid_search,product,False
S1_03983,U4890,2024-02-10,1,tablet,social,homepage,False
S1_03984,U5351,2024-02-05,1,desktop,paid_search,homepage,False
S1_03985,U7507,2024-02-11,1,mobile,paid_search,product,False
S1_03986,U492,2024-02-05,1,mobile,organic,homepage,False
S1_03987,U3652,2024-02-09,1,desktop,paid_search,pricing,True
S1_03988,U2514,2024-02-05,1,mobile,organic,product,False
S1_03989,U6201,2024-02-08,1,mobile,direct,pricing,False
S1_03990,U8000,2024-02-06,1,mobile,organic,pricing,True
S1_03991,U5069,2024-02-05,1,mobile,organic,pricing,False
S1_03992,U9090,2024-02-06,1,mobile,social,product,False
S1_03993,U1407,2024-02-08,1,tablet,organic,pricing,False
S1_03994,U8435,2024-02-10,1,mobile,organic,pricing,True
S1_03995,U5307,2024-02-11,1,mobile,social,pricing,False
S1_03996,U6129,2024-02-11,1,mobile,organic,pricing,False
S1_03997,U6520,2024-02-05,1,mobile,social,product,False
S1_03998,U8885,2024-02-06,1,mobile,paid_search,product,False
S1_03999,U2107,2024-02-11,1,tablet,paid_search,product,False
S1_04000,U1731,2024-02-09,1,mobile,social,product,False
S1_04001,U9153,2024-02-06,1,mobile,organic,pricing,False
S1_04002,U3542,2024-02-06,1,mobile,paid_search,pricing,False
S1_04003,U9835,2024-02-11,1,desktop,organic,product,False
S1_04004,U8307,2024-02-11,1,mobile,social,pricing,False
S1_04005,U9134,2024-02-05,1,mobile,paid_search,product,False
S1_04006,U9901,2024-02-08,1,desktop,paid_search,product,True
S1_04007,U829,2024-02-06,1,mobile,paid_search,pricing,False
S1_04008,U5124,2024-02-10,1,desktop,organic,homepage,False
S1_04009,U9490,2024-02-08,1,desktop,paid_search,product,False
S1_04010,U8314,2024-02-08,1,desktop,organic,homepage,False
S1_04011,U4381,2024-02-11,1,mobile,organic,pricing,False
S1_04012,U4217,2024-02-08,1,mobile,organic,pricing,False
S1_04013,U7637,2024-02-07,1,mobile,direct,product,False
S1_04014,U4563,2024-02-08,1,desktop,organic,product,False
S1_04015,U6753,2024-02-11,1,mobile,paid_search,homepage,False
S1_04016,U5572,2024-02-09,1,desktop,paid_search,product,False
S1_04017,U1417,2024-02-05,1,mobile,organic,pricing,False
S1_04018,U8505,2024-02-08,1,desktop,organic,homepage,True
S1_04019,U8024,2024-02-07,1,mobile,paid_search,pricing,False
S1_04020,U5483,2024-02-11,1,desktop,organic,homepage,False
S1_04021,U4806,2024-02-08,1,desktop,direct,product,False
S1_04022,U2834,2024-02-09,1,mobile,social,pricing,True
S1_04023,U9797,2024-02-11,1,mobile,organic,product,True
S1_04024,U6942,2024-02-05,1,mobile,organic,product,False
S1_04025,U5876,2024-02-09,1,mobile,social,product,False
S1_04026,U1601,2024-02-07,1,tablet,organic,homepage,True
S1_04027,U91,2024-02-11,1,mobile,organic,product,False
S1_04028,U98,2024-02-11,1,mobile,organic,pricing,False
S1_04029,U8819,2024-02-10,1,mobile,organic,pricing,False
S1_04030,U5097,2024-02-08,1,mobile,direct,homepage,False
S1_04031,U8630,2024-02-05,1,desktop,paid_search,homepage,False
S1_04032,U8452,2024-02-06,1,mobile,paid_search,homepage,False
S1_04033,U1044,2024-02-09,1,mobile,direct,product,False
S1_04034,U9840,2024-02-05,1,desktop,direct,homepage,False
S1_04035,U933,2024-02-09,1,desktop,organic,pricing,False
S1_04036,U8909,2024-02-07,1,mobile,organic,homepage,False
S1_04037,U106,2024-02-11,1,desktop,social,pricing,False
S1_04038,U1965,2024-02-09,1,desktop,paid_search,homepage,False
S1_04039,U6098,2024-02-08,1,desktop,paid_search,pricing,True
S1_04040,U1281,2024-02-05,1,desktop,social,homepage,False
S1_04041,U7817,2024-02-05,1,mobile,paid_search,homepage,False
S1_04042,U787,2024-02-10,1,desktop,paid_search,homepage,False
S1_04043,U3430,2024-02-08,1,tablet,organic,homepage,False
S1_04044,U9421,2024-02-05,1,desktop,organic,homepage,False
S1_04045,U6627,2024-02-09,1,mobile,organic,pricing,False
S1_04046,U7589,2024-02-06,1,mobile,paid_search,homepage,False
S1_04047,U3624,2024-02-05,1,mobile,paid_search,product,False
S1_04048,U3834,2024-02-05,1,desktop,social,product,False
S1_04049,U8656,2024-02-09,1,mobile,organic,product,False
S1_04050,U6376,2024-02-10,1,tablet,paid_search,homepage,False
S1_04051,U4795,2024-02-08,1,desktop,social,homepage,False
S1_04052,U8397,2024-02-08,1,mobile,direct,product,False
S1_04053,U5007,2024-02-09,1,mobile,organic,pricing,False
S1_04054,U6868,2024-02-09,1,mobile,organic,pricing,False
S1_04055,U87,2024-02-08,1,mobile,paid_search,pricing,False
S1_04056,U9625,2024-02-11,1,desktop,organic,pricing,False
S1_04057,U4292,2024-02-10,1,mobile,social,homepage,False
S1_04058,U5409,2024-02-09,1,desktop,social,homepage,False
S1_04059,U2062,2024-02-09,1,mobile,organic,homepage,False
S1_04060,U7012,2024-02-11,1,mobile,organic,homepage,False
S1_04061,U1734,2024-02-10,1,desktop,paid_search,pricing,False
S1_04062,U2676,2024-02-05,1,mobile,paid_search,pricing,False
S1_04063,U880,2024-02-11,1,mobile,social,pricing,False
S1_04064,U7352,2024-02-08,1,mobile,paid_search,pricing,True
S1_04065,U4107,2024-02-10,1,desktop,organic,product,True
S1_04066,U7197,2024-02-08,1,desktop,organic,product,False
S1_04067,U9992,2024-02-05,1,mobile,paid_search,product,False
S1_04068,U729,2024-02-11,1,desktop,organic,product,True
S1_04069,U3897,2024-02-05,1,mobile,social,pricing,False
S1_04070,U6456,2024-02-11,1,desktop,organic,product,False
S1_04071,U4285,2024-02-09,1,mobile,organic,pricing,False
S1_04072,U6873,2024-02-10,1,tablet,organic,pricing,False
S1_04073,U4657,2024-02-07,1,mobile,paid_search,homepage,False
S1_04074,U7249,2024-02-11,1,mobile,paid_search,homepage,False
S1_04075,U9974,2024-02-09,1,desktop,paid_search,product,False
S1_04076,U9071,2024-02-08,1,mobile,organic,homepage,False
S1_04077,U2325,2024-02-11,1,desktop,organic,product,False
S1_04078,U3705,2024-02-05,1,mobile,social,pricing,False
S1_04079,U6057,2024-02-09,1,mobile,social,homepage,False
S1_04080,U9126,2024-02-05,1,mobile,paid_search,homepage,False
S1_04081,U7938,2024-02-07,1,mobile,social,homepage,False
S1_04082,U6031,2024-02-05,1,mobile,paid_search,pricing,False
S1_04083,U5417,2024-02-11,1,mobile,social,pricing,False
S1_04084,U6537,2024-02-09,1,mobile,paid_search,pricing,False
S1_04085,U553,2024-02-06,1,mobile,social,homepage,False
S1_04086,U8877,2024-02-08,1,mobile,social,homepage,False
S1_04087,U3609,2024-02-08,1,mobile,social,homepage,True
S1_04088,U2714,2024-02-09,1,mobile,organic,homepage,False
S1_04089,U8381,2024-02-11,1,desktop,organic,homepage,False
S1_04090,U1756,2024-02-11,1,mobile,social,homepage,False
S1_04091,U4137,2024-02-07,1,mobile,organic,product,False
S1_04092,U292,2024-02-06,1,tablet,organic,product,False
S1_04093,U5565,2024-02-06,1,mobile,organic,product,False
S1_04094,U4261,2024-02-10,1,mobile,paid_search,homepage,False
S1_04095,U9309,2024-02-06,1,mobile,organic,pricing,True
S1_04096,U3724,2024-02-05,1,mobile,paid_search,pricing,False
S1_04097,U4225,2024-02-08,1,desktop,direct,pricing,True
S1_04098,U7170,2024-02-08,1,mobile,social,pricing,False
S1_04099,U5118,2024-02-07,1,desktop,organic,product,False
S1_04100,U3939,2024-02-11,1,mobile,organic,product,False
S1_04101,U3005,2024-02-05,1,mobile,organic,homepage,False
S1_04102,U4528,2024-02-06,1,mobile,paid_search,product,False
S1_04103,U6100,2024-02-10,1,mobile,paid_search,pricing,False
S1_04104,U3044,2024-02-10,1,mobile,direct,product,True
S1_04105,U63,2024-02-11,1,mobile,direct,homepage,False
S1_04106,U8381,2024-02-09,1,desktop,organic,product,False
S1_04107,U6299,2024-02-11,1,mobile,paid_search,product,True
S1_04108,U7929,2024-02-09,1,mobile,paid_search,homepage,False
S1_04109,U9365,2024-02-08,1,mobile,social,product,False
S1_04110,U4467,2024-02-10,1,tablet,paid_search,homepage,False
S1_04111,U4191,2024-02-07,1,desktop,organic,homepage,False
S1_04112,U6305,2024-02-07,1,desktop,direct,pricing,False
S1_04113,U3444,2024-02-10,1,mobile,paid_search,product,False
S1_04114,U6625,2024-02-09,1,mobile,organic,homepage,False
S1_04115,U4299,2024-02-11,1,desktop,organic,pricing,False
S1_04116,U4809,2024-02-09,1,desktop,paid_search,pricing,False
S1_04117,U3540,2024-02-05,1,mobile,paid_search,product,False
S1_04118,U6810,2024-02-08,1,mobile,social,pricing,False
S1_04119,U2203,2024-02-11,1,desktop,organic,product,True
S1_04120,U2023,2024-02-10,1,desktop,paid_search,homepage,False
S1_04121,U1751,2024-02-09,1,mobile,paid_search,product,False
S1_04122,U1669,2024-02-06,1,desktop,social,pricing,False
S1_04123,U4578,2024-02-11,1,mobile,organic,product,False
S1_04124,U8068,2024-02-09,1,desktop,paid_search,pricing,False
S1_04125,U4593,2024-02-11,1,desktop,paid_search,product,False
S1_04126,U3007,2024-02-05,1,mobile,direct,product,False
S1_04127,U9135,2024-02-07,1,mobile,paid_search,homepage,False
S1_04128,U5342,2024-02-07,1,mobile,direct,pricing,False
S1_04129,U1463,2024-02-11,1,desktop,paid_search,product,False
S1_04130,U7466,2024-02-11,1,mobile,organic,product,False
S1_04131,U8287,2024-02-07,1,mobile,paid_search,product,False
S1_04132,U3464,2024-02-09,1,tablet,social,pricing,False
S1_04133,U4123,2024-02-09,1,mobile,organic,product,False
S1_04134,U5596,2024-02-10,1,desktop,paid_search,product,False
S1_04135,U617,2024-02-08,1,desktop,organic,product,False
S1_04136,U5863,2024-02-08,1,desktop,organic,pricing,False
S1_04137,U9183,2024-02-06,1,tablet,direct,pricing,False
S1_04138,U3109,2024-02-05,1,desktop,direct,pricing,False
S1_04139,U1618,2024-02-10,1,desktop,paid_search,product,False
S1_04140,U7153,2024-02-08,1,desktop,social,product,False
S1_04141,U794,2024-02-09,1,mobile,paid_search,homepage,False
S1_04142,U3329,2024-02-11,1,mobile,social,product,False
S1_04143,U5811,2024-02-09,1,mobile,paid_search,pricing,False
S1_04144,U9640,2024-02-09,1,tablet,paid_search,product,False
S1_04145,U2991,2024-02-07,1,mobile,social,homepage,False
S1_04146,U7240,2024-02-09,1,desktop,paid_search,pricing,False
S1_04147,U1927,2024-02-07,1,desktop,paid_search,product,True
S1_04148,U7285,2024-02-07,1,mobile,paid_search,product,True
S1_04149,U1195,2024-02-07,1,mobile,organic,pricing,False
S1_04150,U8841,2024-02-10,1,desktop,organic,homepage,False
S1_04151,U9180,2024-02-06,1,mobile,organic,homepage,False
S1_04152,U2100,2024-02-11,1,desktop,organic,product,False
S1_04153,U8438,2024-02-08,1,mobile,paid_search,homepage,False
S1_04154,U1184,2024-02-08,1,mobile,direct,homepage,False
S1_04155,U5983,2024-02-05,1,desktop,organic,product,True
S1_04156,U4362,2024-02-06,1,mobile,social,product,False
S1_04157,U4162,2024-02-09,1,mobile,organic,homepage,False
S1_04158,U2136,2024-02-06,1,mobile,social,pricing,False
S1_04159,U448,2024-02-07,1,desktop,paid_search,pricing,False
S1_04160,U4969,2024-02-05,1,mobile,organic,pricing,False
S1_04161,U4078,2024-02-10,1,mobile,organic,product,False
S1_04162,U2208,2024-02-09,1,mobile,paid_search,product,False
S1_04163,U183,2024-02-11,1,mobile,social,pricing,False
S1_04164,U3554,2024-02-06,1,desktop,organic,product,False
S1_04165,U3982,2024-02-08,1,mobile,organic,pricing,False
S1_04166,U7986,2024-02-11,1,desktop,paid_search,pricing,False
S1_04167,U9950,2024-02-11,1,desktop,paid_search,product,False
S1_04168,U6541,2024-02-09,1,desktop,social,homepage,False
S1_04169,U9394,2024-02-09,1,desktop,organic,pricing,False
S1_04170,U6514,2024-02-10,1,mobile,organic,product,False
S1_04171,U116,2024-02-07,1,desktop,organic,pricing,True
S1_04172,U4270,2024-02-08,1,desktop,organic,pricing,False
S1_04173,U4315,2024-02-10,1,desktop,social,pricing,False
S1_04174,U7334,2024-02-05,1,desktop,social,homepage,False
S1_04175,U321,2024-02-07,1,desktop,paid_search,product,False
S1_04176,U5093,2024-02-06,1,desktop,direct,pricing,False
S1_04177,U3829,2024-02-05,1,tablet,organic,product,False
S1_04178,U2653,2024-02-07,1,mobile,paid_search,product,False
S1_04179,U8638,2024-02-07,1,mobile,paid_search,pricing,False
S1_04180,U7177,2024-02-09,1,mobile,paid_search,product,False
S1_04181,U4558,2024-02-05,1,tablet,organic,product,False
S1_04182,U9565,2024-02-08,1,desktop,social,homepage,False
S1_04183,U7491,2024-02-11,1,mobile,organic,homepage,True
S1_04184,U3577,2024-02-10,1,desktop,organic,pricing,False
S1_04185,U3969,2024-02-08,1,desktop,paid_search,pricing,False
S1_04186,U9947,2024-02-08,1,mobile,social,homepage,False
S1_04187,U8606,2024-02-09,1,mobile,social,pricing,False
S1_04188,U6847,2024-02-11,1,tablet,social,pricing,False
S1_04189,U3016,2024-02-09,1,mobile,paid_search,pricing,False
S1_04190,U8347,2024-02-09,1,mobile,social,pricing,False
S1_04191,U7697,2024-02-06,1,mobile,paid_search,pricing,False
S1_04192,U3084,2024-02-08,1,desktop,paid_search,homepage,False
S1_04193,U7484,2024-02-07,1,desktop,social,homepage,True
S1_04194,U6344,2024-02-10,1,mobile,paid_search,product,False
S1_04195,U3069,2024-02-10,1,mobile,social,pricing,False
S1_04196,U8541,2024-02-08,1,mobile,organic,pricing,False
S1_04197,U5509,2024-02-10,1,mobile,organic,product,False
S1_04198,U3617,2024-02-09,1,mobile,social,pricing,False
S1_04199,U8741,2024-02-07,1,mobile,paid_search,pricing,False
S1_04200,U9201,2024-02-10,1,mobile,paid_search,product,False
S1_04201,U9011,2024-02-07,1,desktop,paid_search,pricing,False
S1_04202,U7908,2024-02-10,1,desktop,social,product,False
S1_04203,U5825,2024-02-08,1,desktop,organic,product,False
S1_04204,U9084,2024-02-07,1,desktop,direct,product,False
S1_04205,U6048,2024-02-11,1,tablet,organic,product,False
S1_04206,U4188,2024-02-07,1,desktop,organic,pricing,False
S1_04207,U2460,2024-02-10,1,mobile,paid_search,pricing,False
S1_04208,U8093,2024-02-10,1,mobile,organic,pricing,True
S1_04209,U1188,2024-02-07,1,mobile,organic,homepage,False
S1_04210,U3525,2024-02-07,1,mobile,paid_search,pricing,False
S1_04211,U3834,2024-02-10,1,desktop,organic,homepage,True
S1_04212,U1056,2024-02-10,1,tablet,paid_search,homepage,False
S1_04213,U6756,2024-02-11,1,mobile,organic,homepage,True
S1_04214,U4580,2024-02-06,1,desktop,direct,homepage,False
S1_04215,U8407,2024-02-05,1,mobile,direct,homepage,False
S1_04216,U5459,2024-02-08,1,desktop,paid_search,homepage,False
S1_04217,U8461,2024-02-06,1,mobile,organic,homepage,False
S1_04218,U3172,2024-02-11,1,desktop,direct,pricing,False
S1_04219,U4162,2024-02-08,1,mobile,organic,product,False
S1_04220,U4209,2024-02-11,1,mobile,organic,pricing,False
S1_04221,U3790,2024-02-09,1,desktop,paid_search,homepage,False
S1_04222,U1351,2024-02-06,1,desktop,organic,pricing,False
S1_04223,U6896,2024-02-05,1,tablet,paid_search,product,False
S1_04224,U1715,2024-02-05,1,desktop,organic,pricing,False
S1_04225,U3245,2024-02-10,1,desktop,social,pricing,True
S1_04226,U8900,2024-02-10,1,mobile,organic,homepage,False
S1_04227,U9344,2024-02-06,1,mobile,social,homepage,False
S1_04228,U9534,2024-02-05,1,mobile,direct,product,False
S1_04229,U296,2024-02-11,1,mobile,direct,homepage,False
S1_04230,U5368,2024-02-06,1,mobile,paid_search,product,False
S1_04231,U7472,2024-02-07,1,mobile,organic,pricing,False
S1_04232,U7946,2024-02-05,1,mobile,paid_search,product,True
S1_04233,U2556,2024-02-07,1,mobile,paid_search,homepage,False
S1_04234,U5387,2024-02-05,1,desktop,paid_search,homepage,False
S1_04235,U641,2024-02-09,1,mobile,organic,pricing,False
S1_04236,U3787,2024-02-08,1,mobile,direct,pricing,False
S1_04237,U8653,2024-02-11,1,desktop,social,pricing,False
S1_04238,U4875,2024-02-09,1,tablet,paid_search,product,False
S1_04239,U6026,2024-02-10,1,mobile,direct,pricing,True
S1_04240,U3405,2024-02-06,1,mobile,paid_search,pricing,False
S1_04241,U6549,2024-02-07,1,mobile,paid_search,product,False
S1_04242,U7021,2024-02-11,1,mobile,organic,pricing,False
S1_04243,U6052,2024-02-08,1,mobile,social,product,False
S1_04244,U3253,2024-02-08,1,desktop,paid_search,homepage,False
S1_04245,U7252,2024-02-10,1,mobile,paid_search,pricing,False
S1_04246,U5338,2024-02-11,1,mobile,paid_search,pricing,False
S1_04247,U3466,2024-02-07,1,desktop,organic,product,False
S1_04248,U6763,2024-02-05,1,desktop,organic,homepage,True
S1_04249,U13,2024-02-09,1,mobile,organic,homepage,False
S1_04250,U1680,2024-02-10,1,mobile,direct,homepage,False
S1_04251,U1719,2024-02-05,1,mobile,paid_search,homepage,False
S1_04252,U9039,2024-02-10,1,mobile,social,pricing,False
S1_04253,U1716,2024-02-11,1,desktop,organic,pricing,False
S1_04254,U5776,2024-02-08,1,mobile,organic,product,False
S1_04255,U3771,2024-02-11,1,mobile,paid_search,product,False
S1_04256,U7365,2024-02-07,1,mobile,organic,pricing,True
S1_04257,U5503,2024-02-06,1,mobile,social,product,False
S1_04258,U3985,2024-02-08,1,desktop,paid_search,homepage,False
S1_04259,U3253,2024-02-10,1,desktop,organic,product,False
S1_04260,U1513,2024-02-07,1,desktop,organic,pricing,False
S1_04261,U9685,2024-02-09,1,mobile,organic,homepage,False
S1_04262,U2427,2024-02-05,1,mobile,organic,homepage,False
S1_04263,U7642,2024-02-09,1,mobile,paid_search,homepage,False
S1_04264,U4368,2024-02-07,1,mobile,social,pricing,False
S1_04265,U2419,2024-02-05,1,tablet,paid_search,homepage,False
S1_04266,U5468,2024-02-08,1,mobile,social,product,False
S1_04267,U5339,2024-02-06,1,mobile,organic,homepage,True
S1_04268,U4397,2024-02-09,1,desktop,social,pricing,False
S1_04269,U1926,2024-02-09,1,desktop,social,product,False
S1_04270,U5306,2024-02-07,1,mobile,organic,pricing,False
S1_04271,U397,2024-02-06,1,mobile,organic,product,False
S1_04272,U6884,2024-02-07,1,mobile,social,pricing,False
S1_04273,U8416,2024-02-07,1,mobile,paid_search,pricing,False
S1_04274,U2704,2024-02-10,1,desktop,paid_search,product,False
S1_04275,U7415,2024-02-05,1,mobile,organic,pricing,True
S1_04276,U3370,2024-02-08,1,mobile,paid_search,product,False
S1_04277,U143,2024-02-06,1,mobile,organic,homepage,False
S1_04278,U9061,2024-02-10,1,desktop,organic,product,False
S1_04279,U1024,2024-02-10,1,mobile,organic,pricing,False
S1_04280,U7974,2024-02-07,1,tablet,organic,pricing,False
S1_04281,U9047,2024-02-06,1,desktop,paid_search,pricing,False
S1_04282,U6166,2024-02-10,1,mobile,paid_search,homepage,False
S1_04283,U5295,2024-02-11,1,tablet,paid_search,pricing,False
S1_04284,U516,2024-02-09,1,desktop,paid_search,product,True
S1_04285,U2805,2024-02-05,1,desktop,social,homepage,False
S1_04286,U5125,2024-02-05,1,mobile,organic,product,True
S1_04287,U3177,2024-02-11,1,mobile,paid_search,homepage,False
S1_04288,U1371,2024-02-09,1,mobile,paid_search,product,False
S1_04289,U2942,2024-02-05,1,desktop,organic,pricing,False
S1_04290,U809,2024-02-07,1,tablet,paid_search,product,False
S1_04291,U6610,2024-02-10,1,mobile,social,pricing,False
S1_04292,U1613,2024-02-09,1,mobile,paid_search,pricing,False
S1_04293,U5091,2024-02-05,1,desktop,organic,pricing,False
S1_04294,U3635,2024-02-07,1,mobile,paid_search,product,True
S1_04295,U6952,2024-02-07,1,mobile,direct,pricing,False
S1_04296,U8423,2024-02-06,1,desktop,organic,pricing,True
S1_04297,U8416,2024-02-11,1,mobile,social,pricing,False
S1_04298,U5067,2024-02-09,1,mobile,direct,product,False
S1_04299,U5637,2024-02-09,1,desktop,paid_search,pricing,False
S1_04300,U5741,2024-02-08,1,mobile,organic,homepage,False
S1_04301,U5738,2024-02-07,1,mobile,direct,homepage,False
S1_04302,U9468,2024-02-08,1,mobile,organic,product,False
S1_04303,U4925,2024-02-07,1,mobile,organic,product,False
S1_04304,U2127,2024-02-09,1,mobile,paid_search,pricing,False
S1_04305,U8428,2024-02-05,1,mobile,social,pricing,False
S1_04306,U3469,2024-02-09,1,desktop,social,product,False
S1_04307,U6816,2024-02-09,1,mobile,paid_search,product,False
S1_04308,U6712,2024-02-11,1,desktop,organic,product,False
S1_04309,U6102,2024-02-07,1,mobile,organic,pricing,False
S1_04310,U3139,2024-02-07,1,mobile,social,product,True
S1_04311,U9923,2024-02-08,1,desktop,direct,product,True
S1_04312,U8909,2024-02-10,1,mobile,direct,pricing,False
S1_04313,U6930,2024-02-09,1,mobile,paid_search,homepage,False
S1_04314,U7411,2024-02-11,1,desktop,social,homepage,False
S1_04315,U6575,2024-02-07,1,mobile,paid_search,product,False
S1_04316,U4414,2024-02-06,1,mobile,organic,pricing,False
S1_04317,U7710,2024-02-05,1,mobile,paid_search,homepage,False
S1_04318,U6560,2024-02-05,1,desktop,organic,pricing,False
S1_04319,U1352,2024-02-09,1,desktop,organic,product,False
S1_04320,U7741,2024-02-05,1,mobile,paid_search,pricing,False
S1_04321,U8002,2024-02-08,1,mobile,organic,homepage,False
S1_04322,U4574,2024-02-08,1,mobile,social,homepage,False
S1_04323,U4978,2024-02-08,1,mobile,paid_search,pricing,False
S1_04324,U2197,2024-02-06,1,mobile,organic,pricing,False
S1_04325,U5657,2024-02-07,1,mobile,organic,product,False
S1_04326,U8957,2024-02-09,1,desktop,paid_search,pricing,False
S1_04327,U4856,2024-02-07,1,mobile,paid_search,pricing,True
S1_04328,U8972,2024-02-10,1,mobile,organic,pricing,False
S1_04329,U7346,2024-02-06,1,mobile,paid_search,product,False
S1_04330,U6570,2024-02-06,1,mobile,direct,pricing,False
S1_04331,U8851,2024-02-10,1,mobile,social,homepage,False
S1_04332,U6019,2024-02-08,1,mobile,paid_search,pricing,False
S1_04333,U9053,2024-02-11,1,mobile,social,pricing,True
S1_04334,U8920,2024-02-06,1,desktop,organic,product,False
S1_04335,U3756,2024-02-07,1,mobile,organic,product,False
S1_04336,U1668,2024-02-09,1,desktop,paid_search,pricing,False
S1_04337,U3152,2024-02-06,1,desktop,paid_search,product,False
S1_04338,U3682,2024-02-06,1,desktop,social,pricing,False
S1_04339,U7679,2024-02-10,1,mobile,social,pricing,False
S1_04340,U8310,2024-02-10,1,desktop,organic,homepage,False
S1_04341,U200,2024-02-11,1,desktop,paid_search,homepage,False
S1_04342,U7919,2024-02-06,1,mobile,social,pricing,False
S1_04343,U9386,2024-02-08,1,desktop,organic,homepage,False
S1_04344,U7599,2024-02-09,1,mobile,social,product,False
S1_04345,U9844,2024-02-05,1,mobile,paid_search,product,False
S1_04346,U5958,2024-02-10,1,desktop,organic,homepage,False
S1_04347,U88,2024-02-06,1,desktop,organic,homepage,False
S1_04348,U7411,2024-02-08,1,desktop,paid_search,homepage,False
S1_04349,U3106,2024-02-09,1,tablet,paid_search,product,False
S1_04350,U7912,2024-02-07,1,desktop,paid_search,product,False
S1_04351,U9844,2024-02-06,1,mobile,paid_search,homepage,False
S1_04352,U7801,2024-02-10,1,desktop,organic,product,False
S1_04353,U4352,2024-02-08,1,mobile,paid_search,pricing,False
S1_04354,U4938,2024-02-09,1,mobile,paid_search,product,False
S1_04355,U3938,2024-02-10,1,mobile,organic,pricing,False
S1_04356,U2290,2024-02-11,1,tablet,organic,homepage,False
S1_04357,U7713,2024-02-09,1,mobile,organic,pricing,False
S1_04358,U2586,2024-02-08,1,desktop,organic,homepage,False
S1_04359,U6348,2024-02-06,1,mobile,paid_search,homepage,True
S1_04360,U2148,2024-02-09,1,mobile,organic,product,False
S1_04361,U6671,2024-02-10,1,mobile,paid_search,product,False
S1_04362,U1092,2024-02-08,1,mobile,organic,pricing,False
S1_04363,U4703,2024-02-07,1,mobile,organic,pricing,False
S1_04364,U4301,2024-02-05,1,mobile,organic,product,False
S1_04365,U8676,2024-02-11,1,mobile,organic,pricing,False
S1_04366,U6555,2024-02-07,1,mobile,organic,product,False
S1_04367,U6795,2024-02-07,1,mobile,direct,pricing,True
S1_04368,U4946,2024-02-10,1,desktop,organic,product,False
S1_04369,U6902,2024-02-07,1,desktop,social,product,False
S1_04370,U7509,2024-02-07,1,mobile,paid_search,homepage,False
S1_04371,U1593,2024-02-05,1,desktop,organic,product,False
S1_04372,U4564,2024-02-10,1,mobile,paid_search,pricing,False
S1_04373,U7579,2024-02-10,1,desktop,organic,homepage,False
S1_04374,U4991,2024-02-11,1,tablet,organic,product,False
S1_04375,U8247,2024-02-10,1,mobile,direct,product,False
S1_04376,U5574,2024-02-11,1,mobile,social,product,False
S1_04377,U8101,2024-02-09,1,desktop,organic,product,False
S1_04378,U6981,2024-02-08,1,mobile,organic,product,False
S1_04379,U7586,2024-02-05,1,desktop,organic,pricing,True
S1_04380,U1027,2024-02-06,1,mobile,organic,pricing,False
S1_04381,U9615,2024-02-05,1,desktop,paid_search,pricing,False
S1_04382,U8908,2024-02-08,1,desktop,social,homepage,False
S1_04383,U8455,2024-02-06,1,mobile,organic,homepage,False
S1_04384,U2402,2024-02-10,1,desktop,paid_search,homepage,False
S1_04385,U4553,2024-02-09,1,mobile,organic,pricing,False
S1_04386,U1995,2024-02-10,1,desktop,organic,product,True
S1_04387,U5968,2024-02-11,1,mobile,organic,homepage,False
S1_04388,U8857,2024-02-07,1,mobile,paid_search,homepage,False
S1_04389,U2645,2024-02-06,1,desktop,social,product,False
S1_04390,U1540,2024-02-09,1,mobile,direct,product,False
S1_04391,U8342,2024-02-07,1,mobile,organic,homepage,False
S1_04392,U5780,2024-02-10,1,tablet,direct,homepage,False
S1_04393,U178,2024-02-10,1,desktop,social,pricing,False
S1_04394,U4476,2024-02-05,1,desktop,organic,product,False
S1_04395,U3462,2024-02-11,1,desktop,social,product,False
S1_04396,U4356,2024-02-09,1,desktop,paid_search,homepage,False
S1_04397,U5560,2024-02-09,1,mobile,organic,homepage,False
S1_04398,U8602,2024-02-09,1,mobile,paid_search,homepage,False
S1_04399,U8812,2024-02-05,1,mobile,paid_search,product,False
S1_04400,U1037,2024-02-09,1,mobile,direct,pricing,False
S1_04401,U4534,2024-02-10,1,desktop,organic,homepage,True
S1_04402,U3745,2024-02-09,1,tablet,social,product,True
S1_04403,U3398,2024-02-07,1,desktop,paid_search,homepage,False
S1_04404,U6458,2024-02-10,1,mobile,organic,pricing,False
S1_04405,U9042,2024-02-10,1,mobile,organic,product,True
S1_04406,U80,2024-02-05,1,mobile,organic,pricing,False
S1_04407,U2284,2024-02-07,1,desktop,paid_search,product,False
S1_04408,U3049,2024-02-11,1,desktop,paid_search,pricing,False
S1_04409,U5718,2024-02-09,1,mobile,paid_search,homepage,True
S1_04410,U210,2024-02-11,1,desktop,organic,homepage,True
S1_04411,U79,2024-02-10,1,desktop,social,homepage,False
S1_04412,U953,2024-02-05,1,desktop,social,homepage,False
S1_04413,U947,2024-02-10,1,mobile,paid_search,product,True
S1_04414,U492,2024-02-11,1,desktop,organic,pricing,False
S1_04415,U4068,2024-02-08,1,mobile,paid_search,homepage,False
S1_04416,U2876,2024-02-05,1,desktop,organic,homepage,False
S1_04417,U2465,2024-02-11,1,desktop,social,pricing,False
S1_04418,U8467,2024-02-08,1,desktop,direct,pricing,False
S1_04419,U3109,2024-02-05,1,desktop,organic,pricing,False
S1_04420,U3913,2024-02-05,1,mobile,organic,product,False
S1_04421,U2105,2024-02-08,1,desktop,organic,homepage,False
S1_04422,U7409,2024-02-08,1,mobile,direct,product,False
S1_04423,U6908,2024-02-05,1,mobile,paid_search,pricing,False
S1_04424,U2801,2024-02-10,1,mobile,paid_search,product,False
S1_04425,U1226,2024-02-09,1,desktop,direct,pricing,False
S1_04426,U1076,2024-02-07,1,mobile,direct,pricing,False
S1_04427,U8817,2024-02-11,1,mobile,organic,homepage,True
S1_04428,U4715,2024-02-09,1,mobile,organic,homepage,False
S1_04429,U9877,2024-02-07,1,mobile,paid_search,pricing,False
S1_04430,U721,2024-02-05,1,desktop,organic,homepage,False
S1_04431,U9946,2024-02-05,1,mobile,paid_search,homepage,False
S1_04432,U7376,2024-02-05,1,desktop,organic,homepage,True
S1_04433,U1917,2024-02-09,1,mobile,social,product,False
S1_04434,U3354,2024-02-10,1,mobile,organic,product,False
S1_04435,U615,2024-02-06,1,desktop,direct,pricing,True
S1_04436,U4291,2024-02-07,1,desktop,paid_search,pricing,False
S1_04437,U940,2024-02-09,1,mobile,paid_search,product,True
S1_04438,U1994,2024-02-06,1,mobile,organic,pricing,False
S1_04439,U7890,2024-02-06,1,desktop,organic,homepage,False
S1_04440,U9518,2024-02-06,1,mobile,organic,pricing,False
S1_04441,U3388,2024-02-07,1,desktop,organic,homepage,False
S1_04442,U9714,2024-02-07,1,mobile,organic,pricing,False
S1_04443,U4788,2024-02-08,1,mobile,social,pricing,False
S1_04444,U5529,2024-02-05,1,desktop,direct,homepage,False
S1_04445,U1695,2024-02-07,1,mobile,organic,pricing,False
S1_04446,U3056,2024-02-11,1,desktop,organic,product,False
S1_04447,U8457,2024-02-09,1,desktop,organic,pricing,False
S1_04448,U4474,2024-02-10,1,mobile,paid_search,product,False
S1_04449,U6940,2024-02-08,1,desktop,paid_search,product,False
S1_04450,U8905,2024-02-05,1,desktop,organic,pricing,True
S1_04451,U589,2024-02-09,1,mobile,paid_search,pricing,False
S1_04452,U152,2024-02-08,1,mobile,organic,product,True
S1_04453,U8454,2024-02-08,1,mobile,social,pricing,False
S1_04454,U1067,2024-02-06,1,mobile,organic,homepage,False
S1_04455,U42,2024-02-07,1,desktop,organic,homepage,False
S1_04456,U8441,2024-02-08,1,mobile,social,homepage,False
S1_04457,U4112,2024-02-07,1,mobile,social,product,False
S1_04458,U3305,2024-02-07,1,mobile,organic,homepage,False
S1_04459,U5359,2024-02-08,1,desktop,paid_search,pricing,True
S1_04460,U1672,2024-02-10,1,mobile,organic,product,False
S1_04461,U9814,2024-02-11,1,tablet,organic,pricing,False
S1_04462,U98,2024-02-09,1,mobile,organic,pricing,False
S1_04463,U4609,2024-02-07,1,mobile,organic,product,True
S1_04464,U4289,2024-02-09,1,mobile,paid_search,homepage,False
S1_04465,U342,2024-02-08,1,mobile,paid_search,product,False
S1_04466,U3787,2024-02-11,1,desktop,social,pricing,False
S1_04467,U9563,2024-02-07,1,desktop,paid_search,product,False
S1_04468,U1556,2024-02-08,1,desktop,organic,homepage,True
S1_04469,U8038,2024-02-10,1,mobile,social,homepage,False
S1_04470,U1627,2024-02-07,1,mobile,organic,product,False
S1_04471,U9665,2024-02-10,1,mobile,direct,homepage,False
S1_04472,U4738,2024-02-10,1,mobile,direct,homepage,False
S1_04473,U584,2024-02-08,1,mobile,organic,homepage,False
S1_04474,U1326,2024-02-08,1,mobile,paid_search,pricing,False
S1_04475,U5818,2024-02-11,1,mobile,organic,homepage,False
S1_04476,U3373,2024-02-10,1,desktop,social,pricing,False
S1_04477,U4454,2024-02-10,1,desktop,paid_search,product,True
S1_04478,U237,2024-02-06,1,desktop,paid_search,product,False
S1_04479,U8872,2024-02-09,1,mobile,organic,product,False
S1_04480,U3208,2024-02-07,1,mobile,paid_search,product,False
S1_04481,U3037,2024-02-06,1,mobile,social,pricing,False
S1_04482,U2316,2024-02-10,1,desktop,direct,homepage,False
S1_04483,U2841,2024-02-10,1,desktop,social,homepage,False
S1_04484,U4138,2024-02-08,1,desktop,organic,homepage,False
S1_04485,U7329,2024-02-06,1,mobile,direct,homepage,False
S1_04486,U9400,2024-02-11,1,mobile,paid_search,pricing,False
S1_04487,U3497,2024-02-06,1,mobile,direct,homepage,False
S1_04488,U5263,2024-02-05,1,tablet,direct,pricing,False
S1_04489,U1525,2024-02-06,1,mobile,social,product,False
S1_04490,U5941,2024-02-06,1,desktop,organic,product,False
S1_04491,U3096,2024-02-08,1,mobile,organic,homepage,False
S1_04492,U6341,2024-02-11,1,desktop,organic,pricing,False
S1_04493,U717,2024-02-05,1,mobile,paid_search,pricing,True
S1_04494,U4598,2024-02-11,1,mobile,social,homepage,False
S1_04495,U5585,2024-02-08,1,mobile,organic,homepage,False
S1_04496,U8750,2024-02-10,1,desktop,paid_search,pricing,False
S1_04497,U3756,2024-02-06,1,desktop,paid_search,product,False
S1_04498,U6944,2024-02-06,1,desktop,organic,pricing,True
S1_04499,U9693,2024-02-10,1,mobile,social,homepage,False
S1_04500,U8822,2024-02-07,1,mobile,organic,homepage,False
S1_04501,U5399,2024-02-07,1,mobile,organic,homepage,False
S1_04502,U2448,2024-02-06,1,mobile,direct,pricing,False
S1_04503,U8683,2024-02-09,1,desktop,social,pricing,False
S1_04504,U7035,2024-02-11,1,mobile,organic,product,False
S1_04505,U7354,2024-02-05,1,mobile,social,homepage,False
S1_04506,U7634,2024-02-07,1,mobile,paid_search,pricing,False
S1_04507,U9429,2024-02-05,1,desktop,organic,product,False
S1_04508,U8102,2024-02-05,1,mobile,social,pricing,False
S1_04509,U8369,2024-02-07,1,mobile,direct,homepage,False
S1_04510,U4827,2024-02-06,1,mobile,paid_search,product,False
S1_04511,U2621,2024-02-08,1,desktop,social,homepage,False
S1_04512,U123,2024-02-08,1,mobile,organic,homepage,False
S1_04513,U7994,2024-02-10,1,desktop,paid_search,homepage,False
S1_04514,U8975,2024-02-05,1,desktop,social,pricing,True
S1_04515,U7187,2024-02-05,1,desktop,organic,pricing,False
S1_04516,U1884,2024-02-06,1,mobile,organic,pricing,False
S1_04517,U894,2024-02-06,1,mobile,paid_search,pricing,False
S1_04518,U3606,2024-02-08,1,mobile,social,homepage,False
S1_04519,U9130,2024-02-05,1,desktop,organic,product,True
S1_04520,U5468,2024-02-11,1,mobile,direct,pricing,False
S1_04521,U986,2024-02-10,1,mobile,social,homepage,False
S1_04522,U2417,2024-02-10,1,mobile,direct,product,False
S1_04523,U1778,2024-02-06,1,mobile,paid_search,homepage,False
S1_04524,U8332,2024-02-09,1,desktop,paid_search,product,False
S1_04525,U6970,2024-02-06,1,mobile,organic,homepage,False
S1_04526,U8882,2024-02-08,1,mobile,organic,pricing,False
S1_04527,U2475,2024-02-08,1,mobile,organic,homepage,False
S1_04528,U3156,2024-02-10,1,mobile,paid_search,pricing,False
S1_04529,U9335,2024-02-08,1,mobile,organic,homepage,False
S1_04530,U1325,2024-02-11,1,desktop,paid_search,product,False
S1_04531,U1538,2024-02-06,1,desktop,organic,product,False
S1_04532,U3933,2024-02-05,1,desktop,organic,pricing,False
S1_04533,U4103,2024-02-10,1,desktop,social,pricing,False
S1_04534,U7694,2024-02-10,1,mobile,organic,homepage,False
S1_04535,U9282,2024-02-08,1,desktop,paid_search,product,False
S1_04536,U6511,2024-02-06,1,mobile,social,product,False
S1_04537,U8022,2024-02-06,1,mobile,paid_search,pricing,False
S1_04538,U6510,2024-02-06,1,mobile,organic,pricing,False
S1_04539,U5192,2024-02-08,1,desktop,paid_search,homepage,False
S1_04540,U914,2024-02-07,1,mobile,paid_search,pricing,False
S1_04541,U6841,2024-02-11,1,mobile,paid_search,homepage,False
S1_04542,U5118,2024-02-07,1,tablet,paid_search,homepage,False
S1_04543,U7361,2024-02-08,1,tablet,social,product,False
S1_04544,U7750,2024-02-08,1,mobile,organic,homepage,False
S1_04545,U2163,2024-02-07,1,desktop,organic,homepage,False
S1_04546,U9577,2024-02-09,1,desktop,paid_search,pricing,False
S1_04547,U1067,2024-02-06,1,desktop,paid_search,pricing,False
S1_04548,U9867,2024-02-10,1,mobile,social,homepage,True
S1_04549,U5079,2024-02-11,1,desktop,paid_search,homepage,False
S1_04550,U3251,2024-02-08,1,desktop,organic,product,False
S1_04551,U4693,2024-02-08,1,desktop,paid_search,pricing,False
S1_04552,U8680,2024-02-05,1,desktop,paid_search,homepage,False
S1_04553,U1505,2024-02-10,1,desktop,organic,pricing,False
S1_04554,U7229,2024-02-08,1,mobile,organic,product,False
S1_04555,U2827,2024-02-11,1,desktop,organic,pricing,False
S1_04556,U4094,2024-02-08,1,mobile,paid_search,product,False
S1_04557,U5456,2024-02-05,1,mobile,social,homepage,False
S1_04558,U8866,2024-02-09,1,mobile,social,homepage,False
S1_04559,U5635,2024-02-08,1,mobile,paid_search,product,False
S1_04560,U8337,2024-02-10,1,mobile,social,product,False
S1_04561,U8881,2024-02-07,1,mobile,organic,homepage,False
S1_04562,U6290,2024-02-11,1,mobile,organic,pricing,False
S1_04563,U2925,2024-02-10,1,mobile,organic,homepage,False
S1_04564,U7488,2024-02-08,1,tablet,social,pricing,False
S1_04565,U8537,2024-02-06,1,mobile,social,pricing,False
S1_04566,U5834,2024-02-06,1,mobile,organic,homepage,False
S1_04567,U7777,2024-02-11,1,mobile,paid_search,product,False
S1_04568,U7260,2024-02-06,1,desktop,paid_search,homepage,False
S1_04569,U2440,2024-02-09,1,mobile,social,pricing,False
S1_04570,U9917,2024-02-07,1,desktop,organic,pricing,False
S1_04571,U3971,2024-02-07,1,desktop,organic,pricing,False
S1_04572,U7720,2024-02-10,1,mobile,organic,homepage,False
S1_04573,U3899,2024-02-05,1,desktop,organic,product,False
S1_04574,U7021,2024-02-08,1,mobile,direct,homepage,False
S1_04575,U5797,2024-02-07,1,mobile,social,pricing,False
S1_04576,U9588,2024-02-07,1,mobile,organic,homepage,True
S1_04577,U4509,2024-02-08,1,tablet,organic,homepage,False
S1_04578,U6643,2024-02-11,1,mobile,direct,homepage,False
S1_04579,U2299,2024-02-05,1,desktop,organic,product,False
S1_04580,U4069,2024-02-05,1,desktop,organic,pricing,False
S1_04581,U6042,2024-02-11,1,mobile,organic,homepage,False
S1_04582,U7693,2024-02-07,1,desktop,organic,product,False
S1_04583,U3159,2024-02-08,1,mobile,organic,pricing,False
S1_04584,U900,2024-02-10,1,desktop,social,product,False
S1_04585,U1851,2024-02-09,1,mobile,organic,product,True
S1_04586,U8862,2024-02-11,1,desktop,organic,product,False
S1_04587,U4597,2024-02-06,1,desktop,direct,pricing,False
S1_04588,U2687,2024-02-11,1,desktop,organic,pricing,False
S1_04589,U5117,2024-02-10,1,mobile,social,product,False
S1_04590,U3046,2024-02-10,1,desktop,organic,pricing,False
S1_04591,U3998,2024-02-11,1,mobile,organic,pricing,False
S1_04592,U5272,2024-02-07,1,tablet,organic,pricing,False
S1_04593,U4570,2024-02-07,1,desktop,organic,pricing,False
S1_04594,U5289,2024-02-09,1,desktop,social,pricing,False
S1_04595,U2352,2024-02-07,1,desktop,paid_search,pricing,False
S1_04596,U4641,2024-02-05,1,desktop,social,pricing,False
S1_04597,U6961,2024-02-06,1,mobile,paid_search,homepage,False
S1_04598,U5104,2024-02-07,1,mobile,organic,homepage,False
S1_04599,U3238,2024-02-10,1,mobile,paid_search,homepage,False
S1_04600,U6784,2024-02-10,1,mobile,social,homepage,False
S1_04601,U2126,2024-02-11,1,mobile,direct,product,False
S1_04602,U3280,2024-02-11,1,mobile,organic,product,False
S1_04603,U5090,2024-02-07,1,mobile,organic,homepage,False
S1_04604,U2675,2024-02-08,1,mobile,organic,homepage,False
S1_04605,U8739,2024-02-05,1,mobile,organic,pricing,False
S1_04606,U5751,2024-02-08,1,mobile,organic,product,False
S1_04607,U2110,2024-02-09,1,desktop,paid_search,pricing,False
S1_04608,U9571,2024-02-08,1,desktop,direct,homepage,False
S1_04609,U3968,2024-02-08,1,mobile,social,product,True
S1_04610,U1969,2024-02-06,1,desktop,organic,product,False
S1_04611,U1455,2024-02-09,1,mobile,organic,homepage,False
S1_04612,U1957,2024-02-05,1,mobile,social,homepage,False
S1_04613,U9003,2024-02-09,1,mobile,organic,pricing,False
S1_04614,U8264,2024-02-11,1,desktop,organic,product,False
S1_04615,U5762,2024-02-07,1,mobile,direct,pricing,False
S1_04616,U5569,2024-02-06,1,mobile,social,homepage,True
S1_04617,U1379,2024-02-09,1,mobile,organic,pricing,False
S1_04618,U2453,2024-02-07,1,mobile,paid_search,product,False
S1_04619,U3331,2024-02-05,1,mobile,organic,product,False
S1_04620,U1168,2024-02-09,1,desktop,social,pricing,False
S1_04621,U3316,2024-02-06,1,mobile,organic,homepage,False
S1_04622,U1496,2024-02-05,1,mobile,organic,product,True
S1_04623,U7039,2024-02-07,1,mobile,paid_search,product,True
S1_04624,U1338,2024-02-11,1,mobile,paid_search,homepage,False
S1_04625,U7191,2024-02-10,1,desktop,social,pricing,True
S1_04626,U9232,2024-02-10,1,desktop,direct,homepage,True
S1_04627,U9071,2024-02-10,1,mobile,direct,homepage,False
S1_04628,U3326,2024-02-06,1,tablet,organic,pricing,False
S1_04629,U7575,2024-02-11,1,mobile,paid_search,homepage,False
S1_04630,U6843,2024-02-08,1,mobile,paid_search,product,True
S1_04631,U7692,2024-02-11,1,mobile,direct,homepage,False
S1_04632,U3588,2024-02-06,1,desktop,organic,product,False
S1_04633,U6280,2024-02-10,1,mobile,paid_search,pricing,False
S1_04634,U4175,2024-02-10,1,mobile,organic,product,False
S1_04635,U1267,2024-02-06,1,mobile,paid_search,product,False
S1_04636,U708,2024-02-09,1,mobile,organic,homepage,False
S1_04637,U6279,2024-02-08,1,tablet,organic,product,False
S1_04638,U319,2024-02-05,1,mobile,social,product,False
S1_04639,U6573,2024-02-08,1,desktop,organic,pricing,False
S1_04640,U7039,2024-02-09,1,mobile,organic,homepage,False
S1_04641,U5033,2024-02-05,1,mobile,organic,pricing,False
S1_04642,U1461,2024-02-11,1,mobile,direct,homepage,False
S1_04643,U4113,2024-02-05,1,desktop,social,product,False
S1_04644,U6450,2024-02-09,1,mobile,direct,pricing,False
S1_04645,U3803,2024-02-11,1,desktop,organic,pricing,False
S1_04646,U5661,2024-02-07,1,mobile,paid_search,product,False
S1_04647,U3879,2024-02-08,1,desktop,paid_search,product,False
S1_04648,U625,2024-02-08,1,desktop,social,homepage,False
S1_04649,U5205,2024-02-06,1,mobile,organic,homepage,False
S1_04650,U8403,2024-02-09,1,mobile,paid_search,homepage,False
S1_04651,U9965,2024-02-08,1,desktop,organic,pricing,False
S1_04652,U9158,2024-02-06,1,mobile,paid_search,pricing,False
S1_04653,U8725,2024-02-11,1,mobile,organic,pricing,True
S1_04654,U7864,2024-02-10,1,desktop,organic,homepage,False
S1_04655,U9535,2024-02-06,1,mobile,social,homepage,False
S1_04656,U8981,2024-02-11,1,desktop,paid_search,homepage,False
S1_04657,U1970,2024-02-07,1,mobile,organic,pricing,False
S1_04658,U2850,2024-02-06,1,desktop,organic,homepage,True
S1_04659,U8859,2024-02-11,1,mobile,organic,homepage,False
S1_04660,U8038,2024-02-11,1,desktop,organic,homepage,False
S1_04661,U5289,2024-02-08,1,mobile,social,homepage,False
S1_04662,U3638,2024-02-11,1,mobile,direct,pricing,True
S1_04663,U2121,2024-02-07,1,desktop,organic,homepage,False
S1_04664,U3212,2024-02-10,1,mobile,direct,pricing,False
S1_04665,U1679,2024-02-11,1,desktop,direct,homepage,False
S1_04666,U1152,2024-02-09,1,mobile,paid_search,homepage,False
S1_04667,U7668,2024-02-07,1,desktop,organic,product,False
S1_04668,U7846,2024-02-08,1,mobile,organic,homepage,False
S1_04669,U5678,2024-02-09,1,mobile,social,pricing,False
S1_04670,U86,2024-02-11,1,mobile,social,product,False
S1_04671,U2196,2024-02-11,1,mobile,organic,product,False
S1_04672,U2510,2024-02-11,1,mobile,social,pricing,False
S1_04673,U7457,2024-02-06,1,mobile,direct,product,False
S1_04674,U7737,2024-02-09,1,desktop,direct,pricing,False
S1_04675,U4939,2024-02-11,1,mobile,social,homepage,False
S1_04676,U3019,2024-02-07,1,mobile,paid_search,homepage,False
S1_04677,U1657,2024-02-08,1,mobile,paid_search,homepage,False
S1_04678,U3318,2024-02-08,1,mobile,paid_search,homepage,False
S1_04679,U3948,2024-02-10,1,mobile,paid_search,pricing,False
S1_04680,U7382,2024-02-08,1,desktop,organic,homepage,False
S1_04681,U3345,2024-02-06,1,desktop,direct,pricing,False
S1_04682,U7077,2024-02-11,1,desktop,social,product,True
S1_04683,U2201,2024-02-10,1,desktop,social,product,False
S1_04684,U7072,2024-02-11,1,desktop,paid_search,pricing,False
S1_04685,U7755,2024-02-11,1,mobile,organic,homepage,False
S1_04686,U1502,2024-02-06,1,mobile,organic,pricing,False
S1_04687,U3903,2024-02-11,1,desktop,organic,pricing,False
S1_04688,U4270,2024-02-11,1,mobile,organic,homepage,False
S1_04689,U3146,2024-02-09,1,mobile,organic,product,False
S1_04690,U3037,2024-02-06,1,mobile,social,pricing,True
S1_04691,U2189,2024-02-11,1,desktop,organic,homepage,False
S1_04692,U1704,2024-02-11,1,mobile,social,homepage,False
S1_04693,U6846,2024-02-05,1,desktop,organic,product,False
S1_04694,U6250,2024-02-07,1,mobile,organic,product,False
S1_04695,U7226,2024-02-10,1,mobile,organic,pricing,False
S1_04696,U189,2024-02-10,1,mobile,social,pricing,True
S1_04697,U1385,2024-02-07,1,mobile,organic,product,False
S1_04698,U3973,2024-02-05,1,desktop,paid_search,product,False
S1_04699,U3990,2024-02-07,1,mobile,organic,homepage,True
S1_04700,U1669,2024-02-09,1,desktop,paid_search,product,False
S1_04701,U4894,2024-02-11,1,desktop,organic,homepage,False
S1_04702,U7619,2024-02-07,1,mobile,paid_search,pricing,True
S1_04703,U7314,2024-02-05,1,mobile,paid_search,product,False
S1_04704,U2731,2024-02-10,1,desktop,paid_search,homepage,False
S1_04705,U1479,2024-02-10,1,mobile,social,product,False
S1_04706,U9247,2024-02-09,1,desktop,organic,pricing,False
S1_04707,U5627,2024-02-05,1,mobile,paid_search,product,False
S1_04708,U2372,2024-02-08,1,desktop,organic,product,False
S1_04709,U1972,2024-02-06,1,tablet,paid_search,homepage,True
S1_04710,U4644,2024-02-06,1,desktop,organic,product,False
S1_04711,U8949,2024-02-08,1,desktop,direct,product,False
S1_04712,U4375,2024-02-05,1,desktop,organic,pricing,False
S1_04713,U4525,2024-02-08,1,desktop,social,homepage,False
S1_04714,U435,2024-02-09,1,desktop,social,pricing,False
S1_04715,U6411,2024-02-07,1,mobile,paid_search,product,True
S1_04716,U6875,2024-02-07,1,mobile,organic,homepage,False
S1_04717,U8060,2024-02-11,1,desktop,paid_search,product,False
S1_04718,U4183,2024-02-05,1,mobile,organic,homepage,False
S1_04719,U774,2024-02-05,1,mobile,paid_search,product,False
S1_04720,U7534,2024-02-09,1,mobile,paid_search,product,False
S1_04721,U6573,2024-02-10,1,mobile,paid_search,homepage,False
S1_04722,U1651,2024-02-09,1,tablet,organic,pricing,False
S1_04723,U8501,2024-02-10,1,desktop,direct,product,False
S1_04724,U3093,2024-02-06,1,desktop,social,product,False
S1_04725,U826,2024-02-05,1,mobile,paid_search,homepage,False
S1_04726,U2970,2024-02-06,1,mobile,social,pricing,False
S1_04727,U8820,2024-02-06,1,mobile,paid_search,pricing,False
S1_04728,U5666,2024-02-11,1,mobile,organic,product,False
S1_04729,U5119,2024-02-07,1,mobile,organic,homepage,False
S1_04730,U7794,2024-02-07,1,desktop,social,pricing,False
S1_04731,U6126,2024-02-08,1,desktop,paid_search,homepage,False
S1_04732,U6220,2024-02-07,1,tablet,organic,pricing,False
S1_04733,U7291,2024-02-08,1,mobile,direct,product,False
S1_04734,U9742,2024-02-05,1,mobile,paid_search,homepage,False
S1_04735,U8066,2024-02-06,1,mobile,organic,product,False
S1_04736,U4840,2024-02-11,1,mobile,paid_search,product,False
S1_04737,U8920,2024-02-08,1,desktop,organic,product,False
S1_04738,U703,2024-02-09,1,desktop,paid_search,pricing,False
S1_04739,U9775,2024-02-09,1,mobile,paid_search,pricing,True
S1_04740,U135,2024-02-05,1,mobile,paid_search,product,True
S1_04741,U4907,2024-02-07,1,mobile,paid_search,product,False
S1_04742,U6278,2024-02-07,1,mobile,direct,homepage,False
S1_04743,U3292,2024-02-08,1,mobile,social,product,False
S1_04744,U615,2024-02-09,1,mobile,direct,homepage,False
S1_04745,U9721,2024-02-05,1,mobile,organic,pricing,False
S1_04746,U6450,2024-02-11,1,mobile,paid_search,homepage,False
S1_04747,U5279,2024-02-10,1,desktop,organic,product,True
S1_04748,U1014,2024-02-09,1,desktop,paid_search,pricing,False
S1_04749,U8928,2024-02-08,1,mobile,organic,product,False
S1_04750,U6142,2024-02-05,1,mobile,organic,product,False
S1_04751,U9523,2024-02-09,1,mobile,organic,homepage,True
S1_04752,U9394,2024-02-09,1,mobile,paid_search,homepage,False
S1_04753,U3669,2024-02-06,1,mobile,paid_search,pricing,False
S1_04754,U4839,2024-02-07,1,tablet,organic,pricing,False
S1_04755,U3879,2024-02-07,1,desktop,social,product,False
S1_04756,U2776,2024-02-07,1,desktop,social,homepage,False
S1_04757,U5391,2024-02-08,1,mobile,organic,homepage,True
S1_04758,U8154,2024-02-05,1,mobile,organic,product,False
S1_04759,U6292,2024-02-05,1,desktop,organic,product,False
S1_04760,U4313,2024-02-07,1,mobile,organic,product,False
S1_04761,U2886,2024-02-05,1,mobile,paid_search,product,False
S1_04762,U8354,2024-02-06,1,desktop,paid_search,product,False
S1_04763,U1038,2024-02-10,1,mobile,paid_search,pricing,False
S1_04764,U8119,2024-02-08,1,desktop,paid_search,product,False
S1_04765,U5459,2024-02-10,1,mobile,organic,pricing,False
S1_04766,U4062,2024-02-08,1,mobile,paid_search,homepage,False
S1_04767,U7262,2024-02-09,1,mobile,organic,homepage,False
S1_04768,U8720,2024-02-08,1,desktop,paid_search,pricing,False
S1_04769,U2038,2024-02-05,1,mobile,social,pricing,False
S1_04770,U2083,2024-02-10,1,desktop,organic,product,True
S1_04771,U4594,2024-02-08,1,mobile,paid_search,pricing,False
S1_04772,U687,2024-02-11,1,desktop,organic,homepage,False
S1_04773,U8166,2024-02-09,1,mobile,paid_search,pricing,False
S1_04774,U9742,2024-02-10,1,mobile,organic,homepage,True
S1_04775,U8628,2024-02-06,1,mobile,organic,homepage,False
S1_04776,U7493,2024-02-11,1,desktop,social,pricing,True
S1_04777,U8898,2024-02-11,1,mobile,social,homepage,True
S1_04778,U4849,2024-02-08,1,desktop,organic,product,False
S1_04779,U567,2024-02-08,1,desktop,organic,product,False
S1_04780,U1526,2024-02-06,1,mobile,paid_search,homepage,False
S1_04781,U9868,2024-02-09,1,mobile,paid_search,product,False
S1_04782,U1296,2024-02-07,1,mobile,organic,product,False
S1_04783,U8785,2024-02-10,1,mobile,paid_search,product,False
S1_04784,U9604,2024-02-09,1,mobile,direct,homepage,False
S1_04785,U3032,2024-02-08,1,desktop,organic,product,False
S1_04786,U5845,2024-02-08,1,mobile,direct,pricing,False
S1_04787,U5508,2024-02-06,1,mobile,paid_search,product,False
S1_04788,U9474,2024-02-11,1,mobile,direct,product,False
S1_04789,U3359,2024-02-07,1,mobile,social,homepage,False
S1_04790,U8691,2024-02-08,1,desktop,social,homepage,False
S1_04791,U541,2024-02-06,1,desktop,direct,product,True
S1_04792,U6711,2024-02-06,1,desktop,organic,product,False
S1_04793,U2923,2024-02-10,1,mobile,organic,pricing,False
S1_04794,U9644,2024-02-09,1,mobile,organic,pricing,False
S1_04795,U5984,2024-02-07,1,mobile,direct,homepage,False
S1_04796,U7951,2024-02-09,1,mobile,organic,pricing,False
S1_04797,U9029,2024-02-06,1,desktop,paid_search,pricing,False
S1_04798,U7907,2024-02-10,1,mobile,direct,product,False
S1_04799,U7877,2024-02-05,1,mobile,paid_search,pricing,False
S1_04800,U8598,2024-02-05,1,desktop,organic,product,False
S1_04801,U2508,2024-02-07,1,desktop,paid_search,product,True
S1_04802,U3454,2024-02-05,1,mobile,social,product,True
S1_04803,U6938,2024-02-05,1,mobile,direct,pricing,False
S1_04804,U1682,2024-02-05,1,desktop,paid_search,homepage,False
S1_04805,U598,2024-02-05,1,mobile,organic,pricing,False
S1_04806,U735,2024-02-06,1,mobile,organic,product,False
S1_04807,U831,2024-02-06,1,mobile,social,homepage,False
S1_04808,U4569,2024-02-08,1,mobile,paid_search,product,False
S1_04809,U8052,2024-02-07,1,mobile,social,product,False
S1_04810,U1580,2024-02-11,1,mobile,paid_search,product,False
S1_04811,U6854,2024-02-05,1,tablet,organic,pricing,False
S1_04812,U761,2024-02-09,1,mobile,paid_search,pricing,False
S1_04813,U5553,2024-02-11,1,mobile,organic,homepage,False
S1_04814,U4265,2024-02-11,1,mobile,direct,product,False
S1_04815,U1670,2024-02-11,1,desktop,organic,product,False
S1_04816,U8159,2024-02-08,1,mobile,organic,pricing,False
S1_04817,U6960,2024-02-08,1,mobile,paid_search,pricing,False
S1_04818,U7492,2024-02-07,1,mobile,paid_search,product,False
S1_04819,U8346,2024-02-10,1,desktop,social,pricing,False
S1_04820,U3313,2024-02-09,1,mobile,social,pricing,False
S1_04821,U7014,2024-02-07,1,mobile,social,product,False
S1_04822,U2104,2024-02-06,1,mobile,social,product,False
S1_04823,U7611,2024-02-11,1,tablet,social,pricing,False
S1_04824,U5969,2024-02-06,1,mobile,organic,homepage,False
S1_04825,U4267,2024-02-07,1,desktop,paid_search,product,False
S1_04826,U6328,2024-02-11,1,desktop,direct,product,True
S1_04827,U1478,2024-02-05,1,mobile,social,product,False
S1_04828,U2587,2024-02-07,1,mobile,social,product,False
S1_04829,U553,2024-02-08,1,tablet,organic,pricing,False
S1_04830,U68,2024-02-08,1,desktop,paid_search,pricing,False
S1_04831,U2147,2024-02-07,1,desktop,organic,homepage,True
S1_04832,U7491,2024-02-10,1,mobile,paid_search,homepage,False
S1_04833,U782,2024-02-10,1,mobile,direct,product,False
S1_04834,U4392,2024-02-09,1,mobile,organic,product,False
S1_04835,U8047,2024-02-08,1,mobile,organic,product,False
S1_04836,U3101,2024-02-11,1,mobile,paid_search,pricing,True
S1_04837,U2250,2024-02-05,1,desktop,organic,homepage,False
S1_04838,U417,2024-02-05,1,desktop,organic,pricing,False
S1_04839,U2289,2024-02-09,1,mobile,organic,homepage,False
S1_04840,U2198,2024-02-06,1,desktop,organic,pricing,False
S1_04841,U9519,2024-02-11,1,desktop,organic,product,False
S1_04842,U9407,2024-02-09,1,mobile,paid_search,product,False
S1_04843,U5904,2024-02-11,1,desktop,social,homepage,True
S1_04844,U7336,2024-02-09,1,mobile,paid_search,product,False
S1_04845,U3303,2024-02-06,1,mobile,paid_search,product,False
S1_04846,U6696,2024-02-07,1,desktop,organic,product,False
S1_04847,U498,2024-02-10,1,mobile,social,product,False
S1_04848,U1265,2024-02-11,1,desktop,organic,product,False
S1_04849,U2028,2024-02-07,1,tablet,paid_search,homepage,False
S1_04850,U1576,2024-02-06,1,mobile,organic,product,False
S1_04851,U6449,2024-02-10,1,mobile,social,homepage,False
S1_04852,U4943,2024-02-07,1,desktop,paid_search,product,False
S1_04853,U2820,2024-02-08,1,desktop,organic,pricing,False
S1_04854,U7610,2024-02-10,1,tablet,organic,homepage,False
S1_04855,U8871,2024-02-09,1,mobile,organic,homepage,False
S1_04856,U5376,2024-02-06,1,mobile,social,homepage,True
S1_04857,U2034,2024-02-11,1,desktop,organic,product,True
S1_04858,U1558,2024-02-07,1,desktop,social,pricing,False
S1_04859,U5054,2024-02-08,1,mobile,direct,pricing,False
S1_04860,U9192,2024-02-11,1,mobile,organic,pricing,True
S1_04861,U698,2024-02-10,1,desktop,organic,pricing,False
S1_04862,U7355,2024-02-09,1,mobile,social,homepage,False
S1_04863,U1558,2024-02-10,1,mobile,organic,product,True
S1_04864,U7967,2024-02-09,1,desktop,social,product,False
S1_04865,U1090,2024-02-10,1,mobile,organic,product,False
S1_04866,U5276,2024-02-10,1,mobile,organic,homepage,False
S1_04867,U3306,2024-02-06,1,mobile,social,pricing,False
S1_04868,U1801,2024-02-06,1,mobile,organic,product,False
S1_04869,U8103,2024-02-10,1,tablet,organic,product,False
S1_04870,U8924,2024-02-08,1,desktop,organic,pricing,False
S1_04871,U5981,2024-02-08,1,mobile,organic,product,False
S1_04872,U9105,2024-02-11,1,desktop,organic,pricing,True
S1_04873,U5376,2024-02-05,1,tablet,organic,homepage,False
S1_04874,U101,2024-02-10,1,mobile,organic,homepage,False
S1_04875,U3529,2024-02-11,1,mobile,direct,product,True
S1_04876,U859,2024-02-08,1,mobile,organic,pricing,False
S1_04877,U7035,2024-02-06,1,mobile,paid_search,homepage,False
S1_04878,U1042,2024-02-05,1,desktop,paid_search,product,False
S1_04879,U84,2024-02-06,1,mobile,organic,homepage,False
S1_04880,U8129,2024-02-05,1,mobile,social,homepage,False
S1_04881,U9808,2024-02-09,1,mobile,direct,pricing,False
S1_04882,U2768,2024-02-09,1,mobile,social,pricing,False
S1_04883,U335,2024-02-06,1,desktop,paid_search,pricing,False
S1_04884,U7506,2024-02-06,1,mobile,organic,product,False
S1_04885,U8914,2024-02-06,1,mobile,social,homepage,False
S1_04886,U620,2024-02-08,1,mobile,direct,pricing,False
S1_04887,U4151,2024-02-09,1,tablet,organic,product,False
S1_04888,U5598,2024-02-11,1,mobile,social,pricing,False
S1_04889,U8347,2024-02-10,1,mobile,social,product,False
S1_04890,U1798,2024-02-09,1,mobile,organic,product,False
S1_04891,U5548,2024-02-11,1,mobile,paid_search,pricing,False
S1_04892,U19,2024-02-10,1,mobile,organic,homepage,False
S1_04893,U5133,2024-02-11,1,mobile,social,pricing,False
S1_04894,U1017,2024-02-09,1,desktop,paid_search,homepage,False
S1_04895,U9760,2024-02-10,1,mobile,social,homepage,True
S1_04896,U5091,2024-02-05,1,desktop,paid_search,product,False
S1_04897,U8530,2024-02-07,1,mobile,paid_search,product,False
S1_04898,U9899,2024-02-07,1,desktop,social,product,False
S1_04899,U4718,2024-02-11,1,mobile,social,product,False
S1_04900,U7131,2024-02-06,1,mobile,paid_search,product,False
S1_04901,U1892,2024-02-10,1,mobile,paid_search,product,False
S1_04902,U9764,2024-02-11,1,mobile,paid_search,homepage,False
S1_04903,U1031,2024-02-06,1,mobile,social,pricing,True
S1_04904,U5596,2024-02-09,1,desktop,paid_search,pricing,False
S1_04905,U9261,2024-02-11,1,tablet,paid_search,homepage,False
S1_04906,U5796,2024-02-11,1,desktop,social,homepage,False
S1_04907,U4059,2024-02-10,1,mobile,social,homepage,False
S1_04908,U9692,2024-02-08,1,mobile,direct,pricing,False
S1_04909,U3619,2024-02-07,1,mobile,organic,product,False
S1_04910,U3574,2024-02-09,1,desktop,organic,product,False
S1_04911,U616,2024-02-08,1,mobile,social,homepage,False
S1_04912,U6020,2024-02-05,1,mobile,direct,product,False
S1_04913,U4277,2024-02-05,1,tablet,paid_search,pricing,False
S1_04914,U8005,2024-02-07,1,mobile,social,pricing,False
S1_04915,U5848,2024-02-10,1,mobile,organic,homepage,False
S1_04916,U1229,2024-02-09,1,mobile,organic,pricing,False
S1_04917,U4459,2024-02-10,1,desktop,paid_search,pricing,False
S1_04918,U1501,2024-02-05,1,mobile,organic,homepage,False
S1_04919,U3560,2024-02-05,1,mobile,organic,homepage,True
S1_04920,U6962,2024-02-10,1,desktop,organic,pricing,True
S1_04921,U8407,2024-02-07,1,mobile,social,pricing,False
S1_04922,U4167,2024-02-10,1,mobile,social,pricing,False
S1_04923,U4509,2024-02-11,1,tablet,organic,pricing,False
S1_04924,U9902,2024-02-07,1,mobile,paid_search,homepage,False
S1_04925,U2528,2024-02-09,1,desktop,social,homepage,False
S1_04926,U3531,2024-02-10,1,mobile,paid_search,homepage,False
S1_04927,U5443,2024-02-05,1,desktop,organic,product,False
S1_04928,U9462,2024-02-11,1,desktop,social,pricing,False
S1_04929,U184,2024-02-05,1,mobile,paid_search,pricing,False
S1_04930,U1231,2024-02-08,1,mobile,social,homepage,False
S1_04931,U6957,2024-02-05,1,desktop,paid_search,pricing,False
S1_04932,U4986,2024-02-10,1,mobile,social,homepage,True
S1_04933,U4499,2024-02-06,1,mobile,paid_search,homepage,False
S1_04934,U6055,2024-02-11,1,mobile,direct,homepage,False
S1_04935,U7631,2024-02-09,1,mobile,social,pricing,False
S1_04936,U2596,2024-02-08,1,desktop,paid_search,homepage,False
S1_04937,U5464,2024-02-07,1,mobile,organic,pricing,False
S1_04938,U8128,2024-02-05,1,mobile,social,pricing,False
S1_04939,U4369,2024-02-09,1,desktop,organic,pricing,True
S1_04940,U1004,2024-02-08,1,mobile,organic,product,False
S1_04941,U3489,2024-02-08,1,mobile,social,product,False
S1_04942,U3992,2024-02-05,1,desktop,paid_search,pricing,False
S1_04943,U3411,2024-02-10,1,desktop,organic,homepage,False
S1_04944,U9318,2024-02-05,1,desktop,organic,pricing,False
S1_04945,U8838,2024-02-10,1,desktop,paid_search,product,False
S1_04946,U7865,2024-02-09,1,mobile,organic,homepage,False
S1_04947,U8274,2024-02-05,1,mobile,paid_search,pricing,False
S1_04948,U708,2024-02-05,1,mobile,organic,homepage,False
S1_04949,U353,2024-02-09,1,mobile,organic,pricing,False
S1_04950,U5259,2024-02-09,1,mobile,direct,homepage,False
S1_04951,U9127,2024-02-06,1,desktop,paid_search,homepage,False
S1_04952,U5855,2024-02-07,1,mobile,organic,pricing,False
S1_04953,U9375,2024-02-07,1,mobile,organic,homepage,False
S1_04954,U2096,2024-02-10,1,mobile,social,homepage,False
S1_04955,U7760,2024-02-11,1,desktop,organic,pricing,False
S1_04956,U4193,2024-02-11,1,mobile,social,homepage,False
S1_04957,U2148,2024-02-11,1,mobile,paid_search,pricing,False
S1_04958,U5181,2024-02-10,1,mobile,organic,homepage,False
S1_04959,U7219,2024-02-09,1,desktop,social,pricing,False
S1_04960,U1233,2024-02-05,1,desktop,social,pricing,True
S1_04961,U4455,2024-02-05,1,desktop,paid_search,pricing,False
S1_04962,U778,2024-02-09,1,tablet,social,pricing,False
S1_04963,U637,2024-02-07,1,mobile,paid_search,product,False
S1_04964,U6134,2024-02-09,1,desktop,direct,homepage,True
S1_04965,U8770,2024-02-11,1,mobile,paid_search,pricing,False
S1_04966,U2658,2024-02-08,1,mobile,organic,homepage,False
S1_04967,U8258,2024-02-09,1,desktop,direct,homepage,False
S1_04968,U1543,2024-02-11,1,desktop,direct,homepage,False
S1_04969,U3709,2024-02-07,1,desktop,paid_search,homepage,False
S1_04970,U4447,2024-02-05,1,mobile,paid_search,product,False
S1_04971,U7138,2024-02-11,1,mobile,organic,product,False
S1_04972,U9610,2024-02-08,1,mobile,organic,homepage,True
S1_04973,U1967,2024-02-06,1,tablet,organic,product,False
S1_04974,U1783,2024-02-11,1,desktop,organic,product,True
S1_04975,U3894,2024-02-08,1,mobile,paid_search,pricing,False
S1_04976,U3174,2024-02-10,1,mobile,direct,product,False
S1_04977,U9353,2024-02-05,1,desktop,organic,pricing,False
S1_04978,U7186,2024-02-05,1,mobile,social,homepage,False
S1_04979,U8850,2024-02-07,1,mobile,organic,pricing,False
S1_04980,U4433,2024-02-08,1,mobile,paid_search,product,False
S1_04981,U7277,2024-02-11,1,mobile,paid_search,product,False
S1_04982,U2355,2024-02-06,1,mobile,direct,pricing,False
S1_04983,U5010,2024-02-06,1,mobile,social,homepage,False
S1_04984,U8521,2024-02-09,1,mobile,organic,product,False
S1_04985,U1816,2024-02-08,1,desktop,paid_search,homepage,False
S1_04986,U3384,2024-02-06,1,mobile,direct,product,True
S1_04987,U335,2024-02-07,1,mobile,direct,pricing,False
S1_04988,U8023,2024-02-11,1,mobile,direct,product,True
S1_04989,U4618,2024-02-08,1,mobile,organic,pricing,False
S1_04990,U2120,2024-02-09,1,desktop,organic,pricing,True
S1_04991,U1708,2024-02-07,1,desktop,paid_search,product,False
S1_04992,U646,2024-02-09,1,mobile,paid_search,homepage,False
S1_04993,U3259,2024-02-07,1,mobile,organic,pricing,False
S1_04994,U5364,2024-02-11,1,mobile,direct,product,False
S1_04995,U9325,2024-02-10,1,mobile,paid_search,homepage,False
S1_04996,U5407,2024-02-10,1,mobile,paid_search,product,False
S1_04997,U5099,2024-02-08,1,mobile,paid_search,pricing,False
S1_04998,U470,2024-02-05,1,desktop,social,pricing,True
S1_04999,U3887,2024-02-11,1,mobile,organic,product,False
S1_05000,U1443,2024-02-08,1,mobile,organic,pricing,False
S2_00001,U665,2024-02-12,2,desktop,paid_search,homepage,False
S2_00002,U1756,2024-02-12,2,desktop,organic,homepage,True
S2_00003,U3108,2024-02-13,2,mobile,organic,product,False
S2_00004,U8113,2024-02-13,2,mobile,social,homepage,False
S2_00005,U9810,2024-02-13,2,desktop,paid_search,homepage,False
S2_00006,U3498,2024-02-17,2,desktop,organic,homepage,False
S2_00007,U1507,2024-02-15,2,mobile,social,product,False
S2_00008,U9708,2024-02-18,2,desktop,paid_search,product,False
S2_00009,U5670,2024-02-12,2,mobile,social,pricing,False
S2_00010,U7205,2024-02-14,2,desktop,organic,product,False
S2_00011,U3015,2024-02-14,2,desktop,organic,product,True
S2_00012,U2939,2024-02-17,2,mobile,organic,product,False
S2_00013,U1020,2024-02-16,2,mobile,organic,product,False
S2_00014,U4547,2024-02-17,2,desktop,organic,homepage,True
S2_00015,U2460,2024-02-16,2,desktop,social,product,False
S2_00016,U2295,2024-02-15,2,mobile,organic,product,False
S2_00017,U3765,2024-02-16,2,mobile,paid_search,product,False
S2_00018,U7422,2024-02-16,2,desktop,organic,product,False
S2_00019,U304,2024-02-15,2,mobile,social,pricing,False
S2_00020,U453,2024-02-16,2,mobile,organic,pricing,False
S2_00021,U3581,2024-02-18,2,mobile,social,pricing,True
S2_00022,U5468,2024-02-13,2,mobile,paid_search,product,False
S2_00023,U7031,2024-02-14,2,mobile,social,product,False
S2_00024,U9221,2024-02-15,2,tablet,social,product,False
S2_00025,U5474,2024-02-18,2,mobile,social,homepage,False
S2_00026,U3151,2024-02-15,2,desktop,social,homepage,False
S2_00027,U6845,2024-02-17,2,mobile,organic,pricing,False
S2_00028,U5159,2024-02-17,2,mobile,organic,homepage,False
S2_00029,U9537,2024-02-12,2,desktop,organic,product,False
S2_00030,U3265,2024-02-13,2,mobile,social,pricing,False
S2_00031,U4538,2024-02-17,2,mobile,paid_search,product,False
S2_00032,U278,2024-02-14,2,mobile,paid_search,product,False
S2_00033,U6559,2024-02-12,2,mobile,social,product,False
S2_00034,U3257,2024-02-12,2,mobile,paid_search,product,False
S2_00035,U7540,2024-02-17,2,mobile,paid_search,homepage,False
S2_00036,U4421,2024-02-18,2,desktop,paid_search,homepage,False
S2_00037,U7721,2024-02-12,2,desktop,social,pricing,False
S2_00038,U3699,2024-02-12,2,desktop,organic,product,False
S2_00039,U3852,2024-02-14,2,desktop,organic,homepage,False
S2_00040,U4018,2024-02-15,2,mobile,social,pricing,False
S2_00041,U5138,2024-02-15,2,desktop,paid_search,product,False
S2_00042,U4402,2024-02-14,2,desktop,organic,homepage,False
S2_00043,U6931,2024-02-14,2,desktop,organic,pricing,False
S2_00044,U1138,2024-02-16,2,desktop,organic,product,False
S2_00045,U5906,2024-02-18,2,mobile,organic,homepage,False
S2_00046,U6504,2024-02-18,2,desktop,paid_search,homepage,False
S2_00047,U869,2024-02-18,2,desktop,social,product,False
S2_00048,U8981,2024-02-13,2,mobile,paid_search,product,False
S2_00049,U4180,2024-02-13,2,mobile,organic,pricing,False
S2_00050,U3244,2024-02-13,2,mobile,paid_search,pricing,False
S2_00051,U4399,2024-02-12,2,desktop,direct,pricing,False
S2_00052,U3589,2024-02-18,2,mobile,paid_search,product,False
S2_00053,U841,2024-02-14,2,mobile,organic,pricing,False
S2_00054,U6877,2024-02-16,2,mobile,paid_search,pricing,False
S2_00055,U3387,2024-02-18,2,mobile,social,product,True
S2_00056,U2747,2024-02-14,2,mobile,social,product,False
S2_00057,U3438,2024-02-14,2,desktop,organic,product,False
S2_00058,U8066,2024-02-16,2,mobile,social,pricing,False
S2_00059,U5880,2024-02-12,2,mobile,organic,pricing,False
S2_00060,U3961,2024-02-13,2,desktop,paid_search,product,False
S2_00061,U9006,2024-02-14,2,mobile,organic,homepage,False
S2_00062,U2000,2024-02-18,2,mobile,organic,product,False
S2_00063,U6069,2024-02-12,2,mobile,organic,product,False
S2_00064,U2886,2024-02-14,2,mobile,social,homepage,False
S2_00065,U6015,2024-02-16,2,mobile,direct,homepage,False
S2_00066,U49,2024-02-18,2,desktop,paid_search,homepage,False
S2_00067,U1513,2024-02-14,2,desktop,organic,homepage,False
S2_00068,U3058,2024-02-16,2,mobile,organic,product,False
S2_00069,U5957,2024-02-14,2,tablet,social,pricing,False
S2_00070,U9789,2024-02-16,2,mobile,organic,pricing,False
S2_00071,U4020,2024-02-14,2,mobile,organic,homepage,False
S2_00072,U2400,2024-02-14,2,desktop,social,pricing,False
S2_00073,U3830,2024-02-15,2,mobile,organic,homepage,False
S2_00074,U5561,2024-02-15,2,desktop,social,pricing,False
S2_00075,U121,2024-02-14,2,desktop,organic,pricing,False
S2_00076,U7967,2024-02-18,2,desktop,organic,homepage,False
S2_00077,U4609,2024-02-14,2,mobile,direct,product,False
S2_00078,U171,2024-02-18,2,desktop,organic,product,False
S2_00079,U5447,2024-02-15,2,mobile,organic,product,True
S2_00080,U8075,2024-02-18,2,desktop,paid_search,pricing,False
S2_00081,U5201,2024-02-13,2,desktop,paid_search,homepage,False
S2_00082,U6114,2024-02-13,2,mobile,paid_search,homepage,False
S2_00083,U6527,2024-02-12,2,mobile,paid_search,homepage,True
S2_00084,U3218,2024-02-14,2,desktop,organic,product,False
S2_00085,U1825,2024-02-17,2,mobile,organic,pricing,False
S2_00086,U5794,2024-02-13,2,mobile,social,product,False
S2_00087,U564,2024-02-14,2,mobile,social,product,False
S2_00088,U56,2024-02-12,2,mobile,organic,homepage,False
S2_00089,U5038,2024-02-14,2,desktop,social,product,False
S2_00090,U9747,2024-02-16,2,mobile,organic,pricing,False
S2_00091,U2740,2024-02-14,2,mobile,organic,pricing,False
S2_00092,U7159,2024-02-17,2,desktop,organic,homepage,False
S2_00093,U2323,2024-02-12,2,desktop,organic,product,False
S2_00094,U7260,2024-02-12,2,mobile,organic,product,False
S2_00095,U5564,2024-02-15,2,mobile,organic,product,False
S2_00096,U527,2024-02-16,2,mobile,organic,pricing,False
S2_00097,U9219,2024-02-12,2,mobile,direct,product,False
S2_00098,U8715,2024-02-14,2,mobile,social,product,False
S2_00099,U1482,2024-02-18,2,mobile,direct,product,False
S2_00100,U1970,2024-02-13,2,desktop,paid_search,pricing,False
S2_00101,U847,2024-02-16,2,mobile,paid_search,pricing,False
S2_00102,U3559,2024-02-16,2,mobile,paid_search,homepage,False
S2_00103,U2667,2024-02-13,2,mobile,organic,homepage,False
S2_00104,U1018,2024-02-15,2,mobile,paid_search,pricing,False
S2_00105,U3520,2024-02-15,2,desktop,social,homepage,False
S2_00106,U60,2024-02-18,2,mobile,direct,pricing,False
S2_00107,U6081,2024-02-13,2,mobile,direct,product,False
S2_00108,U7,2024-02-12,2,mobile,organic,pricing,False
S2_00109,U7276,2024-02-15,2,mobile,organic,product,False
S2_00110,U2309,2024-02-16,2,mobile,organic,homepage,False
S2_00111,U7249,2024-02-12,2,mobile,paid_search,product,False
S2_00112,U2663,2024-02-13,2,tablet,paid_search,pricing,False
S2_00113,U4155,2024-02-18,2,mobile,paid_search,pricing,False
S2_00114,U1088,2024-02-18,2,desktop,organic,homepage,False
S2_00115,U6898,2024-02-16,2,mobile,social,product,False
S2_00116,U1253,2024-02-12,2,mobile,direct,homepage,True
S2_00117,U3671,2024-02-18,2,mobile,paid_search,pricing,False
S2_00118,U5615,2024-02-15,2,desktop,paid_search,product,False
S2_00119,U2746,2024-02-14,2,desktop,paid_search,homepage,False
S2_00120,U8165,2024-02-18,2,mobile,social,homepage,False
S2_00121,U7931,2024-02-16,2,mobile,organic,product,False
S2_00122,U3051,2024-02-15,2,mobile,organic,pricing,False
S2_00123,U284,2024-02-16,2,mobile,organic,pricing,False
S2_00124,U66,2024-02-13,2,mobile,social,pricing,False
S2_00125,U329,2024-02-15,2,tablet,social,pricing,False
S2_00126,U8018,2024-02-17,2,mobile,social,product,False
S2_00127,U222,2024-02-12,2,mobile,paid_search,homepage,False
S2_00128,U2227,2024-02-14,2,mobile,social,product,False
S2_00129,U888,2024-02-12,2,tablet,paid_search,product,False
S2_00130,U1014,2024-02-15,2,mobile,organic,product,False
S2_00131,U9018,2024-02-18,2,mobile,organic,homepage,False
S2_00132,U5127,2024-02-12,2,mobile,paid_search,homepage,True
S2_00133,U5191,2024-02-14,2,mobile,organic,pricing,False
S2_00134,U453,2024-02-13,2,mobile,organic,pricing,False
S2_00135,U3992,2024-02-14,2,desktop,organic,pricing,False
S2_00136,U1971,2024-02-17,2,mobile,paid_search,homepage,False
S2_00137,U2593,2024-02-16,2,mobile,paid_search,homepage,False
S2_00138,U6051,2024-02-16,2,mobile,organic,homepage,False
S2_00139,U6428,2024-02-13,2,tablet,social,homepage,False
S2_00140,U1315,2024-02-18,2,desktop,paid_search,homepage,False
S2_00141,U6331,2024-02-13,2,mobile,organic,pricing,False
S2_00142,U5040,2024-02-13,2,desktop,paid_search,homepage,True
S2_00143,U9707,2024-02-14,2,desktop,social,pricing,False
S2_00144,U9931,2024-02-12,2,desktop,paid_search,pricing,False
S2_00145,U5700,2024-02-13,2,mobile,social,homepage,False
S2_00146,U7812,2024-02-14,2,mobile,organic,pricing,False
S2_00147,U8742,2024-02-17,2,mobile,organic,product,False
S2_00148,U4627,2024-02-15,2,mobile,direct,homepage,False
S2_00149,U172,2024-02-18,2,mobile,organic,pricing,False
S2_00150,U4505,2024-02-16,2,mobile,paid_search,homepage,False
S2_00151,U879,2024-02-16,2,desktop,organic,product,False
S2_00152,U8322,2024-02-13,2,desktop,organic,pricing,False
S2_00153,U7848,2024-02-17,2,desktop,paid_search,homepage,False
S2_00154,U2217,2024-02-13,2,tablet,organic,pricing,False
S2_00155,U5855,2024-02-18,2,mobile,social,pricing,False
S2_00156,U2592,2024-02-13,2,mobile,organic,homepage,False
S2_00157,U6330,2024-02-17,2,desktop,organic,pricing,False
S2_00158,U3899,2024-02-14,2,desktop,paid_search,pricing,False
S2_00159,U2989,2024-02-16,2,mobile,organic,product,False
S2_00160,U2219,2024-02-15,2,mobile,direct,product,False
S2_00161,U5391,2024-02-17,2,mobile,paid_search,pricing,False
S2_00162,U3532,2024-02-17,2,mobile,social,pricing,False
S2_00163,U184,2024-02-13,2,mobile,paid_search,product,False
S2_00164,U1800,2024-02-18,2,mobile,organic,pricing,False
S2_00165,U8898,2024-02-18,2,desktop,organic,homepage,False
S2_00166,U532,2024-02-18,2,mobile,paid_search,pricing,False
S2_00167,U9094,2024-02-18,2,tablet,paid_search,product,False
S2_00168,U4924,2024-02-12,2,mobile,direct,homepage,False
S2_00169,U4574,2024-02-18,2,mobile,paid_search,homepage,False
S2_00170,U7676,2024-02-13,2,desktop,paid_search,product,False
S2_00171,U5658,2024-02-17,2,desktop,social,pricing,False
S2_00172,U9091,2024-02-18,2,mobile,organic,product,False
S2_00173,U8231,2024-02-15,2,mobile,paid_search,pricing,False
S2_00174,U5253,2024-02-15,2,desktop,social,homepage,False
S2_00175,U3940,2024-02-13,2,desktop,organic,homepage,False
S2_00176,U2756,2024-02-18,2,mobile,social,homepage,False
S2_00177,U4571,2024-02-17,2,desktop,direct,pricing,False
S2_00178,U90,2024-02-16,2,mobile,paid_search,pricing,False
S2_00179,U9633,2024-02-17,2,mobile,social,product,False
S2_00180,U5203,2024-02-14,2,desktop,organic,product,True
S2_00181,U3751,2024-02-18,2,mobile,paid_search,product,False
S2_00182,U8730,2024-02-17,2,mobile,paid_search,homepage,False
S2_00183,U3344,2024-02-14,2,mobile,organic,homepage,True
S2_00184,U4083,2024-02-13,2,mobile,social,homepage,False
S2_00185,U784,2024-02-17,2,desktop,paid_search,product,False
S2_00186,U2877,2024-02-14,2,mobile,paid_search,homepage,False
S2_00187,U4303,2024-02-16,2,desktop,direct,homepage,False
S2_00188,U2718,2024-02-13,2,mobile,organic,product,False
S2_00189,U6941,2024-02-17,2,mobile,organic,product,False
S2_00190,U1356,2024-02-14,2,mobile,social,homepage,False
S2_00191,U4885,2024-02-14,2,desktop,social,product,False
S2_00192,U2041,2024-02-15,2,mobile,organic,pricing,False
S2_00193,U1763,2024-02-14,2,mobile,organic,product,False
S2_00194,U3823,2024-02-17,2,mobile,organic,pricing,False
S2_00195,U4114,2024-02-14,2,mobile,paid_search,homepage,False
S2_00196,U133,2024-02-17,2,desktop,paid_search,homepage,True
S2_00197,U8740,2024-02-14,2,desktop,paid_search,pricing,False
S2_00198,U8945,2024-02-13,2,mobile,organic,pricing,False
S2_00199,U437,2024-02-13,2,mobile,social,product,False
S2_00200,U1668,2024-02-16,2,mobile,social,homepage,False
S2_00201,U2923,2024-02-17,2,mobile,organic,product,False
S2_00202,U9046,2024-02-12,2,mobile,social,pricing,False
S2_00203,U8443,2024-02-18,2,mobile,organic,homepage,False
S2_00204,U2254,2024-02-12,2,mobile,direct,pricing,False
S2_00205,U6985,2024-02-18,2,mobile,direct,homepage,False
S2_00206,U6820,2024-02-12,2,mobile,organic,homepage,False
S2_00207,U6432,2024-02-12,2,mobile,social,product,False
S2_00208,U7419,2024-02-16,2,mobile,social,product,False
S2_00209,U4918,2024-02-16,2,tablet,organic,pricing,True
S2_00210,U5741,2024-02-16,2,mobile,social,pricing,False
S2_00211,U701,2024-02-18,2,desktop,organic,pricing,True
S2_00212,U2363,2024-02-14,2,desktop,direct,homepage,False
S2_00213,U1920,2024-02-18,2,mobile,social,homepage,False
S2_00214,U6598,2024-02-12,2,mobile,organic,homepage,False
S2_00215,U438,2024-02-18,2,mobile,organic,homepage,False
S2_00216,U4596,2024-02-12,2,mobile,organic,product,False
S2_00217,U981,2024-02-12,2,mobile,paid_search,pricing,False
S2_00218,U9082,2024-02-13,2,desktop,organic,homepage,True
S2_00219,U3103,2024-02-12,2,mobile,organic,pricing,False
S2_00220,U7629,2024-02-18,2,mobile,social,pricing,True
S2_00221,U7949,2024-02-15,2,desktop,paid_search,pricing,False
S2_00222,U7069,2024-02-15,2,mobile,paid_search,pricing,False
S2_00223,U1310,2024-02-17,2,tablet,direct,homepage,False
S2_00224,U480,2024-02-17,2,desktop,social,homepage,False
S2_00225,U9764,2024-02-14,2,mobile,organic,pricing,False
S2_00226,U6009,2024-02-15,2,mobile,social,pricing,False
S2_00227,U626,2024-02-16,2,mobile,paid_search,pricing,False
S2_00228,U8595,2024-02-18,2,desktop,paid_search,homepage,False
S2_00229,U1451,2024-02-18,2,desktop,organic,pricing,False
S2_00230,U2104,2024-02-14,2,mobile,social,product,False
S2_00231,U5063,2024-02-15,2,desktop,direct,product,False
S2_00232,U957,2024-02-15,2,mobile,organic,pricing,False
S2_00233,U6623,2024-02-17,2,mobile,organic,pricing,False
S2_00234,U1175,2024-02-13,2,mobile,paid_search,pricing,False
S2_00235,U7161,2024-02-14,2,mobile,paid_search,product,False
S2_00236,U8704,2024-02-17,2,mobile,organic,pricing,False
S2_00237,U3760,2024-02-12,2,mobile,organic,product,False
S2_00238,U1723,2024-02-17,2,mobile,direct,product,False
S2_00239,U4081,2024-02-13,2,mobile,paid_search,pricing,False
S2_00240,U1260,2024-02-14,2,mobile,organic,product,False
S2_00241,U3383,2024-02-13,2,desktop,paid_search,homepage,False
S2_00242,U1889,2024-02-12,2,mobile,organic,pricing,False
S2_00243,U8491,2024-02-13,2,mobile,organic,product,False
S2_00244,U3858,2024-02-17,2,mobile,paid_search,product,False
S2_00245,U5025,2024-02-18,2,mobile,organic,product,False
S2_00246,U1822,2024-02-15,2,desktop,social,product,False
S2_00247,U644,2024-02-16,2,mobile,social,homepage,True
S2_00248,U7829,2024-02-17,2,mobile,organic,pricing,False
S2_00249,U5307,2024-02-16,2,tablet,social,homepage,False
S2_00250,U3676,2024-02-18,2,mobile,social,pricing,False
S2_00251,U8777,2024-02-12,2,mobile,organic,product,False
S2_00252,U4884,2024-02-18,2,mobile,paid_search,product,False
S2_00253,U1716,2024-02-13,2,mobile,paid_search,product,False
S2_00254,U3758,2024-02-12,2,mobile,organic,pricing,False
S2_00255,U3946,2024-02-15,2,mobile,paid_search,pricing,False
S2_00256,U100,2024-02-14,2,mobile,paid_search,product,False
S2_00257,U273,2024-02-15,2,mobile,organic,homepage,False
S2_00258,U3179,2024-02-12,2,desktop,organic,pricing,False
S2_00259,U7990,2024-02-15,2,mobile,social,product,False
S2_00260,U1333,2024-02-13,2,tablet,paid_search,pricing,False
S2_00261,U8403,2024-02-12,2,mobile,organic,pricing,False
S2_00262,U7106,2024-02-16,2,mobile,social,pricing,False
S2_00263,U5515,2024-02-12,2,mobile,paid_search,pricing,False
S2_00264,U4853,2024-02-14,2,desktop,organic,homepage,False
S2_00265,U1916,2024-02-14,2,mobile,organic,pricing,False
S2_00266,U966,2024-02-16,2,mobile,paid_search,homepage,False
S2_00267,U3646,2024-02-18,2,mobile,paid_search,product,False
S2_00268,U2314,2024-02-14,2,desktop,social,product,False
S2_00269,U848,2024-02-18,2,mobile,organic,homepage,False
S2_00270,U344,2024-02-16,2,tablet,paid_search,pricing,False
S2_00271,U2222,2024-02-18,2,desktop,paid_search,product,True
S2_00272,U4523,2024-02-12,2,mobile,organic,pricing,False
S2_00273,U9952,2024-02-15,2,mobile,social,product,False
S2_00274,U5682,2024-02-18,2,mobile,social,product,True
S2_00275,U7798,2024-02-15,2,mobile,organic,product,False
S2_00276,U6334,2024-02-12,2,desktop,direct,product,False
S2_00277,U9534,2024-02-18,2,mobile,paid_search,homepage,False
S2_00278,U4752,2024-02-15,2,mobile,paid_search,product,False
S2_00279,U8400,2024-02-13,2,mobile,organic,homepage,False
S2_00280,U8001,2024-02-18,2,desktop,social,homepage,False
S2_00281,U5386,2024-02-13,2,desktop,paid_search,homepage,False
S2_00282,U4009,2024-02-13,2,mobile,organic,pricing,True
S2_00283,U5144,2024-02-16,2,desktop,organic,product,False
S2_00284,U200,2024-02-17,2,desktop,paid_search,pricing,False
S2_00285,U4565,2024-02-16,2,mobile,paid_search,homepage,False
S2_00286,U9990,2024-02-15,2,mobile,paid_search,homepage,False
S2_00287,U857,2024-02-14,2,mobile,social,homepage,False
S2_00288,U6072,2024-02-14,2,mobile,organic,pricing,False
S2_00289,U5539,2024-02-17,2,desktop,direct,pricing,False
S2_00290,U1606,2024-02-18,2,mobile,organic,product,False
S2_00291,U9455,2024-02-14,2,tablet,organic,pricing,False
S2_00292,U3343,2024-02-17,2,tablet,social,product,True
S2_00293,U490,2024-02-12,2,mobile,organic,pricing,False
S2_00294,U5554,2024-02-17,2,mobile,paid_search,homepage,False
S2_00295,U2718,2024-02-17,2,desktop,paid_search,product,False
S2_00296,U3249,2024-02-13,2,mobile,paid_search,product,False
S2_00297,U2056,2024-02-16,2,desktop,paid_search,homepage,False
S2_00298,U8301,2024-02-14,2,desktop,paid_search,product,False
S2_00299,U3174,2024-02-16,2,mobile,social,pricing,False
S2_00300,U4320,2024-02-16,2,mobile,paid_search,homepage,False
S2_00301,U8362,2024-02-17,2,tablet,organic,homepage,False
S2_00302,U1262,2024-02-18,2,mobile,social,product,False
S2_00303,U6387,2024-02-18,2,desktop,paid_search,pricing,False
S2_00304,U788,2024-02-15,2,mobile,organic,pricing,False
S2_00305,U6467,2024-02-18,2,desktop,social,homepage,False
S2_00306,U9880,2024-02-14,2,desktop,paid_search,product,True
S2_00307,U8289,2024-02-18,2,tablet,paid_search,product,False
S2_00308,U2921,2024-02-13,2,mobile,paid_search,pricing,False
S2_00309,U9163,2024-02-18,2,tablet,social,product,True
S2_00310,U959,2024-02-14,2,desktop,organic,product,True
S2_00311,U1794,2024-02-16,2,desktop,organic,pricing,False
S2_00312,U6746,2024-02-17,2,mobile,organic,product,False
S2_00313,U7183,2024-02-13,2,desktop,direct,pricing,True
S2_00314,U6939,2024-02-18,2,desktop,organic,homepage,True
S2_00315,U4347,2024-02-18,2,desktop,organic,product,False
S2_00316,U3642,2024-02-15,2,mobile,paid_search,product,False
S2_00317,U6505,2024-02-17,2,mobile,organic,homepage,True
S2_00318,U777,2024-02-13,2,mobile,organic,pricing,False
S2_00319,U725,2024-02-18,2,mobile,social,homepage,False
S2_00320,U6001,2024-02-18,2,desktop,direct,product,True
S2_00321,U9123,2024-02-14,2,mobile,organic,homepage,False
S2_00322,U2629,2024-02-13,2,mobile,organic,product,False
S2_00323,U9176,2024-02-15,2,mobile,paid_search,product,False
S2_00324,U2269,2024-02-18,2,mobile,social,pricing,False
S2_00325,U4362,2024-02-17,2,mobile,social,pricing,True
S2_00326,U101,2024-02-13,2,tablet,organic,pricing,True
S2_00327,U6763,2024-02-12,2,mobile,direct,pricing,False
S2_00328,U366,2024-02-16,2,mobile,organic,product,False
S2_00329,U3710,2024-02-16,2,desktop,paid_search,product,False
S2_00330,U4348,2024-02-13,2,mobile,paid_search,homepage,False
S2_00331,U7383,2024-02-14,2,desktop,paid_search,product,False
S2_00332,U3762,2024-02-15,2,mobile,paid_search,pricing,False
S2_00333,U5025,2024-02-12,2,desktop,paid_search,pricing,True
S2_00334,U9535,2024-02-17,2,tablet,organic,product,False
S2_00335,U7066,2024-02-14,2,mobile,paid_search,homepage,False
S2_00336,U3905,2024-02-12,2,tablet,social,pricing,False
S2_00337,U8571,2024-02-18,2,mobile,paid_search,product,False
S2_00338,U6598,2024-02-18,2,desktop,paid_search,product,False
S2_00339,U1457,2024-02-13,2,mobile,organic,homepage,False
S2_00340,U2541,2024-02-16,2,desktop,social,homepage,False
S2_00341,U27,2024-02-13,2,mobile,organic,product,False
S2_00342,U4492,2024-02-13,2,tablet,paid_search,pricing,False
S2_00343,U6126,2024-02-15,2,mobile,social,pricing,False
S2_00344,U1759,2024-02-12,2,desktop,social,product,False
S2_00345,U8888,2024-02-17,2,mobile,organic,product,False
S2_00346,U2486,2024-02-16,2,desktop,organic,homepage,True
S2_00347,U9307,2024-02-14,2,mobile,direct,product,False
S2_00348,U4372,2024-02-16,2,desktop,organic,pricing,False
S2_00349,U7278,2024-02-12,2,mobile,social,homepage,False
S2_00350,U9264,2024-02-18,2,mobile,organic,pricing,False
S2_00351,U5974,2024-02-13,2,desktop,direct,homepage,False
S2_00352,U3959,2024-02-18,2,tablet,paid_search,product,False
S2_00353,U3132,2024-02-16,2,mobile,paid_search,product,False
S2_00354,U7538,2024-02-12,2,mobile,organic,homepage,False
S2_00355,U5255,2024-02-18,2,mobile,social,product,False
S2_00356,U4372,2024-02-18,2,desktop,social,homepage,False
S2_00357,U9187,2024-02-18,2,desktop,organic,homepage,False
S2_00358,U1790,2024-02-12,2,mobile,organic,pricing,False
S2_00359,U5603,2024-02-18,2,mobile,organic,pricing,False
S2_00360,U9775,2024-02-12,2,tablet,organic,product,False
S2_00361,U8043,2024-02-13,2,mobile,direct,homepage,False
S2_00362,U4062,2024-02-17,2,mobile,organic,pricing,False
S2_00363,U6266,2024-02-13,2,desktop,direct,homepage,False
S2_00364,U9172,2024-02-12,2,mobile,organic,homepage,False
S2_00365,U2524,2024-02-17,2,mobile,paid_search,pricing,False
S2_00366,U3430,2024-02-17,2,desktop,social,pricing,False
S2_00367,U4018,2024-02-18,2,mobile,direct,homepage,False
S2_00368,U3471,2024-02-12,2,mobile,social,pricing,False
S2_00369,U142,2024-02-15,2,mobile,social,homepage,False
S2_00370,U534,2024-02-14,2,mobile,paid_search,homepage,False
S2_00371,U7382,2024-02-17,2,mobile,direct,homepage,True
S2_00372,U4833,2024-02-12,2,tablet,organic,homepage,False
S2_00373,U4444,2024-02-18,2,desktop,paid_search,homepage,False
S2_00374,U7947,2024-02-18,2,desktop,paid_search,homepage,False
S2_00375,U9198,2024-02-17,2,mobile,paid_search,homepage,False
S2_00376,U1815,2024-02-12,2,desktop,paid_search,pricing,False
S2_00377,U2690,2024-02-16,2,mobile,direct,pricing,False
S2_00378,U445,2024-02-15,2,mobile,organic,pricing,False
S2_00379,U8071,2024-02-14,2,desktop,paid_search,homepage,False
S2_00380,U7809,2024-02-12,2,desktop,paid_search,homepage,True
S2_00381,U3897,2024-02-16,2,mobile,social,product,False
S2_00382,U2134,2024-02-18,2,desktop,organic,homepage,False
S2_00383,U9964,2024-02-15,2,desktop,paid_search,pricing,False
S2_00384,U3682,2024-02-13,2,mobile,organic,homepage,True
S2_00385,U1176,2024-02-12,2,mobile,paid_search,pricing,False
S2_00386,U7232,2024-02-13,2,mobile,organic,pricing,False
S2_00387,U8737,2024-02-14,2,mobile,organic,homepage,False
S2_00388,U8177,2024-02-16,2,mobile,social,homepage,False
S2_00389,U1251,2024-02-17,2,mobile,paid_search,product,False
S2_00390,U3353,2024-02-12,2,mobile,organic,pricing,False
S2_00391,U7195,2024-02-15,2,desktop,organic,pricing,False
S2_00392,U3846,2024-02-17,2,mobile,organic,homepage,False
S2_00393,U8555,2024-02-14,2,mobile,paid_search,homepage,False
S2_00394,U4363,2024-02-14,2,desktop,paid_search,product,False
S2_00395,U8636,2024-02-14,2,desktop,paid_search,homepage,False
S2_00396,U2157,2024-02-16,2,desktop,social,homepage,True
S2_00397,U7474,2024-02-13,2,mobile,direct,homepage,False
S2_00398,U1895,2024-02-16,2,tablet,organic,product,True
S2_00399,U8550,2024-02-17,2,tablet,organic,homepage,False
S2_00400,U7450,2024-02-15,2,mobile,paid_search,pricing,False
S2_00401,U3696,2024-02-14,2,mobile,paid_search,pricing,False
S2_00402,U5660,2024-02-15,2,mobile,organic,homepage,False
S2_00403,U2978,2024-02-13,2,desktop,organic,product,False
S2_00404,U2424,2024-02-18,2,desktop,organic,product,False
S2_00405,U8957,2024-02-17,2,mobile,social,product,False
S2_00406,U4548,2024-02-12,2,mobile,social,homepage,False
S2_00407,U4582,2024-02-18,2,desktop,paid_search,pricing,False
S2_00408,U2850,2024-02-15,2,desktop,organic,homepage,False
S2_00409,U188,2024-02-13,2,mobile,paid_search,homepage,False
S2_00410,U4188,2024-02-12,2,mobile,organic,homepage,False
S2_00411,U7962,2024-02-17,2,mobile,organic,pricing,False
S2_00412,U701,2024-02-15,2,mobile,organic,homepage,False
S2_00413,U4378,2024-02-12,2,mobile,direct,pricing,False
S2_00414,U8438,2024-02-13,2,desktop,paid_search,product,False
S2_00415,U152,2024-02-16,2,mobile,organic,homepage,False
S2_00416,U289,2024-02-14,2,mobile,organic,pricing,False
S2_00417,U3186,2024-02-14,2,desktop,direct,homepage,False
S2_00418,U89,2024-02-12,2,desktop,organic,homepage,True
S2_00419,U8660,2024-02-15,2,desktop,organic,product,False
S2_00420,U7061,2024-02-15,2,mobile,organic,homepage,False
S2_00421,U5950,2024-02-13,2,mobile,paid_search,pricing,False
S2_00422,U4639,2024-02-13,2,mobile,organic,product,False
S2_00423,U5300,2024-02-12,2,mobile,direct,product,False
S2_00424,U8292,2024-02-12,2,desktop,paid_search,homepage,False
S2_00425,U612,2024-02-18,2,mobile,paid_search,homepage,False
S2_00426,U8042,2024-02-16,2,mobile,social,homepage,False
S2_00427,U6494,2024-02-16,2,mobile,paid_search,product,False
S2_00428,U4293,2024-02-14,2,mobile,direct,pricing,False
S2_00429,U6391,2024-02-14,2,mobile,social,product,False
S2_00430,U2836,2024-02-18,2,mobile,paid_search,product,False
S2_00431,U2926,2024-02-14,2,mobile,organic,product,False
S2_00432,U7062,2024-02-13,2,desktop,social,product,True
S2_00433,U3190,2024-02-13,2,mobile,organic,homepage,False
S2_00434,U1161,2024-02-18,2,desktop,organic,product,False
S2_00435,U4440,2024-02-15,2,mobile,organic,pricing,False
S2_00436,U5873,2024-02-13,2,mobile,social,product,False
S2_00437,U6951,2024-02-18,2,mobile,organic,product,False
S2_00438,U5574,2024-02-15,2,desktop,paid_search,homepage,False
S2_00439,U8125,2024-02-12,2,mobile,social,product,False
S2_00440,U5726,2024-02-12,2,desktop,paid_search,pricing,False
S2_00441,U1230,2024-02-15,2,mobile,organic,product,False
S2_00442,U5772,2024-02-16,2,desktop,social,homepage,True
S2_00443,U7220,2024-02-13,2,desktop,social,pricing,False
S2_00444,U3592,2024-02-13,2,mobile,paid_search,pricing,False
S2_00445,U9469,2024-02-18,2,mobile,organic,homepage,False
S2_00446,U109,2024-02-12,2,desktop,direct,pricing,False
S2_00447,U1335,2024-02-13,2,mobile,paid_search,product,False
S2_00448,U6719,2024-02-17,2,mobile,paid_search,pricing,False
S2_00449,U5947,2024-02-14,2,desktop,organic,pricing,False
S2_00450,U3171,2024-02-17,2,mobile,paid_search,homepage,False
S2_00451,U1703,2024-02-18,2,mobile,organic,product,False
S2_00452,U8609,2024-02-15,2,desktop,organic,pricing,False
S2_00453,U7021,2024-02-16,2,mobile,organic,product,False
S2_00454,U1682,2024-02-14,2,mobile,paid_search,product,False
S2_00455,U850,2024-02-12,2,desktop,paid_search,pricing,False
S2_00456,U9543,2024-02-17,2,mobile,direct,homepage,False
S2_00457,U2386,2024-02-12,2,mobile,organic,homepage,False
S2_00458,U88,2024-02-16,2,desktop,organic,pricing,False
S2_00459,U2548,2024-02-18,2,mobile,paid_search,product,False
S2_00460,U5883,2024-02-13,2,mobile,paid_search,homepage,False
S2_00461,U4148,2024-02-17,2,desktop,social,product,True
S2_00462,U9444,2024-02-17,2,tablet,organic,product,False
S2_00463,U8260,2024-02-17,2,mobile,direct,product,True
S2_00464,U8913,2024-02-18,2,mobile,direct,pricing,False
S2_00465,U4701,2024-02-13,2,desktop,paid_search,product,False
S2_00466,U5371,2024-02-18,2,mobile,paid_search,homepage,False
S2_00467,U7867,2024-02-16,2,desktop,organic,product,False
S2_00468,U7307,2024-02-14,2,mobile,social,pricing,False
S2_00469,U7054,2024-02-14,2,mobile,social,homepage,False
S2_00470,U3053,2024-02-17,2,mobile,organic,homepage,False
S2_00471,U5637,2024-02-15,2,desktop,paid_search,product,False
S2_00472,U1777,2024-02-16,2,mobile,social,homepage,False
S2_00473,U1342,2024-02-12,2,mobile,organic,product,False
S2_00474,U9340,2024-02-14,2,desktop,organic,pricing,False
S2_00475,U3859,2024-02-18,2,mobile,social,product,False
S2_00476,U8921,2024-02-18,2,desktop,organic,homepage,False
S2_00477,U580,2024-02-12,2,mobile,organic,product,True
S2_00478,U7714,2024-02-17,2,desktop,social,pricing,False
S2_00479,U267,2024-02-16,2,desktop,social,homepage,False
S2_00480,U5883,2024-02-13,2,tablet,organic,product,False
S2_00481,U7054,2024-02-16,2,mobile,organic,pricing,False
S2_00482,U4035,2024-02-12,2,mobile,organic,homepage,False
S2_00483,U688,2024-02-18,2,mobile,paid_search,homepage,False
S2_00484,U4874,2024-02-18,2,desktop,paid_search,pricing,False
S2_00485,U2042,2024-02-12,2,desktop,organic,product,True
S2_00486,U7194,2024-02-12,2,mobile,organic,product,False
S2_00487,U4369,2024-02-18,2,desktop,social,product,False
S2_00488,U2937,2024-02-15,2,desktop,organic,product,False
S2_00489,U8744,2024-02-13,2,desktop,paid_search,pricing,True
S2_00490,U2618,2024-02-17,2,desktop,organic,product,False
S2_00491,U2496,2024-02-13,2,mobile,paid_search,pricing,False
S2_00492,U9372,2024-02-13,2,mobile,paid_search,pricing,False
S2_00493,U3556,2024-02-17,2,desktop,organic,homepage,False
S2_00494,U3419,2024-02-15,2,mobile,paid_search,product,False
S2_00495,U5146,2024-02-16,2,desktop,organic,homepage,True
S2_00496,U4013,2024-02-12,2,mobile,organic,product,False
S2_00497,U4399,2024-02-17,2,mobile,paid_search,pricing,False
S2_00498,U5592,2024-02-17,2,mobile,organic,homepage,False
S2_00499,U8452,2024-02-13,2,mobile,direct,product,False
S2_00500,U8125,2024-02-12,2,desktop,organic,homepage,False
S2_00501,U4858,2024-02-18,2,mobile,organic,homepage,False
S2_00502,U4256,2024-02-16,2,mobile,social,pricing,False
S2_00503,U7371,2024-02-17,2,desktop,social,pricing,False
S2_00504,U7978,2024-02-15,2,desktop,paid_search,pricing,False
S2_00505,U8424,2024-02-14,2,desktop,paid_search,product,False
S2_00506,U8868,2024-02-12,2,mobile,paid_search,pricing,False
S2_00507,U9100,2024-02-17,2,mobile,organic,homepage,False
S2_00508,U6549,2024-02-17,2,mobile,paid_search,pricing,False
S2_00509,U7098,2024-02-14,2,mobile,paid_search,pricing,False
S2_00510,U9710,2024-02-12,2,mobile,paid_search,homepage,False
S2_00511,U4896,2024-02-15,2,desktop,paid_search,homepage,False
S2_00512,U8033,2024-02-13,2,desktop,direct,pricing,False
S2_00513,U2217,2024-02-17,2,mobile,organic,homepage,False
S2_00514,U5997,2024-02-14,2,mobile,social,pricing,False
S2_00515,U7280,2024-02-15,2,mobile,social,homepage,False
S2_00516,U5326,2024-02-13,2,desktop,paid_search,product,False
S2_00517,U2230,2024-02-13,2,mobile,organic,homepage,False
S2_00518,U6138,2024-02-18,2,mobile,organic,homepage,False
S2_00519,U8720,2024-02-12,2,tablet,paid_search,product,False
S2_00520,U6982,2024-02-17,2,desktop,social,product,False
S2_00521,U6637,2024-02-18,2,mobile,organic,homepage,False
S2_00522,U1689,2024-02-16,2,desktop,organic,homepage,True
S2_00523,U1629,2024-02-15,2,mobile,organic,pricing,False
S2_00524,U1529,2024-02-16,2,mobile,social,pricing,False
S2_00525,U7442,2024-02-12,2,mobile,social,product,False
S2_00526,U1496,2024-02-15,2,mobile,organic,homepage,False
S2_00527,U3353,2024-02-17,2,mobile,organic,homepage,False
S2_00528,U2983,2024-02-14,2,desktop,paid_search,pricing,True
S2_00529,U713,2024-02-15,2,desktop,organic,homepage,False
S2_00530,U1098,2024-02-17,2,desktop,social,pricing,False
S2_00531,U700,2024-02-12,2,desktop,organic,pricing,True
S2_00532,U9535,2024-02-18,2,desktop,social,pricing,True
S2_00533,U625,2024-02-16,2,mobile,social,pricing,False
S2_00534,U641,2024-02-12,2,desktop,organic,pricing,False
S2_00535,U4346,2024-02-12,2,mobile,paid_search,product,False
S2_00536,U9451,2024-02-18,2,desktop,paid_search,homepage,False
S2_00537,U6651,2024-02-14,2,mobile,paid_search,pricing,False
S2_00538,U2833,2024-02-17,2,mobile,organic,pricing,False
S2_00539,U6739,2024-02-16,2,desktop,organic,product,False
S2_00540,U161,2024-02-15,2,desktop,social,pricing,False
S2_00541,U2337,2024-02-12,2,desktop,organic,pricing,False
S2_00542,U3524,2024-02-12,2,mobile,organic,homepage,False
S2_00543,U3746,2024-02-13,2,mobile,direct,product,False
S2_00544,U5807,2024-02-14,2,mobile,paid_search,homepage,False
S2_00545,U6108,2024-02-12,2,desktop,paid_search,homepage,False
S2_00546,U3118,2024-02-14,2,mobile,organic,pricing,False
S2_00547,U7104,2024-02-12,2,desktop,paid_search,product,False
S2_00548,U2802,2024-02-18,2,desktop,social,product,False
S2_00549,U379,2024-02-18,2,mobile,social,product,False
S2_00550,U9799,2024-02-17,2,mobile,social,homepage,False
S2_00551,U9506,2024-02-17,2,desktop,organic,pricing,True
S2_00552,U921,2024-02-16,2,mobile,social,product,False
S2_00553,U4789,2024-02-16,2,mobile,paid_search,pricing,False
S2_00554,U7484,2024-02-17,2,mobile,organic,pricing,False
S2_00555,U8106,2024-02-16,2,desktop,paid_search,homepage,False
S2_00556,U9559,2024-02-13,2,mobile,organic,product,False
S2_00557,U3676,2024-02-18,2,mobile,organic,pricing,False
S2_00558,U7120,2024-02-18,2,mobile,direct,product,False
S2_00559,U5585,2024-02-17,2,mobile,paid_search,pricing,False
S2_00560,U8015,2024-02-12,2,desktop,organic,homepage,False
S2_00561,U4217,2024-02-13,2,desktop,paid_search,product,False
S2_00562,U128,2024-02-16,2,mobile,paid_search,product,False
S2_00563,U7842,2024-02-18,2,desktop,paid_search,pricing,False
S2_00564,U6242,2024-02-13,2,mobile,paid_search,homepage,False
S2_00565,U5339,2024-02-18,2,mobile,direct,product,False
S2_00566,U3261,2024-02-15,2,mobile,social,product,False
S2_00567,U8053,2024-02-16,2,mobile,organic,pricing,False
S2_00568,U8627,2024-02-13,2,mobile,organic,product,False
S2_00569,U6925,2024-02-14,2,desktop,paid_search,homepage,False
S2_00570,U23,2024-02-17,2,mobile,organic,homepage,False
S2_00571,U2735,2024-02-18,2,desktop,organic,homepage,False
S2_00572,U4536,2024-02-13,2,desktop,organic,homepage,False
S2_00573,U8762,2024-02-15,2,desktop,organic,product,False
S2_00574,U2639,2024-02-13,2,mobile,social,product,False
S2_00575,U6833,2024-02-13,2,mobile,organic,product,False
S2_00576,U8232,2024-02-12,2,mobile,paid_search,product,False
S2_00577,U38,2024-02-18,2,mobile,social,product,False
S2_00578,U2849,2024-02-13,2,mobile,social,homepage,False
S2_00579,U5072,2024-02-13,2,mobile,paid_search,homepage,False
S2_00580,U455,2024-02-15,2,mobile,social,product,False
S2_00581,U535,2024-02-14,2,mobile,paid_search,homepage,False
S2_00582,U2468,2024-02-14,2,mobile,organic,homepage,False
S2_00583,U4504,2024-02-12,2,desktop,paid_search,product,False
S2_00584,U5082,2024-02-15,2,mobile,organic,homepage,False
S2_00585,U1269,2024-02-17,2,mobile,social,homepage,False
S2_00586,U6518,2024-02-13,2,mobile,direct,homepage,False
S2_00587,U4515,2024-02-17,2,desktop,direct,homepage,False
S2_00588,U9349,2024-02-12,2,mobile,paid_search,product,False
S2_00589,U5295,2024-02-15,2,desktop,social,homepage,False
S2_00590,U5252,2024-02-14,2,mobile,paid_search,homepage,False
S2_00591,U1120,2024-02-18,2,desktop,organic,homepage,False
S2_00592,U3659,2024-02-12,2,mobile,direct,homepage,False
S2_00593,U6917,2024-02-14,2,mobile,social,homepage,False
S2_00594,U3118,2024-02-12,2,mobile,paid_search,homepage,False
S2_00595,U1192,2024-02-14,2,mobile,organic,pricing,False
S2_00596,U2824,2024-02-15,2,mobile,organic,product,False
S2_00597,U3871,2024-02-12,2,mobile,organic,product,False
S2_00598,U7103,2024-02-14,2,mobile,social,product,False
S2_00599,U4305,2024-02-12,2,desktop,paid_search,pricing,False
S2_00600,U5985,2024-02-15,2,mobile,organic,product,False
S2_00601,U9988,2024-02-15,2,tablet,social,pricing,False
S2_00602,U9676,2024-02-18,2,mobile,organic,pricing,False
S2_00603,U960,2024-02-15,2,desktop,paid_search,product,False
S2_00604,U1290,2024-02-17,2,desktop,direct,pricing,False
S2_00605,U4283,2024-02-14,2,mobile,direct,product,False
S2_00606,U9304,2024-02-16,2,desktop,social,homepage,False
S2_00607,U8214,2024-02-18,2,mobile,organic,pricing,False
S2_00608,U9059,2024-02-18,2,mobile,social,product,True
S2_00609,U4390,2024-02-12,2,desktop,organic,homepage,True
S2_00610,U9518,2024-02-15,2,desktop,paid_search,product,False
S2_00611,U3407,2024-02-14,2,mobile,organic,pricing,False
S2_00612,U6890,2024-02-16,2,tablet,paid_search,product,False
S2_00613,U2582,2024-02-18,2,mobile,direct,product,False
S2_00614,U8632,2024-02-12,2,mobile,organic,product,True
S2_00615,U8598,2024-02-12,2,desktop,organic,product,False
S2_00616,U2183,2024-02-12,2,mobile,paid_search,pricing,False
S2_00617,U150,2024-02-18,2,mobile,organic,homepage,True
S2_00618,U3552,2024-02-16,2,desktop,organic,pricing,True
S2_00619,U4096,2024-02-18,2,mobile,social,product,False
S2_00620,U1947,2024-02-12,2,mobile,paid_search,homepage,False
S2_00621,U901,2024-02-13,2,desktop,paid_search,pricing,False
S2_00622,U7708,2024-02-15,2,mobile,organic,homepage,True
S2_00623,U3435,2024-02-13,2,desktop,organic,pricing,False
S2_00624,U1851,2024-02-14,2,desktop,paid_search,homepage,False
S2_00625,U5556,2024-02-15,2,desktop,paid_search,product,False
S2_00626,U4649,2024-02-12,2,desktop,organic,product,False
S2_00627,U5187,2024-02-14,2,mobile,organic,product,False
S2_00628,U438,2024-02-15,2,mobile,organic,product,False
S2_00629,U7586,2024-02-17,2,mobile,organic,homepage,True
S2_00630,U6801,2024-02-18,2,mobile,paid_search,product,False
S2_00631,U1573,2024-02-17,2,mobile,organic,product,False
S2_00632,U1458,2024-02-12,2,mobile,organic,pricing,False
S2_00633,U5887,2024-02-13,2,mobile,social,homepage,False
S2_00634,U9882,2024-02-13,2,desktop,paid_search,homepage,False
S2_00635,U9371,2024-02-15,2,desktop,organic,product,False
S2_00636,U1638,2024-02-15,2,mobile,organic,homepage,False
S2_00637,U5786,2024-02-12,2,mobile,paid_search,homepage,False
S2_00638,U7203,2024-02-16,2,mobile,organic,pricing,False
S2_00639,U774,2024-02-12,2,desktop,social,product,False
S2_00640,U1506,2024-02-18,2,mobile,social,product,False
S2_00641,U3050,2024-02-12,2,mobile,direct,pricing,False
S2_00642,U4009,2024-02-17,2,mobile,organic,pricing,False
S2_00643,U3033,2024-02-18,2,mobile,organic,product,False
S2_00644,U5743,2024-02-13,2,desktop,organic,product,False
S2_00645,U7052,2024-02-16,2,desktop,paid_search,pricing,False
S2_00646,U4451,2024-02-12,2,mobile,organic,homepage,False
S2_00647,U5447,2024-02-16,2,mobile,direct,product,False
S2_00648,U6133,2024-02-18,2,mobile,social,homepage,False
S2_00649,U2282,2024-02-14,2,mobile,organic,product,False
S2_00650,U2996,2024-02-18,2,desktop,organic,product,False
S2_00651,U3117,2024-02-12,2,mobile,organic,pricing,False
S2_00652,U5019,2024-02-14,2,desktop,paid_search,product,False
S2_00653,U4943,2024-02-16,2,mobile,direct,pricing,False
S2_00654,U4735,2024-02-16,2,mobile,paid_search,pricing,False
S2_00655,U556,2024-02-18,2,desktop,organic,product,False
S2_00656,U8957,2024-02-12,2,desktop,paid_search,pricing,False
S2_00657,U6475,2024-02-16,2,mobile,paid_search,homepage,False
S2_00658,U9941,2024-02-15,2,mobile,organic,pricing,False
S2_00659,U4324,2024-02-18,2,mobile,social,pricing,False
S2_00660,U6484,2024-02-16,2,mobile,organic,product,False
S2_00661,U8152,2024-02-12,2,mobile,paid_search,product,False
S2_00662,U6539,2024-02-13,2,mobile,paid_search,pricing,False
S2_00663,U9395,2024-02-14,2,desktop,paid_search,product,False
S2_00664,U6095,2024-02-14,2,mobile,paid_search,homepage,False
S2_00665,U4482,2024-02-12,2,tablet,organic,product,False
S2_00666,U3007,2024-02-16,2,desktop,organic,homepage,False
S2_00667,U1478,2024-02-14,2,mobile,organic,pricing,False
S2_00668,U4787,2024-02-17,2,mobile,paid_search,pricing,False
S2_00669,U1653,2024-02-15,2,mobile,organic,pricing,False
S2_00670,U1208,2024-02-15,2,mobile,paid_search,pricing,False
S2_00671,U5806,2024-02-18,2,tablet,direct,pricing,True
S2_00672,U3606,2024-02-13,2,desktop,direct,pricing,False
S2_00673,U5519,2024-02-18,2,desktop,paid_search,product,False
S2_00674,U1598,2024-02-16,2,desktop,social,product,True
S2_00675,U9181,2024-02-17,2,desktop,organic,homepage,False
S2_00676,U7484,2024-02-12,2,mobile,paid_search,homepage,False
S2_00677,U9846,2024-02-18,2,desktop,social,homepage,False
S2_00678,U7323,2024-02-17,2,mobile,organic,homepage,False
S2_00679,U2263,2024-02-14,2,desktop,social,pricing,True
S2_00680,U1278,2024-02-13,2,mobile,direct,pricing,False
S2_00681,U1915,2024-02-15,2,mobile,paid_search,product,False
S2_00682,U2667,2024-02-17,2,desktop,paid_search,homepage,False
S2_00683,U1401,2024-02-17,2,mobile,organic,product,False
S2_00684,U702,2024-02-12,2,desktop,paid_search,homepage,False
S2_00685,U7629,2024-02-13,2,mobile,social,product,False
S2_00686,U4498,2024-02-12,2,mobile,paid_search,product,False
S2_00687,U4461,2024-02-12,2,desktop,paid_search,pricing,False
S2_00688,U7795,2024-02-12,2,desktop,social,product,False
S2_00689,U2484,2024-02-17,2,desktop,organic,product,False
S2_00690,U2544,2024-02-14,2,mobile,organic,homepage,False
S2_00691,U5002,2024-02-15,2,desktop,organic,pricing,True
S2_00692,U5561,2024-02-12,2,tablet,organic,pricing,False
S2_00693,U7281,2024-02-15,2,mobile,paid_search,homepage,False
S2_00694,U9551,2024-02-12,2,mobile,paid_search,pricing,False
S2_00695,U8356,2024-02-15,2,mobile,organic,homepage,False
S2_00696,U280,2024-02-17,2,desktop,paid_search,product,False
S2_00697,U8540,2024-02-16,2,mobile,organic,product,False
S2_00698,U2875,2024-02-14,2,desktop,organic,pricing,False
S2_00699,U2750,2024-02-14,2,desktop,social,pricing,False
S2_00700,U4836,2024-02-18,2,mobile,organic,product,False
S2_00701,U9866,2024-02-16,2,mobile,social,homepage,False
S2_00702,U8843,2024-02-18,2,mobile,paid_search,product,False
S2_00703,U7267,2024-02-16,2,mobile,social,product,True
S2_00704,U4999,2024-02-16,2,mobile,organic,pricing,False
S2_00705,U9354,2024-02-13,2,mobile,social,homepage,False
S2_00706,U7997,2024-02-13,2,desktop,paid_search,pricing,False
S2_00707,U798,2024-02-12,2,mobile,organic,product,False
S2_00708,U2093,2024-02-13,2,desktop,social,product,False
S2_00709,U3909,2024-02-15,2,desktop,organic,homepage,False
S2_00710,U8321,2024-02-12,2,desktop,social,homepage,False
S2_00711,U3395,2024-02-14,2,mobile,social,homepage,False
S2_00712,U4142,2024-02-12,2,desktop,social,pricing,False
S2_00713,U6532,2024-02-16,2,mobile,paid_search,product,False
S2_00714,U2108,2024-02-16,2,mobile,social,pricing,True
S2_00715,U9710,2024-02-12,2,mobile,paid_search,product,False
S2_00716,U438,2024-02-12,2,desktop,paid_search,product,False
S2_00717,U8283,2024-02-14,2,mobile,organic,homepage,False
S2_00718,U1544,2024-02-18,2,mobile,paid_search,pricing,False
S2_00719,U9391,2024-02-14,2,desktop,paid_search,homepage,False
S2_00720,U6568,2024-02-13,2,desktop,organic,homepage,False
S2_00721,U9190,2024-02-14,2,mobile,social,homepage,False
S2_00722,U7619,2024-02-18,2,mobile,paid_search,pricing,False
S2_00723,U6156,2024-02-13,2,desktop,social,product,False
S2_00724,U4549,2024-02-15,2,mobile,organic,product,False
S2_00725,U5676,2024-02-18,2,mobile,paid_search,homepage,False
S2_00726,U5527,2024-02-15,2,mobile,organic,homepage,True
S2_00727,U7638,2024-02-17,2,desktop,social,homepage,False
S2_00728,U7290,2024-02-17,2,mobile,paid_search,product,False
S2_00729,U7605,2024-02-12,2,desktop,organic,product,False
S2_00730,U2106,2024-02-17,2,desktop,paid_search,homepage,False
S2_00731,U5444,2024-02-16,2,desktop,direct,product,False
S2_00732,U3885,2024-02-14,2,mobile,paid_search,homepage,False
S2_00733,U8623,2024-02-15,2,tablet,paid_search,product,False
S2_00734,U8054,2024-02-17,2,desktop,social,product,False
S2_00735,U111,2024-02-16,2,desktop,organic,pricing,True
S2_00736,U3914,2024-02-17,2,tablet,direct,product,False
S2_00737,U1597,2024-02-15,2,desktop,organic,pricing,False
S2_00738,U2023,2024-02-14,2,mobile,organic,homepage,True
S2_00739,U6779,2024-02-13,2,mobile,paid_search,product,False
S2_00740,U6842,2024-02-13,2,mobile,paid_search,pricing,False
S2_00741,U2618,2024-02-15,2,desktop,paid_search,homepage,False
S2_00742,U7735,2024-02-16,2,mobile,organic,product,False
S2_00743,U319,2024-02-13,2,desktop,paid_search,pricing,False
S2_00744,U6744,2024-02-16,2,mobile,paid_search,homepage,False
S2_00745,U8558,2024-02-17,2,mobile,organic,homepage,False
S2_00746,U3899,2024-02-16,2,desktop,social,pricing,False
S2_00747,U2825,2024-02-18,2,mobile,organic,homepage,True
S2_00748,U6664,2024-02-16,2,tablet,direct,pricing,False
S2_00749,U7310,2024-02-15,2,desktop,organic,homepage,False
S2_00750,U5444,2024-02-13,2,mobile,direct,pricing,False
S2_00751,U6195,2024-02-17,2,mobile,direct,homepage,False
S2_00752,U1275,2024-02-17,2,desktop,organic,product,False
S2_00753,U384,2024-02-17,2,mobile,social,homepage,False
S2_00754,U5639,2024-02-15,2,mobile,direct,homepage,False
S2_00755,U695,2024-02-12,2,desktop,organic,homepage,False
S2_00756,U798,2024-02-12,2,desktop,paid_search,pricing,False
S2_00757,U5509,2024-02-14,2,mobile,organic,product,False
S2_00758,U5648,2024-02-15,2,desktop,social,product,False
S2_00759,U3516,2024-02-16,2,mobile,organic,product,False
S2_00760,U7621,2024-02-18,2,mobile,organic,homepage,False
S2_00761,U9105,2024-02-16,2,mobile,organic,pricing,False
S2_00762,U9539,2024-02-15,2,mobile,social,product,False
S2_00763,U4052,2024-02-13,2,mobile,paid_search,pricing,False
S2_00764,U5879,2024-02-18,2,mobile,organic,product,False
S2_00765,U365,2024-02-13,2,tablet,social,homepage,False
S2_00766,U8972,2024-02-18,2,mobile,direct,homepage,True
S2_00767,U1168,2024-02-15,2,desktop,paid_search,product,False
S2_00768,U1286,2024-02-12,2,mobile,direct,product,False
S2_00769,U4550,2024-02-13,2,desktop,organic,product,False
S2_00770,U4808,2024-02-16,2,desktop,organic,pricing,False
S2_00771,U251,2024-02-14,2,mobile,organic,homepage,False
S2_00772,U5238,2024-02-17,2,tablet,organic,homepage,False
S2_00773,U3670,2024-02-16,2,mobile,paid_search,pricing,False
S2_00774,U8704,2024-02-18,2,mobile,direct,pricing,False
S2_00775,U8054,2024-02-17,2,desktop,social,pricing,False
S2_00776,U7409,2024-02-13,2,mobile,paid_search,homepage,False
S2_00777,U4759,2024-02-14,2,mobile,social,homepage,False
S2_00778,U1662,2024-02-13,2,mobile,paid_search,product,False
S2_00779,U2277,2024-02-15,2,mobile,direct,pricing,False
S2_00780,U8234,2024-02-16,2,mobile,organic,product,False
S2_00781,U4312,2024-02-12,2,tablet,paid_search,product,False
S2_00782,U7698,2024-02-12,2,mobile,social,pricing,True
S2_00783,U1844,2024-02-14,2,mobile,organic,homepage,True
S2_00784,U404,2024-02-18,2,desktop,organic,homepage,False
S2_00785,U8712,2024-02-12,2,mobile,paid_search,product,False
S2_00786,U4828,2024-02-14,2,mobile,organic,pricing,False
S2_00787,U2287,2024-02-14,2,mobile,paid_search,product,False
S2_00788,U1982,2024-02-18,2,mobile,organic,homepage,False
S2_00789,U7311,2024-02-16,2,desktop,organic,homepage,False
S2_00790,U6500,2024-02-18,2,desktop,paid_search,homepage,False
S2_00791,U3287,2024-02-13,2,mobile,paid_search,pricing,False
S2_00792,U1369,2024-02-16,2,desktop,organic,homepage,True
S2_00793,U844,2024-02-18,2,mobile,paid_search,product,False
S2_00794,U2074,2024-02-16,2,tablet,organic,product,False
S2_00795,U9542,2024-02-15,2,mobile,social,pricing,False
S2_00796,U2954,2024-02-17,2,mobile,organic,homepage,False
S2_00797,U4358,2024-02-17,2,mobile,organic,pricing,False
S2_00798,U5367,2024-02-13,2,mobile,paid_search,product,False
S2_00799,U3588,2024-02-16,2,mobile,social,pricing,False
S2_00800,U7518,2024-02-13,2,desktop,paid_search,pricing,False
S2_00801,U4789,2024-02-12,2,mobile,paid_search,homepage,False
S2_00802,U143,2024-02-12,2,mobile,social,product,False
S2_00803,U6494,2024-02-16,2,mobile,paid_search,pricing,False
S2_00804,U2794,2024-02-14,2,mobile,paid_search,homepage,False
S2_00805,U6946,2024-02-12,2,desktop,paid_search,pricing,False
S2_00806,U878,2024-02-13,2,mobile,paid_search,product,False
S2_00807,U1656,2024-02-17,2,desktop,social,pricing,False
S2_00808,U6564,2024-02-14,2,mobile,organic,pricing,False
S2_00809,U6740,2024-02-12,2,mobile,paid_search,product,False
S2_00810,U3699,2024-02-15,2,mobile,social,homepage,True
S2_00811,U1688,2024-02-12,2,mobile,direct,homepage,False
S2_00812,U128,2024-02-18,2,mobile,direct,product,False
S2_00813,U1645,2024-02-17,2,mobile,organic,product,False
S2_00814,U8361,2024-02-12,2,mobile,paid_search,product,False
S2_00815,U2261,2024-02-18,2,desktop,social,pricing,False
S2_00816,U8363,2024-02-14,2,mobile,organic,homepage,False
S2_00817,U9962,2024-02-16,2,mobile,paid_search,product,False
S2_00818,U9361,2024-02-16,2,desktop,direct,product,False
S2_00819,U4153,2024-02-18,2,mobile,organic,product,False
S2_00820,U9535,2024-02-12,2,mobile,paid_search,homepage,False
S2_00821,U8394,2024-02-14,2,mobile,organic,pricing,False
S2_00822,U2212,2024-02-14,2,tablet,organic,homepage,False
S2_00823,U7882,2024-02-18,2,desktop,organic,pricing,True
S2_00824,U5232,2024-02-12,2,mobile,organic,pricing,False
S2_00825,U7370,2024-02-16,2,mobile,organic,product,True
S2_00826,U9510,2024-02-15,2,desktop,paid_search,pricing,False
S2_00827,U6568,2024-02-15,2,mobile,organic,product,False
S2_00828,U7272,2024-02-13,2,mobile,organic,homepage,False
S2_00829,U3922,2024-02-12,2,desktop,social,pricing,False
S2_00830,U9298,2024-02-18,2,mobile,organic,product,False
S2_00831,U1067,2024-02-13,2,desktop,organic,pricing,False
S2_00832,U988,2024-02-18,2,desktop,paid_search,homepage,False
S2_00833,U5398,2024-02-14,2,mobile,direct,product,False
S2_00834,U7898,2024-02-12,2,mobile,organic,homepage,True
S2_00835,U9328,2024-02-18,2,desktop,organic,pricing,False
S2_00836,U7748,2024-02-13,2,mobile,direct,product,False
S2_00837,U4489,2024-02-15,2,desktop,social,product,True
S2_00838,U3135,2024-02-18,2,mobile,organic,product,False
S2_00839,U1746,2024-02-13,2,mobile,paid_search,pricing,False
S2_00840,U6257,2024-02-18,2,mobile,paid_search,homepage,False
S2_00841,U5636,2024-02-16,2,tablet,organic,homepage,False
S2_00842,U3420,2024-02-15,2,mobile,paid_search,product,False
S2_00843,U1531,2024-02-15,2,mobile,organic,pricing,True
S2_00844,U3713,2024-02-18,2,mobile,organic,product,False
S2_00845,U2923,2024-02-14,2,mobile,organic,pricing,False
S2_00846,U5474,2024-02-15,2,desktop,direct,homepage,False
S2_00847,U8931,2024-02-16,2,tablet,paid_search,product,False
S2_00848,U850,2024-02-14,2,mobile,paid_search,homepage,False
S2_00849,U3287,2024-02-15,2,desktop,organic,homepage,True
S2_00850,U6661,2024-02-18,2,desktop,organic,pricing,False
S2_00851,U281,2024-02-13,2,mobile,social,homepage,False
S2_00852,U9837,2024-02-14,2,mobile,paid_search,product,False
S2_00853,U127,2024-02-18,2,mobile,paid_search,homepage,False
S2_00854,U7146,2024-02-14,2,desktop,direct,homepage,False
S2_00855,U935,2024-02-12,2,desktop,organic,product,False
S2_00856,U4012,2024-02-15,2,mobile,organic,homepage,False
S2_00857,U7017,2024-02-14,2,mobile,organic,pricing,False
S2_00858,U566,2024-02-13,2,mobile,social,product,False
S2_00859,U4859,2024-02-13,2,desktop,organic,homepage,True
S2_00860,U6304,2024-02-12,2,desktop,direct,homepage,False
S2_00861,U6778,2024-02-13,2,mobile,organic,pricing,False
S2_00862,U840,2024-02-13,2,desktop,organic,pricing,False
S2_00863,U7726,2024-02-14,2,mobile,organic,homepage,False
S2_00864,U7580,2024-02-13,2,desktop,paid_search,homepage,False
S2_00865,U8360,2024-02-18,2,mobile,organic,product,False
S2_00866,U6607,2024-02-16,2,desktop,social,product,False
S2_00867,U2977,2024-02-18,2,mobile,social,pricing,False
S2_00868,U4621,2024-02-13,2,desktop,organic,pricing,False
S2_00869,U2297,2024-02-17,2,desktop,organic,homepage,True
S2_00870,U5051,2024-02-13,2,tablet,paid_search,homepage,False
S2_00871,U1970,2024-02-18,2,mobile,organic,pricing,False
S2_00872,U8290,2024-02-16,2,tablet,paid_search,product,False
S2_00873,U1860,2024-02-13,2,desktop,organic,pricing,False
S2_00874,U9210,2024-02-16,2,desktop,paid_search,product,True
S2_00875,U527,2024-02-18,2,desktop,paid_search,homepage,False
S2_00876,U4669,2024-02-17,2,mobile,paid_search,homepage,False
S2_00877,U6219,2024-02-12,2,mobile,direct,pricing,False
S2_00878,U6275,2024-02-18,2,desktop,paid_search,pricing,False
S2_00879,U8421,2024-02-12,2,desktop,organic,product,False
S2_00880,U2873,2024-02-17,2,desktop,organic,pricing,True
S2_00881,U4477,2024-02-16,2,desktop,social,pricing,False
S2_00882,U4090,2024-02-13,2,desktop,organic,pricing,False
S2_00883,U2905,2024-02-14,2,mobile,paid_search,homepage,False
S2_00884,U482,2024-02-15,2,desktop,paid_search,product,False
S2_00885,U7983,2024-02-14,2,desktop,organic,homepage,False
S2_00886,U6485,2024-02-15,2,mobile,paid_search,pricing,False
S2_00887,U6311,2024-02-18,2,mobile,social,pricing,False
S2_00888,U3452,2024-02-15,2,mobile,social,pricing,False
S2_00889,U9293,2024-02-15,2,mobile,organic,homepage,True
S2_00890,U1743,2024-02-16,2,mobile,social,homepage,False
S2_00891,U9525,2024-02-15,2,mobile,direct,homepage,False
S2_00892,U7644,2024-02-12,2,desktop,paid_search,pricing,False
S2_00893,U9966,2024-02-18,2,desktop,direct,homepage,True
S2_00894,U6489,2024-02-13,2,desktop,organic,product,False
S2_00895,U9186,2024-02-15,2,desktop,direct,product,False
S2_00896,U6383,2024-02-12,2,mobile,paid_search,product,False
S2_00897,U5431,2024-02-18,2,desktop,organic,homepage,False
S2_00898,U2089,2024-02-14,2,desktop,direct,product,False
S2_00899,U8268,2024-02-17,2,desktop,paid_search,homepage,False
S2_00900,U526,2024-02-16,2,mobile,organic,product,False
S2_00901,U7296,2024-02-17,2,mobile,organic,product,False
S2_00902,U3847,2024-02-12,2,desktop,paid_search,pricing,False
S2_00903,U1242,2024-02-17,2,mobile,social,homepage,False
S2_00904,U7801,2024-02-17,2,mobile,paid_search,pricing,False
S2_00905,U3205,2024-02-14,2,mobile,direct,homepage,False
S2_00906,U2443,2024-02-17,2,mobile,paid_search,pricing,False
S2_00907,U6909,2024-02-15,2,mobile,paid_search,product,False
S2_00908,U8306,2024-02-15,2,mobile,paid_search,product,False
S2_00909,U347,2024-02-12,2,desktop,direct,pricing,False
S2_00910,U6572,2024-02-16,2,desktop,paid_search,homepage,False
S2_00911,U8139,2024-02-13,2,desktop,social,homepage,False
S2_00912,U8349,2024-02-18,2,desktop,organic,pricing,False
S2_00913,U6104,2024-02-16,2,mobile,paid_search,pricing,False
S2_00914,U2176,2024-02-14,2,mobile,organic,homepage,False
S2_00915,U7774,2024-02-14,2,mobile,organic,product,False
S2_00916,U7037,2024-02-17,2,mobile,direct,product,False
S2_00917,U7548,2024-02-16,2,desktop,organic,product,False
S2_00918,U3596,2024-02-12,2,mobile,organic,homepage,False
S2_00919,U2238,2024-02-16,2,mobile,social,homepage,False
S2_00920,U1416,2024-02-13,2,mobile,social,pricing,False
S2_00921,U5430,2024-02-12,2,mobile,paid_search,product,False
S2_00922,U6918,2024-02-17,2,desktop,paid_search,product,False
S2_00923,U4958,2024-02-18,2,desktop,direct,product,True
S2_00924,U1806,2024-02-17,2,mobile,paid_search,homepage,False
S2_00925,U1401,2024-02-14,2,desktop,organic,product,False
S2_00926,U2921,2024-02-12,2,desktop,organic,homepage,True
S2_00927,U3606,2024-02-18,2,desktop,organic,homepage,False
S2_00928,U576,2024-02-13,2,desktop,paid_search,pricing,False
S2_00929,U2956,2024-02-12,2,desktop,social,product,False
S2_00930,U8777,2024-02-12,2,mobile,direct,homepage,False
S2_00931,U6945,2024-02-18,2,desktop,direct,product,False
S2_00932,U4209,2024-02-17,2,mobile,organic,homepage,False
S2_00933,U8116,2024-02-17,2,mobile,organic,product,False
S2_00934,U4226,2024-02-16,2,mobile,organic,pricing,False
S2_00935,U2405,2024-02-17,2,mobile,paid_search,homepage,False
S2_00936,U4512,2024-02-17,2,mobile,paid_search,homepage,False
S2_00937,U3075,2024-02-16,2,desktop,organic,product,False
S2_00938,U5064,2024-02-16,2,mobile,organic,product,False
S2_00939,U2957,2024-02-14,2,mobile,organic,homepage,False
S2_00940,U3090,2024-02-16,2,mobile,paid_search,product,False
S2_00941,U7325,2024-02-12,2,mobile,direct,homepage,True
S2_00942,U4628,2024-02-18,2,mobile,organic,pricing,False
S2_00943,U7138,2024-02-17,2,mobile,social,homepage,False
S2_00944,U1168,2024-02-13,2,desktop,organic,product,False
S2_00945,U4427,2024-02-16,2,desktop,direct,pricing,False
S2_00946,U4372,2024-02-17,2,desktop,social,homepage,False
S2_00947,U529,2024-02-13,2,desktop,organic,pricing,False
S2_00948,U5518,2024-02-13,2,mobile,paid_search,product,False
S2_00949,U9923,2024-02-15,2,mobile,paid_search,pricing,False
S2_00950,U1723,2024-02-14,2,mobile,direct,homepage,True
S2_00951,U4861,2024-02-17,2,mobile,paid_search,homepage,False
S2_00952,U8623,2024-02-16,2,desktop,paid_search,homepage,False
S2_00953,U6266,2024-02-14,2,mobile,organic,product,False
S2_00954,U7316,2024-02-14,2,desktop,direct,product,False
S2_00955,U541,2024-02-18,2,tablet,social,homepage,False
S2_00956,U5443,2024-02-17,2,mobile,direct,homepage,False
S2_00957,U6989,2024-02-15,2,mobile,paid_search,product,False
S2_00958,U8581,2024-02-12,2,mobile,direct,pricing,False
S2_00959,U2245,2024-02-15,2,tablet,organic,product,False
S2_00960,U3223,2024-02-16,2,mobile,paid_search,product,False
S2_00961,U4768,2024-02-16,2,desktop,organic,pricing,True
S2_00962,U6272,2024-02-16,2,mobile,organic,homepage,False
S2_00963,U799,2024-02-14,2,mobile,organic,homepage,False
S2_00964,U3230,2024-02-15,2,desktop,organic,pricing,False
S2_00965,U6537,2024-02-12,2,desktop,paid_search,pricing,False
S2_00966,U3425,2024-02-16,2,desktop,organic,pricing,False
S2_00967,U6450,2024-02-17,2,mobile,direct,homepage,False
S2_00968,U8601,2024-02-15,2,mobile,social,homepage,False
S2_00969,U9432,2024-02-18,2,mobile,paid_search,product,False
S2_00970,U6830,2024-02-18,2,mobile,paid_search,homepage,False
S2_00971,U2601,2024-02-16,2,mobile,organic,pricing,False
S2_00972,U8817,2024-02-15,2,mobile,organic,product,False
S2_00973,U6347,2024-02-17,2,desktop,organic,product,False
S2_00974,U8048,2024-02-15,2,mobile,social,product,False
S2_00975,U3718,2024-02-18,2,mobile,social,homepage,False
S2_00976,U7257,2024-02-17,2,desktop,organic,homepage,False
S2_00977,U9257,2024-02-15,2,mobile,paid_search,product,False
S2_00978,U7874,2024-02-13,2,mobile,organic,product,False
S2_00979,U3560,2024-02-16,2,desktop,direct,product,False
S2_00980,U9197,2024-02-13,2,desktop,direct,homepage,False
S2_00981,U9166,2024-02-13,2,mobile,paid_search,pricing,False
S2_00982,U3795,2024-02-17,2,desktop,organic,pricing,False
S2_00983,U9483,2024-02-15,2,mobile,organic,homepage,False
S2_00984,U8281,2024-02-16,2,desktop,organic,homepage,False
S2_00985,U6366,2024-02-17,2,mobile,paid_search,product,False
S2_00986,U441,2024-02-17,2,desktop,social,product,False
S2_00987,U8815,2024-02-15,2,desktop,direct,pricing,True
S2_00988,U4216,2024-02-18,2,mobile,social,pricing,False
S2_00989,U3221,2024-02-17,2,desktop,organic,product,False
S2_00990,U7351,2024-02-14,2,desktop,social,homepage,False
S2_00991,U3043,2024-02-18,2,mobile,paid_search,pricing,False
S2_00992,U514,2024-02-13,2,mobile,organic,pricing,False
S2_00993,U5712,2024-02-17,2,mobile,paid_search,pricing,False
S2_00994,U1772,2024-02-17,2,mobile,organic,pricing,False
S2_00995,U2723,2024-02-15,2,desktop,paid_search,homepage,True
S2_00996,U3782,2024-02-16,2,mobile,organic,homepage,False
S2_00997,U1349,2024-02-15,2,mobile,social,homepage,False
S2_00998,U6175,2024-02-17,2,mobile,paid_search,homepage,False
S2_00999,U1542,2024-02-12,2,mobile,organic,pricing,False
S2_01000,U5048,2024-02-13,2,mobile,social,product,False
S2_01001,U1989,2024-02-17,2,desktop,paid_search,pricing,False
S2_01002,U2645,2024-02-17,2,desktop,organic,product,False
S2_01003,U5457,2024-02-15,2,mobile,organic,pricing,True
S2_01004,U6086,2024-02-13,2,desktop,paid_search,product,False
S2_01005,U2186,2024-02-14,2,mobile,organic,homepage,False
S2_01006,U8843,2024-02-15,2,mobile,organic,product,False
S2_01007,U9974,2024-02-17,2,desktop,social,product,False
S2_01008,U6818,2024-02-13,2,desktop,social,pricing,False
S2_01009,U2684,2024-02-13,2,mobile,social,product,True
S2_01010,U7065,2024-02-13,2,tablet,organic,pricing,False
S2_01011,U6236,2024-02-16,2,desktop,social,product,False
S2_01012,U5068,2024-02-13,2,desktop,social,pricing,False
S2_01013,U4816,2024-02-14,2,desktop,organic,product,False
S2_01014,U5635,2024-02-13,2,mobile,paid_search,product,False
S2_01015,U8124,2024-02-16,2,mobile,organic,homepage,False
S2_01016,U1792,2024-02-13,2,mobile,social,product,False
S2_01017,U6537,2024-02-12,2,mobile,social,homepage,False
S2_01018,U7521,2024-02-14,2,desktop,organic,product,False
S2_01019,U1587,2024-02-13,2,mobile,social,homepage,False
S2_01020,U355,2024-02-12,2,tablet,paid_search,pricing,False
S2_01021,U7427,2024-02-12,2,mobile,social,product,False
S2_01022,U764,2024-02-15,2,mobile,organic,product,False
S2_01023,U999,2024-02-12,2,mobile,direct,pricing,False
S2_01024,U5339,2024-02-13,2,desktop,social,pricing,False
S2_01025,U5127,2024-02-12,2,mobile,paid_search,homepage,False
S2_01026,U197,2024-02-16,2,desktop,organic,homepage,False
S2_01027,U2528,2024-02-17,2,desktop,direct,product,False
S2_01028,U6801,2024-02-18,2,mobile,paid_search,product,True
S2_01029,U2399,2024-02-18,2,tablet,paid_search,pricing,False
S2_01030,U5196,2024-02-12,2,desktop,paid_search,homepage,False
S2_01031,U1339,2024-02-18,2,mobile,paid_search,pricing,True
S2_01032,U4982,2024-02-12,2,mobile,organic,product,False
S2_01033,U5219,2024-02-18,2,mobile,organic,pricing,False
S2_01034,U1761,2024-02-13,2,mobile,social,product,False
S2_01035,U2275,2024-02-18,2,mobile,paid_search,product,False
S2_01036,U1405,2024-02-15,2,desktop,paid_search,homepage,True
S2_01037,U7579,2024-02-15,2,desktop,organic,product,True
S2_01038,U6110,2024-02-16,2,desktop,organic,pricing,False
S2_01039,U6103,2024-02-13,2,mobile,social,homepage,False
S2_01040,U3503,2024-02-16,2,desktop,organic,homepage,False
S2_01041,U1287,2024-02-17,2,mobile,paid_search,pricing,False
S2_01042,U7666,2024-02-18,2,mobile,organic,homepage,False
S2_01043,U5576,2024-02-12,2,tablet,organic,product,False
S2_01044,U563,2024-02-12,2,mobile,social,product,False
S2_01045,U7444,2024-02-12,2,desktop,social,pricing,False
S2_01046,U1261,2024-02-18,2,desktop,paid_search,homepage,False
S2_01047,U3112,2024-02-18,2,mobile,organic,pricing,False
S2_01048,U3071,2024-02-14,2,desktop,direct,product,False
S2_01049,U7955,2024-02-15,2,desktop,direct,pricing,False
S2_01050,U7520,2024-02-18,2,desktop,social,pricing,False
S2_01051,U6641,2024-02-13,2,desktop,organic,product,False
S2_01052,U444,2024-02-17,2,desktop,social,homepage,False
S2_01053,U3593,2024-02-14,2,mobile,organic,homepage,False
S2_01054,U6418,2024-02-17,2,mobile,organic,homepage,False
S2_01055,U8464,2024-02-17,2,mobile,organic,pricing,False
S2_01056,U5492,2024-02-16,2,desktop,organic,homepage,False
S2_01057,U4012,2024-02-17,2,mobile,paid_search,pricing,False
S2_01058,U6493,2024-02-15,2,mobile,paid_search,product,False
S2_01059,U1844,2024-02-14,2,desktop,paid_search,product,False
S2_01060,U1125,2024-02-12,2,mobile,direct,product,False
S2_01061,U8140,2024-02-14,2,mobile,direct,product,False
S2_01062,U9308,2024-02-13,2,desktop,organic,pricing,False
S2_01063,U5921,2024-02-15,2,desktop,organic,pricing,False
S2_01064,U7178,2024-02-13,2,mobile,social,product,False
S2_01065,U4544,2024-02-13,2,mobile,organic,product,False
S2_01066,U3854,2024-02-17,2,mobile,organic,product,False
S2_01067,U3970,2024-02-18,2,mobile,paid_search,pricing,False
S2_01068,U5094,2024-02-13,2,mobile,organic,product,False
S2_01069,U7140,2024-02-18,2,mobile,social,homepage,False
S2_01070,U3702,2024-02-15,2,desktop,organic,product,False
S2_01071,U2451,2024-02-13,2,mobile,organic,pricing,False
S2_01072,U5478,2024-02-16,2,mobile,social,homepage,False
S2_01073,U1495,2024-02-16,2,mobile,organic,pricing,False
S2_01074,U4488,2024-02-17,2,mobile,organic,product,False
S2_01075,U9700,2024-02-13,2,mobile,social,product,False
S2_01076,U6642,2024-02-15,2,desktop,organic,product,False
S2_01077,U9071,2024-02-17,2,mobile,paid_search,product,False
S2_01078,U4112,2024-02-16,2,desktop,paid_search,product,False
S2_01079,U7138,2024-02-13,2,desktop,organic,pricing,False
S2_01080,U5794,2024-02-15,2,mobile,social,homepage,False
S2_01081,U762,2024-02-14,2,desktop,paid_search,pricing,False
S2_01082,U198,2024-02-16,2,desktop,organic,pricing,False
S2_01083,U2525,2024-02-15,2,tablet,direct,homepage,False
S2_01084,U9973,2024-02-18,2,desktop,paid_search,pricing,False
S2_01085,U6747,2024-02-12,2,mobile,social,homepage,False
S2_01086,U4954,2024-02-17,2,tablet,organic,homepage,False
S2_01087,U3630,2024-02-13,2,tablet,paid_search,product,False
S2_01088,U1266,2024-02-15,2,mobile,organic,homepage,False
S2_01089,U1496,2024-02-18,2,desktop,organic,product,False
S2_01090,U3025,2024-02-18,2,mobile,organic,product,False
S2_01091,U5753,2024-02-12,2,mobile,organic,product,False
S2_01092,U527,2024-02-13,2,desktop,paid_search,product,False
S2_01093,U9665,2024-02-12,2,mobile,organic,pricing,False
S2_01094,U1853,2024-02-13,2,mobile,paid_search,pricing,False
S2_01095,U5756,2024-02-16,2,mobile,organic,product,False
S2_01096,U4411,2024-02-13,2,mobile,organic,product,False
S2_01097,U6504,2024-02-12,2,desktop,organic,homepage,False
S2_01098,U6958,2024-02-16,2,mobile,organic,pricing,False
S2_01099,U8988,2024-02-17,2,desktop,organic,homepage,True
S2_01100,U9102,2024-02-14,2,mobile,social,pricing,False
S2_01101,U878,2024-02-17,2,desktop,organic,homepage,True
S2_01102,U4854,2024-02-15,2,tablet,organic,homepage,False
S2_01103,U7555,2024-02-16,2,mobile,paid_search,pricing,False
S2_01104,U7160,2024-02-16,2,mobile,paid_search,pricing,False
S2_01105,U8960,2024-02-14,2,mobile,social,product,False
S2_01106,U6443,2024-02-15,2,mobile,organic,homepage,False
S2_01107,U9294,2024-02-12,2,mobile,paid_search,product,True
S2_01108,U903,2024-02-15,2,mobile,social,product,False
S2_01109,U8297,2024-02-13,2,desktop,social,homepage,False
S2_01110,U2039,2024-02-12,2,mobile,social,product,False
S2_01111,U9640,2024-02-13,2,mobile,social,product,False
S2_01112,U4744,2024-02-17,2,mobile,organic,homepage,False
S2_01113,U4697,2024-02-15,2,mobile,paid_search,homepage,False
S2_01114,U6174,2024-02-13,2,mobile,social,pricing,False
S2_01115,U1808,2024-02-15,2,mobile,organic,pricing,False
S2_01116,U7795,2024-02-16,2,mobile,social,homepage,False
S2_01117,U4766,2024-02-16,2,desktop,paid_search,product,False
S2_01118,U3665,2024-02-13,2,tablet,paid_search,product,False
S2_01119,U2031,2024-02-14,2,desktop,social,product,False
S2_01120,U6839,2024-02-14,2,desktop,social,homepage,False
S2_01121,U2456,2024-02-17,2,mobile,paid_search,homepage,False
S2_01122,U9537,2024-02-16,2,desktop,paid_search,homepage,False
S2_01123,U5840,2024-02-18,2,desktop,social,product,False
S2_01124,U8920,2024-02-14,2,mobile,social,product,False
S2_01125,U7802,2024-02-18,2,mobile,organic,pricing,False
S2_01126,U3217,2024-02-14,2,desktop,organic,product,False
S2_01127,U9208,2024-02-18,2,mobile,direct,pricing,False
S2_01128,U1594,2024-02-16,2,desktop,organic,pricing,False
S2_01129,U9076,2024-02-16,2,desktop,paid_search,pricing,False
S2_01130,U4141,2024-02-12,2,desktop,organic,homepage,False
S2_01131,U7057,2024-02-17,2,mobile,organic,pricing,False
S2_01132,U1051,2024-02-15,2,desktop,direct,pricing,False
S2_01133,U7772,2024-02-18,2,desktop,organic,homepage,False
S2_01134,U8261,2024-02-15,2,desktop,paid_search,product,False
S2_01135,U3996,2024-02-12,2,mobile,direct,pricing,False
S2_01136,U8418,2024-02-12,2,mobile,paid_search,product,False
S2_01137,U3727,2024-02-16,2,mobile,social,pricing,False
S2_01138,U2813,2024-02-16,2,mobile,social,product,False
S2_01139,U8629,2024-02-17,2,desktop,organic,pricing,False
S2_01140,U1270,2024-02-13,2,desktop,social,product,False
S2_01141,U2461,2024-02-12,2,mobile,organic,homepage,False
S2_01142,U5767,2024-02-16,2,mobile,direct,homepage,False
S2_01143,U6704,2024-02-16,2,mobile,organic,pricing,False
S2_01144,U4211,2024-02-17,2,mobile,paid_search,homepage,False
S2_01145,U1195,2024-02-12,2,desktop,paid_search,pricing,True
S2_01146,U9578,2024-02-18,2,desktop,social,homepage,False
S2_01147,U5042,2024-02-14,2,mobile,direct,product,False
S2_01148,U9345,2024-02-17,2,tablet,social,product,True
S2_01149,U4494,2024-02-12,2,desktop,organic,pricing,False
S2_01150,U7323,2024-02-12,2,desktop,paid_search,pricing,False
S2_01151,U95,2024-02-17,2,tablet,paid_search,homepage,False
S2_01152,U2947,2024-02-18,2,mobile,organic,pricing,False
S2_01153,U340,2024-02-17,2,mobile,social,product,False
S2_01154,U4601,2024-02-14,2,desktop,paid_search,product,False
S2_01155,U3217,2024-02-18,2,desktop,organic,pricing,False
S2_01156,U5073,2024-02-17,2,mobile,paid_search,pricing,True
S2_01157,U3319,2024-02-18,2,desktop,paid_search,product,False
S2_01158,U4355,2024-02-12,2,mobile,organic,homepage,False
S2_01159,U4335,2024-02-13,2,desktop,organic,homepage,False
S2_01160,U2421,2024-02-13,2,mobile,organic,product,False
S2_01161,U6162,2024-02-13,2,mobile,direct,product,False
S2_01162,U3888,2024-02-16,2,mobile,social,product,False
S2_01163,U8931,2024-02-13,2,mobile,direct,product,False
S2_01164,U4449,2024-02-17,2,mobile,organic,product,False
S2_01165,U4478,2024-02-14,2,desktop,organic,product,False
S2_01166,U9121,2024-02-16,2,mobile,social,product,False
S2_01167,U852,2024-02-16,2,desktop,direct,product,False
S2_01168,U8033,2024-02-12,2,desktop,organic,product,False
S2_01169,U5688,2024-02-18,2,mobile,paid_search,pricing,True
S2_01170,U7806,2024-02-14,2,mobile,social,pricing,False
S2_01171,U4616,2024-02-12,2,desktop,social,homepage,False
S2_01172,U4639,2024-02-17,2,mobile,organic,pricing,False
S2_01173,U8217,2024-02-15,2,desktop,paid_search,pricing,False
S2_01174,U2443,2024-02-14,2,mobile,direct,pricing,False
S2_01175,U1938,2024-02-13,2,desktop,paid_search,pricing,False
S2_01176,U5056,2024-02-13,2,desktop,paid_search,homepage,True
S2_01177,U6255,2024-02-13,2,desktop,paid_search,pricing,False
S2_01178,U430,2024-02-17,2,tablet,direct,pricing,False
S2_01179,U7101,2024-02-14,2,desktop,paid_search,homepage,False
S2_01180,U422,2024-02-14,2,mobile,organic,homepage,False
S2_01181,U5183,2024-02-14,2,desktop,organic,product,False
S2_01182,U8664,2024-02-13,2,mobile,paid_search,product,False
S2_01183,U5672,2024-02-15,2,mobile,paid_search,product,False
S2_01184,U5155,2024-02-18,2,mobile,organic,pricing,False
S2_01185,U4448,2024-02-13,2,tablet,social,product,False
S2_01186,U6125,2024-02-14,2,mobile,paid_search,product,False
S2_01187,U1498,2024-02-12,2,mobile,social,pricing,False
S2_01188,U5069,2024-02-15,2,mobile,organic,homepage,False
S2_01189,U2714,2024-02-14,2,mobile,social,homepage,False
S2_01190,U3915,2024-02-15,2,mobile,social,pricing,False
S2_01191,U4157,2024-02-15,2,mobile,paid_search,homepage,False
S2_01192,U7780,2024-02-12,2,mobile,social,product,False
S2_01193,U4976,2024-02-18,2,desktop,direct,product,False
S2_01194,U5356,2024-02-17,2,desktop,organic,product,False
S2_01195,U5588,2024-02-17,2,desktop,social,homepage,False
S2_01196,U2699,2024-02-13,2,mobile,direct,homepage,True
S2_01197,U4772,2024-02-18,2,mobile,organic,homepage,False
S2_01198,U2828,2024-02-16,2,mobile,paid_search,homepage,False
S2_01199,U9945,2024-02-18,2,mobile,paid_search,product,False
S2_01200,U5363,2024-02-12,2,mobile,paid_search,homepage,False
S2_01201,U4921,2024-02-16,2,mobile,direct,homepage,False
S2_01202,U9043,2024-02-16,2,desktop,paid_search,pricing,False
S2_01203,U646,2024-02-14,2,mobile,paid_search,homepage,False
S2_01204,U4460,2024-02-14,2,mobile,paid_search,pricing,False
S2_01205,U4002,2024-02-15,2,mobile,social,product,False
S2_01206,U8571,2024-02-14,2,mobile,organic,product,False
S2_01207,U1385,2024-02-15,2,mobile,social,homepage,False
S2_01208,U8629,2024-02-17,2,desktop,organic,homepage,False
S2_01209,U928,2024-02-14,2,mobile,paid_search,homepage,True
S2_01210,U2283,2024-02-17,2,mobile,paid_search,product,False
S2_01211,U1599,2024-02-16,2,mobile,organic,product,False
S2_01212,U1325,2024-02-16,2,desktop,organic,homepage,False
S2_01213,U756,2024-02-18,2,mobile,paid_search,homepage,False
S2_01214,U1989,2024-02-15,2,desktop,organic,homepage,True
S2_01215,U1192,2024-02-15,2,desktop,organic,homepage,False
S2_01216,U3910,2024-02-14,2,tablet,organic,product,False
S2_01217,U4357,2024-02-15,2,mobile,social,pricing,False
S2_01218,U2612,2024-02-15,2,mobile,social,homepage,False
S2_01219,U6962,2024-02-13,2,desktop,social,homepage,False
S2_01220,U9277,2024-02-15,2,desktop,organic,product,False
S2_01221,U2433,2024-02-17,2,mobile,paid_search,pricing,False
S2_01222,U6672,2024-02-15,2,mobile,direct,product,False
S2_01223,U2615,2024-02-18,2,desktop,social,homepage,True
S2_01224,U186,2024-02-16,2,tablet,paid_search,pricing,False
S2_01225,U2765,2024-02-16,2,desktop,organic,homepage,False
S2_01226,U9912,2024-02-12,2,desktop,social,homepage,False
S2_01227,U8511,2024-02-14,2,mobile,paid_search,homepage,False
S2_01228,U3180,2024-02-15,2,mobile,direct,homepage,False
S2_01229,U6141,2024-02-18,2,mobile,direct,homepage,False
S2_01230,U6962,2024-02-13,2,mobile,organic,pricing,False
S2_01231,U30,2024-02-18,2,mobile,organic,pricing,False
S2_01232,U3125,2024-02-13,2,mobile,direct,product,False
S2_01233,U6450,2024-02-16,2,desktop,organic,product,False
S2_01234,U3615,2024-02-13,2,mobile,organic,pricing,False
S2_01235,U5675,2024-02-16,2,mobile,organic,homepage,False
S2_01236,U3895,2024-02-14,2,mobile,social,homepage,False
S2_01237,U1060,2024-02-15,2,tablet,organic,product,False
S2_01238,U3362,2024-02-12,2,tablet,paid_search,pricing,False
S2_01239,U1261,2024-02-15,2,mobile,social,pricing,False
S2_01240,U2571,2024-02-13,2,mobile,direct,pricing,False
S2_01241,U3430,2024-02-18,2,mobile,direct,pricing,True
S2_01242,U4872,2024-02-14,2,mobile,organic,pricing,False
S2_01243,U6793,2024-02-13,2,tablet,paid_search,product,False
S2_01244,U1391,2024-02-14,2,desktop,paid_search,homepage,False
S2_01245,U7854,2024-02-14,2,tablet,paid_search,homepage,False
S2_01246,U3080,2024-02-16,2,mobile,social,homepage,False
S2_01247,U532,2024-02-18,2,mobile,organic,pricing,False
S2_01248,U1671,2024-02-15,2,desktop,paid_search,product,False
S2_01249,U5849,2024-02-13,2,desktop,organic,homepage,True
S2_01250,U7634,2024-02-16,2,desktop,direct,homepage,False
S2_01251,U3726,2024-02-18,2,desktop,organic,product,False
S2_01252,U2604,2024-02-13,2,desktop,paid_search,product,False
S2_01253,U6911,2024-02-16,2,desktop,organic,homepage,False
S2_01254,U9436,2024-02-16,2,desktop,paid_search,homepage,False
S2_01255,U7507,2024-02-12,2,mobile,direct,homepage,False
S2_01256,U162,2024-02-18,2,mobile,social,pricing,False
S2_01257,U8370,2024-02-17,2,desktop,paid_search,homepage,False
S2_01258,U6800,2024-02-13,2,desktop,social,product,True
S2_01259,U4345,2024-02-13,2,mobile,organic,pricing,False
S2_01260,U1142,2024-02-12,2,mobile,paid_search,pricing,False
S2_01261,U7315,2024-02-13,2,mobile,organic,pricing,False
S2_01262,U3780,2024-02-18,2,mobile,paid_search,product,False
S2_01263,U3369,2024-02-15,2,desktop,organic,homepage,False
S2_01264,U1906,2024-02-16,2,desktop,social,homepage,False
S2_01265,U6861,2024-02-12,2,mobile,social,product,False
S2_01266,U5924,2024-02-15,2,desktop,paid_search,product,False
S2_01267,U6923,2024-02-18,2,mobile,paid_search,homepage,False
S2_01268,U5706,2024-02-15,2,mobile,direct,product,True
S2_01269,U2660,2024-02-17,2,mobile,organic,pricing,False
S2_01270,U7827,2024-02-18,2,mobile,paid_search,pricing,False
S2_01271,U9025,2024-02-14,2,desktop,organic,homepage,True
S2_01272,U6120,2024-02-16,2,mobile,organic,homepage,False
S2_01273,U52,2024-02-18,2,mobile,paid_search,product,False
S2_01274,U9840,2024-02-15,2,desktop,paid_search,pricing,False
S2_01275,U4561,2024-02-13,2,desktop,social,homepage,False
S2_01276,U9168,2024-02-14,2,mobile,social,homepage,False
S2_01277,U67,2024-02-17,2,mobile,organic,product,False
S2_01278,U8612,2024-02-18,2,mobile,organic,pricing,False
S2_01279,U8785,2024-02-15,2,mobile,organic,homepage,False
S2_01280,U8416,2024-02-12,2,tablet,organic,homepage,False
S2_01281,U7037,2024-02-14,2,desktop,direct,pricing,False
S2_01282,U1987,2024-02-13,2,desktop,social,product,False
S2_01283,U6083,2024-02-13,2,desktop,paid_search,homepage,False
S2_01284,U3442,2024-02-14,2,mobile,organic,product,False
S2_01285,U1368,2024-02-17,2,mobile,organic,product,False
S2_01286,U9695,2024-02-18,2,desktop,organic,pricing,False
S2_01287,U2195,2024-02-17,2,mobile,direct,product,False
S2_01288,U2751,2024-02-17,2,mobile,paid_search,homepage,False
S2_01289,U9457,2024-02-15,2,mobile,organic,pricing,False
S2_01290,U4621,2024-02-12,2,mobile,organic,pricing,False
S2_01291,U1290,2024-02-12,2,desktop,social,pricing,False
S2_01292,U4809,2024-02-12,2,mobile,organic,product,False
S2_01293,U7019,2024-02-18,2,desktop,organic,pricing,False
S2_01294,U7048,2024-02-18,2,desktop,social,homepage,False
S2_01295,U2323,2024-02-16,2,desktop,paid_search,pricing,False
S2_01296,U3809,2024-02-18,2,mobile,organic,homepage,False
S2_01297,U9900,2024-02-15,2,desktop,social,product,False
S2_01298,U5479,2024-02-18,2,desktop,social,product,False
S2_01299,U8357,2024-02-18,2,desktop,paid_search,pricing,False
S2_01300,U7771,2024-02-13,2,mobile,paid_search,homepage,True
S2_01301,U4404,2024-02-12,2,mobile,organic,homepage,False
S2_01302,U7318,2024-02-15,2,desktop,organic,homepage,False
S2_01303,U7490,2024-02-14,2,tablet,paid_search,homepage,False
S2_01304,U9126,2024-02-14,2,mobile,social,homepage,False
S2_01305,U329,2024-02-16,2,mobile,direct,homepage,False
S2_01306,U4554,2024-02-18,2,mobile,organic,homepage,False
S2_01307,U1099,2024-02-16,2,mobile,paid_search,homepage,False
S2_01308,U1001,2024-02-16,2,mobile,social,product,False
S2_01309,U8157,2024-02-18,2,desktop,paid_search,product,False
S2_01310,U761,2024-02-14,2,mobile,paid_search,pricing,False
S2_01311,U2196,2024-02-12,2,desktop,paid_search,product,False
S2_01312,U6626,2024-02-16,2,mobile,paid_search,pricing,False
S2_01313,U4056,2024-02-12,2,desktop,social,product,False
S2_01314,U2646,2024-02-12,2,mobile,organic,homepage,False
S2_01315,U6942,2024-02-15,2,desktop,paid_search,pricing,False
S2_01316,U4705,2024-02-14,2,mobile,organic,product,False
S2_01317,U8823,2024-02-18,2,mobile,paid_search,pricing,False
S2_01318,U6363,2024-02-12,2,mobile,paid_search,homepage,False
S2_01319,U4919,2024-02-12,2,mobile,paid_search,product,False
S2_01320,U319,2024-02-17,2,desktop,social,product,False
S2_01321,U8959,2024-02-16,2,mobile,social,pricing,False
S2_01322,U1177,2024-02-13,2,desktop,organic,pricing,False
S2_01323,U834,2024-02-17,2,mobile,organic,homepage,False
S2_01324,U497,2024-02-18,2,desktop,organic,product,False
S2_01325,U1375,2024-02-14,2,desktop,social,product,False
S2_01326,U5376,2024-02-13,2,desktop,organic,product,False
S2_01327,U7728,2024-02-12,2,mobile,organic,product,False
S2_01328,U2265,2024-02-18,2,desktop,social,homepage,False
S2_01329,U5365,2024-02-16,2,mobile,organic,pricing,False
S2_01330,U2237,2024-02-17,2,mobile,organic,homepage,False
S2_01331,U8461,2024-02-18,2,desktop,direct,homepage,False
S2_01332,U2513,2024-02-13,2,mobile,paid_search,pricing,False
S2_01333,U677,2024-02-18,2,desktop,direct,homepage,False
S2_01334,U8611,2024-02-13,2,mobile,paid_search,pricing,False
S2_01335,U2234,2024-02-18,2,mobile,organic,pricing,False
S2_01336,U5360,2024-02-17,2,tablet,social,product,False
S2_01337,U7974,2024-02-18,2,mobile,organic,homepage,True
S2_01338,U8803,2024-02-13,2,desktop,organic,product,False
S2_01339,U8364,2024-02-15,2,desktop,organic,homepage,False
S2_01340,U7488,2024-02-15,2,desktop,organic,pricing,True
S2_01341,U437,2024-02-14,2,mobile,social,pricing,False
S2_01342,U5154,2024-02-18,2,mobile,paid_search,homepage,False
S2_01343,U415,2024-02-13,2,mobile,organic,homepage,False
S2_01344,U4838,2024-02-17,2,mobile,organic,homepage,False
S2_01345,U683,2024-02-18,2,desktop,social,product,True
S2_01346,U2550,2024-02-15,2,mobile,organic,pricing,False
S2_01347,U7834,2024-02-12,2,mobile,organic,pricing,False
S2_01348,U1041,2024-02-12,2,mobile,organic,pricing,False
S2_01349,U7021,2024-02-12,2,mobile,organic,pricing,True
S2_01350,U5397,2024-02-13,2,desktop,paid_search,homepage,False
S2_01351,U4,2024-02-12,2,mobile,organic,homepage,False
S2_01352,U4147,2024-02-17,2,tablet,organic,product,False
S2_01353,U831,2024-02-13,2,desktop,organic,product,False
S2_01354,U4052,2024-02-17,2,desktop,paid_search,pricing,False
S2_01355,U3152,2024-02-14,2,mobile,social,pricing,False
S2_01356,U7542,2024-02-18,2,tablet,direct,pricing,False
S2_01357,U6417,2024-02-15,2,desktop,organic,pricing,True
S2_01358,U9579,2024-02-18,2,mobile,direct,pricing,False
S2_01359,U9750,2024-02-16,2,mobile,organic,product,False
S2_01360,U3856,2024-02-14,2,mobile,paid_search,pricing,False
S2_01361,U2134,2024-02-14,2,mobile,paid_search,pricing,False
S2_01362,U8016,2024-02-14,2,desktop,social,homepage,False
S2_01363,U4616,2024-02-12,2,mobile,organic,homepage,False
S2_01364,U4310,2024-02-12,2,mobile,organic,product,True
S2_01365,U1713,2024-02-17,2,mobile,direct,product,False
S2_01366,U7645,2024-02-17,2,desktop,direct,product,False
S2_01367,U7748,2024-02-17,2,desktop,organic,homepage,False
S2_01368,U2766,2024-02-17,2,mobile,organic,homepage,False
S2_01369,U7386,2024-02-12,2,mobile,organic,homepage,False
S2_01370,U4339,2024-02-13,2,mobile,organic,pricing,False
S2_01371,U23,2024-02-17,2,desktop,organic,product,False
S2_01372,U6029,2024-02-13,2,mobile,paid_search,pricing,False
S2_01373,U343,2024-02-14,2,mobile,paid_search,homepage,False
S2_01374,U4250,2024-02-14,2,mobile,paid_search,homepage,False
S2_01375,U4472,2024-02-13,2,mobile,organic,pricing,True
S2_01376,U5695,2024-02-13,2,mobile,direct,pricing,False
S2_01377,U5106,2024-02-12,2,desktop,organic,pricing,False
S2_01378,U3898,2024-02-15,2,desktop,organic,homepage,False
S2_01379,U8812,2024-02-12,2,mobile,paid_search,product,False
S2_01380,U6486,2024-02-16,2,desktop,paid_search,product,False
S2_01381,U3949,2024-02-18,2,mobile,direct,homepage,False
S2_01382,U445,2024-02-15,2,mobile,paid_search,pricing,False
S2_01383,U9108,2024-02-13,2,mobile,organic,product,False
S2_01384,U9630,2024-02-12,2,desktop,organic,homepage,True
S2_01385,U7223,2024-02-14,2,desktop,social,product,False
S2_01386,U1581,2024-02-15,2,tablet,paid_search,homepage,False
S2_01387,U2580,2024-02-15,2,mobile,organic,homepage,False
S2_01388,U4185,2024-02-13,2,mobile,paid_search,product,False
S2_01389,U3766,2024-02-12,2,desktop,paid_search,product,False
S2_01390,U7642,2024-02-18,2,mobile,organic,pricing,False
S2_01391,U3463,2024-02-13,2,mobile,organic,homepage,False
S2_01392,U2144,2024-02-12,2,desktop,direct,pricing,False
S2_01393,U4621,2024-02-12,2,mobile,organic,homepage,False
S2_01394,U1222,2024-02-17,2,mobile,paid_search,product,False
S2_01395,U9726,2024-02-13,2,desktop,social,homepage,False
S2_01396,U9695,2024-02-13,2,mobile,organic,product,False
S2_01397,U3702,2024-02-13,2,desktop,social,pricing,False
S2_01398,U3567,2024-02-12,2,desktop,paid_search,homepage,False
S2_01399,U8361,2024-02-13,2,desktop,organic,product,False
S2_01400,U5935,2024-02-15,2,mobile,paid_search,product,True
S2_01401,U5848,2024-02-12,2,mobile,organic,product,True
S2_01402,U8568,2024-02-12,2,mobile,organic,pricing,False
S2_01403,U3947,2024-02-18,2,desktop,organic,pricing,False
S2_01404,U7238,2024-02-14,2,mobile,paid_search,pricing,False
S2_01405,U1473,2024-02-16,2,mobile,paid_search,product,True
S2_01406,U1633,2024-02-16,2,mobile,social,product,False
S2_01407,U1348,2024-02-14,2,mobile,paid_search,product,False
S2_01408,U1123,2024-02-15,2,desktop,organic,pricing,True
S2_01409,U9693,2024-02-16,2,mobile,organic,product,False
S2_01410,U4287,2024-02-17,2,mobile,organic,pricing,False
S2_01411,U531,2024-02-12,2,mobile,organic,homepage,False
S2_01412,U4261,2024-02-12,2,mobile,paid_search,pricing,False
S2_01413,U5246,2024-02-15,2,desktop,paid_search,pricing,False
S2_01414,U3138,2024-02-13,2,mobile,organic,pricing,False
S2_01415,U3676,2024-02-12,2,desktop,paid_search,homepage,False
S2_01416,U501,2024-02-18,2,mobile,social,product,False
S2_01417,U3262,2024-02-18,2,mobile,social,product,False
S2_01418,U7453,2024-02-12,2,mobile,paid_search,homepage,False
S2_01419,U264,2024-02-13,2,mobile,social,product,False
S2_01420,U232,2024-02-17,2,desktop,organic,homepage,False
S2_01421,U6609,2024-02-18,2,mobile,paid_search,homepage,False
S2_01422,U9426,2024-02-13,2,desktop,direct,pricing,False
S2_01423,U8871,2024-02-15,2,tablet,paid_search,product,False
S2_01424,U8674,2024-02-13,2,desktop,organic,pricing,False
S2_01425,U9708,2024-02-14,2,desktop,social,product,False
S2_01426,U5900,2024-02-17,2,mobile,organic,product,False
S2_01427,U1063,2024-02-16,2,tablet,organic,pricing,False
S2_01428,U520,2024-02-17,2,mobile,social,pricing,False
S2_01429,U3402,2024-02-13,2,mobile,social,homepage,False
S2_01430,U6943,2024-02-12,2,desktop,direct,product,True
S2_01431,U2633,2024-02-14,2,mobile,social,pricing,False
S2_01432,U1517,2024-02-17,2,mobile,paid_search,pricing,False
S2_01433,U444,2024-02-18,2,desktop,direct,homepage,True
S2_01434,U464,2024-02-17,2,mobile,paid_search,product,False
S2_01435,U5131,2024-02-16,2,mobile,direct,pricing,True
S2_01436,U9355,2024-02-13,2,desktop,organic,homepage,True
S2_01437,U5491,2024-02-13,2,mobile,social,product,False
S2_01438,U453,2024-02-13,2,mobile,social,pricing,False
S2_01439,U9107,2024-02-14,2,desktop,paid_search,pricing,False
S2_01440,U7732,2024-02-13,2,tablet,organic,pricing,False
S2_01441,U9198,2024-02-14,2,desktop,social,product,False
S2_01442,U6620,2024-02-16,2,mobile,organic,pricing,False
S2_01443,U5096,2024-02-13,2,mobile,organic,homepage,False
S2_01444,U3427,2024-02-14,2,desktop,organic,homepage,False
S2_01445,U2355,2024-02-14,2,desktop,paid_search,product,False
S2_01446,U7271,2024-02-14,2,desktop,organic,product,False
S2_01447,U1873,2024-02-15,2,desktop,social,homepage,False
S2_01448,U7496,2024-02-17,2,tablet,organic,homepage,False
S2_01449,U5956,2024-02-12,2,mobile,organic,pricing,False
S2_01450,U7898,2024-02-18,2,desktop,organic,product,False
S2_01451,U2900,2024-02-16,2,mobile,organic,pricing,False
S2_01452,U4542,2024-02-14,2,desktop,paid_search,product,False
S2_01453,U5212,2024-02-16,2,mobile,social,product,False
S2_01454,U8533,2024-02-12,2,desktop,organic,product,False
S2_01455,U3745,2024-02-18,2,desktop,paid_search,pricing,True
S2_01456,U866,2024-02-13,2,mobile,paid_search,homepage,False
S2_01457,U5629,2024-02-16,2,mobile,organic,pricing,False
S2_01458,U9028,2024-02-16,2,desktop,paid_search,homepage,True
S2_01459,U2654,2024-02-13,2,mobile,direct,pricing,False
S2_01460,U240,2024-02-15,2,mobile,organic,product,False
S2_01461,U8175,2024-02-12,2,desktop,organic,pricing,False
S2_01462,U3352,2024-02-16,2,tablet,organic,pricing,False
S2_01463,U4682,2024-02-18,2,mobile,social,product,False
S2_01464,U7584,2024-02-17,2,desktop,social,homepage,False
S2_01465,U4143,2024-02-16,2,mobile,social,product,False
S2_01466,U2913,2024-02-16,2,mobile,paid_search,product,False
S2_01467,U8934,2024-02-16,2,mobile,direct,pricing,False
S2_01468,U3893,2024-02-17,2,desktop,social,homepage,False
S2_01469,U9593,2024-02-15,2,desktop,organic,pricing,False
S2_01470,U1446,2024-02-16,2,mobile,organic,product,False
S2_01471,U4875,2024-02-16,2,mobile,organic,pricing,False
S2_01472,U8584,2024-02-15,2,mobile,organic,product,False
S2_01473,U9998,2024-02-15,2,desktop,organic,homepage,False
S2_01474,U2100,2024-02-13,2,mobile,organic,product,False
S2_01475,U6779,2024-02-12,2,desktop,paid_search,pricing,False
S2_01476,U4442,2024-02-13,2,mobile,paid_search,product,True
S2_01477,U7490,2024-02-16,2,mobile,social,product,False
S2_01478,U7121,2024-02-18,2,mobile,social,product,False
S2_01479,U6918,2024-02-18,2,mobile,paid_search,homepage,False
S2_01480,U1964,2024-02-14,2,mobile,organic,homepage,False
S2_01481,U3634,2024-02-13,2,mobile,organic,pricing,False
S2_01482,U4772,2024-02-13,2,desktop,social,pricing,True
S2_01483,U3889,2024-02-13,2,desktop,paid_search,homepage,False
S2_01484,U5710,2024-02-16,2,mobile,organic,pricing,False
S2_01485,U7577,2024-02-14,2,mobile,paid_search,product,False
S2_01486,U7632,2024-02-18,2,desktop,social,product,False
S2_01487,U2028,2024-02-17,2,mobile,paid_search,pricing,False
S2_01488,U1754,2024-02-14,2,tablet,social,homepage,False
S2_01489,U6837,2024-02-15,2,desktop,organic,homepage,True
S2_01490,U4958,2024-02-16,2,mobile,social,homepage,False
S2_01491,U6257,2024-02-13,2,mobile,organic,pricing,False
S2_01492,U6807,2024-02-13,2,mobile,organic,pricing,False
S2_01493,U7263,2024-02-14,2,mobile,paid_search,homepage,False
S2_01494,U351,2024-02-13,2,desktop,social,homepage,False
S2_01495,U7616,2024-02-13,2,desktop,organic,homepage,False
S2_01496,U7326,2024-02-15,2,desktop,paid_search,homepage,True
S2_01497,U9944,2024-02-12,2,mobile,paid_search,homepage,False
S2_01498,U2308,2024-02-14,2,mobile,organic,product,False
S2_01499,U7131,2024-02-18,2,desktop,paid_search,homepage,False
S2_01500,U8182,2024-02-12,2,mobile,social,pricing,False
S2_01501,U9157,2024-02-15,2,mobile,direct,homepage,False
S2_01502,U2843,2024-02-18,2,mobile,social,homepage,False
S2_01503,U9098,2024-02-14,2,mobile,social,homepage,False
S2_01504,U3219,2024-02-14,2,desktop,organic,homepage,False
S2_01505,U5346,2024-02-18,2,mobile,paid_search,pricing,False
S2_01506,U8170,2024-02-16,2,desktop,direct,product,False
S2_01507,U6262,2024-02-14,2,mobile,organic,homepage,False
S2_01508,U4471,2024-02-12,2,mobile,paid_search,homepage,False
S2_01509,U9365,2024-02-17,2,mobile,organic,homepage,False
S2_01510,U7854,2024-02-12,2,desktop,organic,product,False
S2_01511,U348,2024-02-18,2,mobile,organic,homepage,False
S2_01512,U4807,2024-02-15,2,mobile,social,homepage,True
S2_01513,U5777,2024-02-16,2,mobile,paid_search,product,False
S2_01514,U6643,2024-02-12,2,desktop,organic,pricing,False
S2_01515,U8803,2024-02-17,2,mobile,direct,pricing,False
S2_01516,U7169,2024-02-15,2,mobile,paid_search,pricing,True
S2_01517,U6625,2024-02-17,2,mobile,organic,pricing,False
S2_01518,U6435,2024-02-18,2,desktop,paid_search,pricing,False
S2_01519,U7132,2024-02-17,2,mobile,paid_search,pricing,False
S2_01520,U5960,2024-02-15,2,mobile,organic,product,False
S2_01521,U1824,2024-02-17,2,mobile,organic,pricing,False
S2_01522,U8222,2024-02-12,2,mobile,paid_search,pricing,True
S2_01523,U2686,2024-02-16,2,mobile,organic,pricing,False
S2_01524,U1404,2024-02-12,2,tablet,social,homepage,False
S2_01525,U747,2024-02-15,2,mobile,paid_search,pricing,False
S2_01526,U9507,2024-02-15,2,mobile,organic,pricing,False
S2_01527,U249,2024-02-16,2,desktop,organic,product,False
S2_01528,U9786,2024-02-13,2,mobile,social,homepage,False
S2_01529,U7597,2024-02-13,2,desktop,social,homepage,True
S2_01530,U7135,2024-02-18,2,mobile,paid_search,homepage,False
S2_01531,U7571,2024-02-17,2,mobile,paid_search,pricing,False
S2_01532,U3501,2024-02-17,2,mobile,organic,product,False
S2_01533,U790,2024-02-17,2,mobile,social,pricing,False
S2_01534,U4478,2024-02-13,2,desktop,social,homepage,False
S2_01535,U6183,2024-02-18,2,mobile,social,pricing,True
S2_01536,U6725,2024-02-15,2,mobile,social,product,False
S2_01537,U292,2024-02-14,2,mobile,organic,pricing,False
S2_01538,U1392,2024-02-17,2,desktop,organic,homepage,False
S2_01539,U6645,2024-02-16,2,desktop,social,homepage,True
S2_01540,U1115,2024-02-12,2,desktop,organic,product,True
S2_01541,U5868,2024-02-18,2,desktop,paid_search,product,False
S2_01542,U8160,2024-02-14,2,desktop,paid_search,homepage,False
S2_01543,U7275,2024-02-17,2,mobile,direct,homepage,False
S2_01544,U5315,2024-02-13,2,mobile,paid_search,pricing,False
S2_01545,U8423,2024-02-16,2,desktop,organic,homepage,True
S2_01546,U7365,2024-02-13,2,mobile,direct,homepage,False
S2_01547,U9151,2024-02-18,2,mobile,paid_search,homepage,False
S2_01548,U2398,2024-02-12,2,mobile,direct,product,False
S2_01549,U8654,2024-02-14,2,desktop,organic,homepage,False
S2_01550,U5529,2024-02-14,2,mobile,organic,homepage,False
S2_01551,U2665,2024-02-12,2,mobile,organic,product,False
S2_01552,U3848,2024-02-14,2,mobile,social,pricing,False
S2_01553,U1572,2024-02-13,2,mobile,organic,homepage,False
S2_01554,U8762,2024-02-17,2,mobile,paid_search,pricing,False
S2_01555,U1137,2024-02-14,2,mobile,social,product,False
S2_01556,U2134,2024-02-14,2,mobile,organic,homepage,False
S2_01557,U411,2024-02-15,2,mobile,organic,homepage,False
S2_01558,U7002,2024-02-18,2,desktop,paid_search,pricing,False
S2_01559,U6442,2024-02-13,2,mobile,organic,product,False
S2_01560,U1012,2024-02-14,2,desktop,organic,homepage,False
S2_01561,U1710,2024-02-16,2,desktop,paid_search,homepage,False
S2_01562,U4045,2024-02-12,2,desktop,paid_search,pricing,False
S2_01563,U3248,2024-02-16,2,desktop,direct,product,False
S2_01564,U5446,2024-02-17,2,desktop,organic,product,False
S2_01565,U8914,2024-02-18,2,mobile,paid_search,pricing,False
S2_01566,U2933,2024-02-12,2,mobile,direct,pricing,False
S2_01567,U784,2024-02-17,2,mobile,direct,homepage,False
S2_01568,U7175,2024-02-15,2,mobile,organic,homepage,False
S2_01569,U1926,2024-02-17,2,desktop,paid_search,pricing,True
S2_01570,U9226,2024-02-16,2,desktop,direct,product,False
S2_01571,U4031,2024-02-12,2,mobile,social,product,False
S2_01572,U1646,2024-02-12,2,mobile,organic,product,False
S2_01573,U7614,2024-02-13,2,mobile,direct,homepage,False
S2_01574,U6294,2024-02-12,2,mobile,paid_search,homepage,False
S2_01575,U5033,2024-02-17,2,mobile,organic,homepage,False
S2_01576,U7335,2024-02-15,2,desktop,paid_search,pricing,False
S2_01577,U6904,2024-02-16,2,mobile,organic,homepage,False
S2_01578,U6550,2024-02-13,2,desktop,direct,pricing,False
S2_01579,U7837,2024-02-15,2,desktop,organic,product,False
S2_01580,U42,2024-02-12,2,desktop,social,product,False
S2_01581,U6182,2024-02-13,2,mobile,paid_search,product,False
S2_01582,U2990,2024-02-17,2,mobile,organic,homepage,False
S2_01583,U1163,2024-02-13,2,mobile,direct,pricing,False
S2_01584,U2070,2024-02-14,2,desktop,organic,homepage,False
S2_01585,U1640,2024-02-12,2,mobile,social,product,False
S2_01586,U4151,2024-02-15,2,desktop,social,homepage,True
S2_01587,U6602,2024-02-12,2,mobile,organic,pricing,False
S2_01588,U1435,2024-02-15,2,mobile,organic,pricing,False
S2_01589,U7626,2024-02-12,2,mobile,organic,homepage,False
S2_01590,U6541,2024-02-13,2,desktop,organic,homepage,True
S2_01591,U3156,2024-02-13,2,desktop,social,homepage,True
S2_01592,U5164,2024-02-12,2,mobile,organic,homepage,True
S2_01593,U5189,2024-02-18,2,mobile,organic,pricing,False
S2_01594,U8725,2024-02-14,2,desktop,organic,homepage,False
S2_01595,U9675,2024-02-13,2,desktop,paid_search,pricing,False
S2_01596,U1010,2024-02-13,2,mobile,paid_search,product,False
S2_01597,U4405,2024-02-14,2,mobile,social,pricing,False
S2_01598,U7984,2024-02-14,2,desktop,organic,homepage,False
S2_01599,U6177,2024-02-14,2,tablet,direct,product,True
S2_01600,U2316,2024-02-18,2,mobile,organic,pricing,False
S2_01601,U5977,2024-02-13,2,desktop,social,homepage,False
S2_01602,U8489,2024-02-13,2,mobile,paid_search,pricing,False
S2_01603,U3487,2024-02-13,2,mobile,organic,product,False
S2_01604,U6989,2024-02-14,2,mobile,paid_search,product,False
S2_01605,U585,2024-02-14,2,mobile,social,product,False
S2_01606,U4191,2024-02-16,2,mobile,organic,product,False
S2_01607,U9497,2024-02-13,2,mobile,organic,homepage,False
S2_01608,U6429,2024-02-16,2,desktop,social,pricing,False
S2_01609,U8970,2024-02-15,2,desktop,organic,pricing,False
S2_01610,U914,2024-02-15,2,desktop,direct,pricing,False
S2_01611,U3480,2024-02-17,2,mobile,paid_search,homepage,False
S2_01612,U1538,2024-02-15,2,mobile,paid_search,product,False
S2_01613,U7671,2024-02-14,2,desktop,social,product,False
S2_01614,U1165,2024-02-13,2,mobile,organic,homepage,False
S2_01615,U377,2024-02-16,2,desktop,organic,homepage,True
S2_01616,U4028,2024-02-18,2,desktop,direct,product,False
S2_01617,U7647,2024-02-16,2,mobile,paid_search,pricing,False
S2_01618,U9486,2024-02-16,2,desktop,social,homepage,True
S2_01619,U5506,2024-02-15,2,desktop,social,product,False
S2_01620,U3632,2024-02-12,2,mobile,organic,homepage,False
S2_01621,U8496,2024-02-14,2,mobile,social,product,False
S2_01622,U204,2024-02-12,2,desktop,paid_search,product,False
S2_01623,U6716,2024-02-13,2,desktop,direct,pricing,False
S2_01624,U8321,2024-02-18,2,desktop,organic,product,False
S2_01625,U6066,2024-02-14,2,mobile,direct,pricing,False
S2_01626,U985,2024-02-15,2,mobile,social,product,False
S2_01627,U8916,2024-02-16,2,tablet,paid_search,pricing,False
S2_01628,U2005,2024-02-18,2,mobile,direct,homepage,False
S2_01629,U7625,2024-02-17,2,mobile,organic,pricing,False
S2_01630,U4297,2024-02-14,2,mobile,social,homepage,False
S2_01631,U6439,2024-02-15,2,desktop,paid_search,pricing,False
S2_01632,U8607,2024-02-12,2,desktop,organic,product,True
S2_01633,U4021,2024-02-18,2,desktop,organic,homepage,True
S2_01634,U8910,2024-02-12,2,desktop,organic,product,False
S2_01635,U9763,2024-02-15,2,desktop,organic,pricing,False
S2_01636,U2753,2024-02-13,2,mobile,paid_search,homepage,False
S2_01637,U1650,2024-02-14,2,mobile,organic,pricing,True
S2_01638,U5563,2024-02-17,2,mobile,organic,homepage,False
S2_01639,U2272,2024-02-18,2,mobile,organic,pricing,False
S2_01640,U453,2024-02-12,2,mobile,direct,product,False
S2_01641,U9737,2024-02-17,2,mobile,organic,homepage,False
S2_01642,U1578,2024-02-15,2,desktop,paid_search,product,False
S2_01643,U5623,2024-02-18,2,desktop,social,pricing,False
S2_01644,U1882,2024-02-18,2,mobile,social,homepage,False
S2_01645,U8665,2024-02-16,2,mobile,paid_search,homepage,False
S2_01646,U5853,2024-02-18,2,mobile,direct,product,False
S2_01647,U9905,2024-02-12,2,mobile,paid_search,homepage,False
S2_01648,U2584,2024-02-16,2,mobile,direct,homepage,False
S2_01649,U7576,2024-02-16,2,mobile,paid_search,product,False
S2_01650,U6199,2024-02-18,2,desktop,organic,pricing,False
S2_01651,U7619,2024-02-14,2,tablet,social,product,False
S2_01652,U8188,2024-02-15,2,mobile,paid_search,product,False
S2_01653,U4411,2024-02-17,2,mobile,social,product,False
S2_01654,U3885,2024-02-14,2,mobile,social,homepage,False
S2_01655,U8340,2024-02-16,2,mobile,organic,pricing,False
S2_01656,U4547,2024-02-12,2,mobile,organic,product,False
S2_01657,U2992,2024-02-16,2,mobile,paid_search,product,False
S2_01658,U9292,2024-02-15,2,desktop,paid_search,homepage,False
S2_01659,U1462,2024-02-12,2,desktop,social,product,False
S2_01660,U540,2024-02-14,2,desktop,paid_search,pricing,False
S2_01661,U2939,2024-02-17,2,desktop,social,pricing,False
S2_01662,U908,2024-02-15,2,mobile,direct,pricing,False
S2_01663,U7522,2024-02-15,2,mobile,paid_search,product,False
S2_01664,U3498,2024-02-17,2,desktop,direct,pricing,False
S2_01665,U7860,2024-02-15,2,desktop,paid_search,pricing,True
S2_01666,U5543,2024-02-18,2,mobile,organic,pricing,False
S2_01667,U6403,2024-02-12,2,mobile,paid_search,product,False
S2_01668,U982,2024-02-17,2,mobile,paid_search,pricing,False
S2_01669,U9911,2024-02-14,2,mobile,social,homepage,False
S2_01670,U3544,2024-02-13,2,mobile,direct,product,False
S2_01671,U4715,2024-02-16,2,desktop,organic,pricing,False
S2_01672,U6001,2024-02-16,2,mobile,paid_search,homepage,False
S2_01673,U5709,2024-02-18,2,desktop,paid_search,pricing,True
S2_01674,U7320,2024-02-17,2,desktop,organic,homepage,False
S2_01675,U9096,2024-02-18,2,desktop,organic,pricing,False
S2_01676,U7683,2024-02-15,2,desktop,organic,pricing,True
S2_01677,U6686,2024-02-13,2,mobile,organic,pricing,False
S2_01678,U1805,2024-02-18,2,mobile,social,pricing,False
S2_01679,U6006,2024-02-12,2,mobile,paid_search,product,False
S2_01680,U2743,2024-02-17,2,mobile,organic,pricing,False
S2_01681,U4897,2024-02-14,2,mobile,organic,pricing,False
S2_01682,U1420,2024-02-14,2,desktop,organic,homepage,False
S2_01683,U7396,2024-02-18,2,desktop,direct,homepage,True
S2_01684,U9911,2024-02-17,2,mobile,paid_search,product,False
S2_01685,U5742,2024-02-15,2,mobile,organic,pricing,False
S2_01686,U8567,2024-02-12,2,mobile,organic,product,False
S2_01687,U2265,2024-02-15,2,mobile,organic,product,False
S2_01688,U3959,2024-02-13,2,mobile,paid_search,product,False
S2_01689,U5578,2024-02-13,2,desktop,paid_search,product,True
S2_01690,U9447,2024-02-15,2,desktop,direct,pricing,False
S2_01691,U8099,2024-02-18,2,desktop,organic,homepage,False
S2_01692,U6876,2024-02-12,2,mobile,paid_search,product,False
S2_01693,U6286,2024-02-18,2,desktop,social,pricing,False
S2_01694,U1291,2024-02-12,2,mobile,social,pricing,False
S2_01695,U5014,2024-02-12,2,desktop,direct,pricing,False
S2_01696,U2740,2024-02-14,2,mobile,paid_search,homepage,False
S2_01697,U1442,2024-02-14,2,desktop,paid_search,homepage,False
S2_01698,U5875,2024-02-12,2,mobile,direct,pricing,False
S2_01699,U6044,2024-02-16,2,mobile,paid_search,product,False
S2_01700,U9316,2024-02-18,2,desktop,paid_search,product,False
S2_01701,U5916,2024-02-15,2,desktop,paid_search,homepage,False
S2_01702,U7330,2024-02-15,2,mobile,paid_search,product,False
S2_01703,U423,2024-02-12,2,mobile,organic,homepage,False
S2_01704,U8821,2024-02-13,2,desktop,paid_search,pricing,False
S2_01705,U7674,2024-02-17,2,mobile,paid_search,homepage,False
S2_01706,U7651,2024-02-15,2,mobile,paid_search,pricing,False
S2_01707,U1909,2024-02-12,2,mobile,direct,pricing,False
S2_01708,U3038,2024-02-17,2,mobile,organic,homepage,False
S2_01709,U9942,2024-02-14,2,mobile,organic,homepage,False
S2_01710,U758,2024-02-16,2,mobile,social,pricing,False
S2_01711,U2123,2024-02-17,2,mobile,paid_search,pricing,False
S2_01712,U8142,2024-02-14,2,desktop,organic,product,False
S2_01713,U2672,2024-02-12,2,mobile,direct,pricing,False
S2_01714,U35,2024-02-13,2,mobile,organic,pricing,False
S2_01715,U9022,2024-02-14,2,tablet,paid_search,homepage,False
S2_01716,U3365,2024-02-12,2,mobile,social,product,False
S2_01717,U5498,2024-02-18,2,tablet,organic,homepage,False
S2_01718,U4506,2024-02-16,2,mobile,social,homepage,False
S2_01719,U6936,2024-02-15,2,mobile,paid_search,pricing,False
S2_01720,U4899,2024-02-16,2,mobile,organic,product,True
S2_01721,U7976,2024-02-18,2,mobile,organic,product,False
S2_01722,U9458,2024-02-12,2,mobile,direct,product,False
S2_01723,U3561,2024-02-12,2,desktop,organic,homepage,False
S2_01724,U1105,2024-02-14,2,mobile,direct,pricing,False
S2_01725,U3051,2024-02-13,2,desktop,paid_search,product,False
S2_01726,U2613,2024-02-15,2,mobile,direct,product,False
S2_01727,U9451,2024-02-16,2,mobile,direct,pricing,False
S2_01728,U5471,2024-02-16,2,mobile,paid_search,pricing,False
S2_01729,U6572,2024-02-15,2,desktop,organic,pricing,True
S2_01730,U8260,2024-02-13,2,desktop,paid_search,product,False
S2_01731,U8154,2024-02-18,2,mobile,organic,homepage,False
S2_01732,U8402,2024-02-17,2,mobile,direct,product,False
S2_01733,U6230,2024-02-18,2,mobile,organic,pricing,False
S2_01734,U2602,2024-02-18,2,mobile,organic,product,False
S2_01735,U5606,2024-02-18,2,mobile,paid_search,homepage,False
S2_01736,U7287,2024-02-12,2,mobile,social,pricing,False
S2_01737,U7540,2024-02-13,2,desktop,paid_search,homepage,True
S2_01738,U7433,2024-02-14,2,mobile,organic,homepage,True
S2_01739,U6049,2024-02-12,2,mobile,organic,homepage,False
S2_01740,U3497,2024-02-16,2,mobile,paid_search,product,False
S2_01741,U2480,2024-02-12,2,desktop,paid_search,pricing,False
S2_01742,U4405,2024-02-16,2,desktop,paid_search,pricing,False
S2_01743,U2841,2024-02-14,2,mobile,direct,homepage,False
S2_01744,U5008,2024-02-13,2,mobile,organic,homepage,False
S2_01745,U7559,2024-02-14,2,desktop,social,product,False
S2_01746,U686,2024-02-15,2,desktop,paid_search,homepage,False
S2_01747,U2328,2024-02-17,2,desktop,paid_search,product,True
S2_01748,U9636,2024-02-12,2,mobile,organic,pricing,False
S2_01749,U7400,2024-02-12,2,mobile,organic,pricing,True
S2_01750,U3079,2024-02-14,2,mobile,organic,product,False
S2_01751,U876,2024-02-16,2,desktop,paid_search,homepage,True
S2_01752,U7849,2024-02-12,2,mobile,paid_search,product,False
S2_01753,U8482,2024-02-13,2,mobile,paid_search,homepage,False
S2_01754,U1706,2024-02-18,2,mobile,paid_search,homepage,False
S2_01755,U6125,2024-02-15,2,mobile,organic,homepage,False
S2_01756,U6446,2024-02-17,2,desktop,social,homepage,False
S2_01757,U4491,2024-02-15,2,mobile,direct,pricing,False
S2_01758,U8549,2024-02-14,2,desktop,paid_search,product,False
S2_01759,U6365,2024-02-17,2,mobile,organic,product,False
S2_01760,U1786,2024-02-12,2,desktop,organic,pricing,True
S2_01761,U3444,2024-02-16,2,mobile,organic,homepage,False
S2_01762,U6812,2024-02-13,2,mobile,social,product,False
S2_01763,U2688,2024-02-15,2,mobile,paid_search,product,False
S2_01764,U5064,2024-02-15,2,desktop,paid_search,product,False
S2_01765,U4594,2024-02-15,2,mobile,organic,product,False
S2_01766,U1435,2024-02-12,2,mobile,organic,homepage,False
S2_01767,U3844,2024-02-15,2,desktop,paid_search,homepage,False
S2_01768,U2386,2024-02-18,2,desktop,social,homepage,False
S2_01769,U1763,2024-02-13,2,desktop,paid_search,homepage,False
S2_01770,U939,2024-02-13,2,desktop,organic,homepage,False
S2_01771,U5055,2024-02-16,2,mobile,organic,pricing,False
S2_01772,U249,2024-02-16,2,desktop,social,homepage,False
S2_01773,U7266,2024-02-18,2,mobile,social,homepage,False
S2_01774,U8137,2024-02-14,2,desktop,direct,product,False
S2_01775,U520,2024-02-15,2,desktop,social,product,False
S2_01776,U7895,2024-02-16,2,mobile,social,homepage,True
S2_01777,U4793,2024-02-17,2,mobile,paid_search,homepage,False
S2_01778,U1320,2024-02-18,2,mobile,organic,homepage,False
S2_01779,U4044,2024-02-12,2,mobile,organic,product,False
S2_01780,U4622,2024-02-18,2,mobile,paid_search,product,False
S2_01781,U1159,2024-02-16,2,mobile,organic,product,False
S2_01782,U4647,2024-02-18,2,desktop,organic,homepage,False
S2_01783,U3969,2024-02-15,2,mobile,organic,pricing,False
S2_01784,U8072,2024-02-18,2,mobile,social,pricing,False
S2_01785,U3257,2024-02-18,2,desktop,social,homepage,False
S2_01786,U5397,2024-02-18,2,mobile,paid_search,pricing,False
S2_01787,U5520,2024-02-15,2,mobile,paid_search,product,False
S2_01788,U1377,2024-02-12,2,mobile,paid_search,product,False
S2_01789,U8758,2024-02-15,2,mobile,social,homepage,False
S2_01790,U1413,2024-02-15,2,desktop,paid_search,homepage,False
S2_01791,U1517,2024-02-16,2,mobile,direct,homepage,False
S2_01792,U6022,2024-02-17,2,mobile,organic,pricing,True
S2_01793,U7860,2024-02-16,2,desktop,organic,product,False
S2_01794,U5529,2024-02-15,2,mobile,social,homepage,False
S2_01795,U6863,2024-02-13,2,mobile,organic,pricing,False
S2_01796,U8227,2024-02-18,2,tablet,paid_search,product,False
S2_01797,U4455,2024-02-15,2,desktop,organic,homepage,False
S2_01798,U3827,2024-02-17,2,mobile,paid_search,homepage,False
S2_01799,U4026,2024-02-12,2,desktop,paid_search,pricing,False
S2_01800,U2648,2024-02-12,2,mobile,organic,product,False
S2_01801,U6068,2024-02-13,2,mobile,social,pricing,False
S2_01802,U2801,2024-02-12,2,mobile,paid_search,pricing,False
S2_01803,U2470,2024-02-17,2,mobile,organic,pricing,False
S2_01804,U3686,2024-02-13,2,desktop,social,homepage,False
S2_01805,U1733,2024-02-12,2,mobile,organic,homepage,False
S2_01806,U7838,2024-02-13,2,mobile,paid_search,homepage,False
S2_01807,U4780,2024-02-16,2,mobile,organic,product,False
S2_01808,U5782,2024-02-12,2,mobile,social,product,False
S2_01809,U2718,2024-02-15,2,tablet,paid_search,homepage,False
S2_01810,U5856,2024-02-18,2,desktop,organic,homepage,False
S2_01811,U7578,2024-02-14,2,desktop,organic,pricing,False
S2_01812,U8249,2024-02-17,2,tablet,organic,product,False
S2_01813,U4079,2024-02-15,2,desktop,social,pricing,False
S2_01814,U7620,2024-02-15,2,mobile,paid_search,homepage,False
S2_01815,U3932,2024-02-16,2,desktop,organic,product,False
S2_01816,U8347,2024-02-17,2,desktop,organic,homepage,False
S2_01817,U8058,2024-02-12,2,desktop,social,homepage,False
S2_01818,U9995,2024-02-16,2,desktop,organic,pricing,True
S2_01819,U2304,2024-02-17,2,mobile,organic,pricing,False
S2_01820,U2842,2024-02-15,2,tablet,organic,homepage,False
S2_01821,U9442,2024-02-15,2,mobile,direct,product,False
S2_01822,U1473,2024-02-12,2,desktop,organic,homepage,False
S2_01823,U5112,2024-02-14,2,mobile,organic,pricing,False
S2_01824,U2297,2024-02-15,2,mobile,organic,homepage,False
S2_01825,U2015,2024-02-14,2,mobile,paid_search,product,False
S2_01826,U2688,2024-02-14,2,mobile,direct,product,False
S2_01827,U7912,2024-02-12,2,mobile,social,homepage,False
S2_01828,U4741,2024-02-17,2,mobile,organic,homepage,False
S2_01829,U3528,2024-02-13,2,mobile,organic,homepage,False
S2_01830,U701,2024-02-15,2,mobile,paid_search,product,False
S2_01831,U3058,2024-02-16,2,mobile,paid_search,pricing,False
S2_01832,U9205,2024-02-16,2,mobile,paid_search,pricing,False
S2_01833,U4314,2024-02-15,2,mobile,social,pricing,False
S2_01834,U3536,2024-02-15,2,mobile,paid_search,product,False
S2_01835,U5688,2024-02-18,2,tablet,organic,homepage,False
S2_01836,U7749,2024-02-18,2,mobile,paid_search,product,False
S2_01837,U9743,2024-02-16,2,mobile,organic,product,False
S2_01838,U1550,2024-02-13,2,desktop,paid_search,homepage,False
S2_01839,U2753,2024-02-16,2,mobile,social,pricing,False
S2_01840,U1427,2024-02-14,2,mobile,organic,homepage,False
S2_01841,U8217,2024-02-12,2,desktop,organic,product,False
S2_01842,U9776,2024-02-18,2,mobile,direct,product,False
S2_01843,U4076,2024-02-14,2,desktop,direct,homepage,False
S2_01844,U6018,2024-02-18,2,mobile,organic,pricing,False
S2_01845,U6705,2024-02-16,2,mobile,paid_search,product,False
S2_01846,U7192,2024-02-12,2,desktop,social,homepage,False
S2_01847,U1544,2024-02-14,2,desktop,paid_search,product,False
S2_01848,U2051,2024-02-13,2,mobile,organic,product,False
S2_01849,U8834,2024-02-12,2,mobile,organic,pricing,True
S2_01850,U5315,2024-02-14,2,mobile,paid_search,homepage,False
S2_01851,U1825,2024-02-16,2,desktop,social,homepage,False
S2_01852,U7416,2024-02-12,2,mobile,organic,homepage,False
S2_01853,U4689,2024-02-18,2,mobile,organic,product,False
S2_01854,U7264,2024-02-16,2,mobile,organic,homepage,False
S2_01855,U500,2024-02-14,2,mobile,organic,pricing,False
S2_01856,U732,2024-02-12,2,tablet,organic,homepage,False
S2_01857,U5928,2024-02-17,2,mobile,direct,product,False
S2_01858,U7648,2024-02-16,2,mobile,social,product,False
S2_01859,U80,2024-02-14,2,mobile,organic,pricing,False
S2_01860,U9348,2024-02-13,2,mobile,social,homepage,True
S2_01861,U582,2024-02-18,2,desktop,paid_search,pricing,False
S2_01862,U1994,2024-02-15,2,mobile,paid_search,homepage,False
S2_01863,U7371,2024-02-18,2,mobile,organic,product,False
S2_01864,U4124,2024-02-14,2,desktop,organic,product,True
S2_01865,U131,2024-02-12,2,desktop,paid_search,product,False
S2_01866,U3876,2024-02-13,2,mobile,direct,homepage,False
S2_01867,U2859,2024-02-14,2,mobile,paid_search,pricing,False
S2_01868,U8685,2024-02-13,2,mobile,organic,pricing,False
S2_01869,U9269,2024-02-17,2,tablet,direct,homepage,False
S2_01870,U9322,2024-02-15,2,desktop,social,product,False
S2_01871,U6114,2024-02-16,2,mobile,social,homepage,False
S2_01872,U8754,2024-02-15,2,desktop,direct,product,False
S2_01873,U8673,2024-02-12,2,mobile,direct,product,False
S2_01874,U2877,2024-02-15,2,desktop,organic,homepage,False
S2_01875,U2975,2024-02-13,2,mobile,direct,pricing,False
S2_01876,U3097,2024-02-17,2,mobile,organic,pricing,False
S2_01877,U4292,2024-02-15,2,mobile,social,homepage,False
S2_01878,U9110,2024-02-12,2,mobile,organic,product,False
S2_01879,U3146,2024-02-13,2,mobile,paid_search,pricing,False
S2_01880,U7334,2024-02-14,2,desktop,organic,homepage,False
S2_01881,U4054,2024-02-14,2,mobile,organic,product,False
S2_01882,U7801,2024-02-13,2,mobile,social,product,False
S2_01883,U6985,2024-02-15,2,mobile,organic,pricing,False
S2_01884,U1920,2024-02-18,2,mobile,paid_search,homepage,False
S2_01885,U6773,2024-02-18,2,desktop,organic,pricing,False
S2_01886,U3280,2024-02-18,2,desktop,direct,pricing,False
S2_01887,U8133,2024-02-13,2,mobile,organic,pricing,False
S2_01888,U8289,2024-02-16,2,desktop,organic,homepage,False
S2_01889,U9453,2024-02-12,2,desktop,organic,product,True
S2_01890,U2255,2024-02-12,2,tablet,social,pricing,True
S2_01891,U5750,2024-02-13,2,desktop,paid_search,homepage,False
S2_01892,U7472,2024-02-12,2,mobile,organic,pricing,False
S2_01893,U8768,2024-02-13,2,desktop,direct,homepage,True
S2_01894,U2679,2024-02-12,2,mobile,organic,pricing,False
S2_01895,U9253,2024-02-18,2,mobile,paid_search,product,False
S2_01896,U2966,2024-02-18,2,mobile,paid_search,product,False
S2_01897,U2266,2024-02-13,2,desktop,organic,product,False
S2_01898,U9216,2024-02-14,2,desktop,organic,pricing,True
S2_01899,U8168,2024-02-15,2,mobile,organic,product,False
S2_01900,U9940,2024-02-15,2,mobile,organic,pricing,False
S2_01901,U8614,2024-02-12,2,mobile,paid_search,homepage,False
S2_01902,U2902,2024-02-17,2,desktop,organic,homepage,False
S2_01903,U1929,2024-02-15,2,mobile,organic,pricing,False
S2_01904,U3547,2024-02-15,2,mobile,paid_search,pricing,False
S2_01905,U9339,2024-02-15,2,desktop,organic,product,False
S2_01906,U575,2024-02-15,2,mobile,organic,product,False
S2_01907,U6039,2024-02-15,2,mobile,paid_search,pricing,False
S2_01908,U2293,2024-02-16,2,desktop,paid_search,product,True
S2_01909,U6799,2024-02-15,2,tablet,paid_search,pricing,False
S2_01910,U5263,2024-02-12,2,desktop,organic,pricing,False
S2_01911,U6392,2024-02-16,2,mobile,social,product,False
S2_01912,U2535,2024-02-12,2,mobile,social,product,False
S2_01913,U2698,2024-02-13,2,desktop,social,pricing,False
S2_01914,U8128,2024-02-17,2,mobile,organic,pricing,False
S2_01915,U59,2024-02-13,2,desktop,paid_search,product,False
S2_01916,U9188,2024-02-14,2,mobile,paid_search,homepage,False
S2_01917,U580,2024-02-17,2,mobile,organic,pricing,False
S2_01918,U7813,2024-02-17,2,mobile,organic,pricing,False
S2_01919,U1820,2024-02-17,2,mobile,paid_search,homepage,False
S2_01920,U567,2024-02-18,2,desktop,organic,product,False
S2_01921,U3024,2024-02-13,2,desktop,paid_search,homepage,False
S2_01922,U9347,2024-02-16,2,desktop,organic,pricing,True
S2_01923,U6129,2024-02-15,2,mobile,organic,pricing,False
S2_01924,U2104,2024-02-13,2,desktop,organic,product,False
S2_01925,U6236,2024-02-13,2,mobile,paid_search,homepage,False
S2_01926,U63,2024-02-12,2,mobile,paid_search,homepage,False
S2_01927,U5582,2024-02-13,2,mobile,organic,homepage,False
S2_01928,U526,2024-02-15,2,desktop,organic,pricing,False
S2_01929,U1772,2024-02-12,2,desktop,direct,homepage,True
S2_01930,U1063,2024-02-13,2,desktop,organic,homepage,True
S2_01931,U6340,2024-02-17,2,mobile,paid_search,product,False
S2_01932,U2359,2024-02-18,2,mobile,organic,product,False
S2_01933,U8061,2024-02-16,2,mobile,social,homepage,False
S2_01934,U9531,2024-02-15,2,desktop,organic,homepage,False
S2_01935,U4483,2024-02-12,2,mobile,paid_search,homepage,False
S2_01936,U8731,2024-02-12,2,mobile,paid_search,product,False
S2_01937,U8957,2024-02-16,2,mobile,organic,product,False
S2_01938,U4567,2024-02-14,2,mobile,paid_search,homepage,False
S2_01939,U377,2024-02-18,2,mobile,social,pricing,False
S2_01940,U8398,2024-02-13,2,desktop,social,product,False
S2_01941,U6533,2024-02-13,2,desktop,paid_search,pricing,False
S2_01942,U3303,2024-02-14,2,mobile,organic,product,False
S2_01943,U4221,2024-02-12,2,mobile,organic,product,False
S2_01944,U868,2024-02-15,2,mobile,organic,homepage,False
S2_01945,U2623,2024-02-12,2,desktop,paid_search,pricing,False
S2_01946,U6694,2024-02-16,2,desktop,social,product,False
S2_01947,U6936,2024-02-13,2,mobile,organic,product,False
S2_01948,U5398,2024-02-16,2,mobile,paid_search,homepage,False
S2_01949,U4752,2024-02-13,2,desktop,paid_search,product,True
S2_01950,U6393,2024-02-12,2,mobile,organic,product,False
S2_01951,U8582,2024-02-15,2,desktop,organic,homepage,False
S2_01952,U975,2024-02-12,2,desktop,organic,product,False
S2_01953,U5397,2024-02-17,2,mobile,organic,product,False
S2_01954,U5274,2024-02-16,2,tablet,organic,homepage,False
S2_01955,U6122,2024-02-14,2,mobile,paid_search,pricing,False
S2_01956,U6934,2024-02-18,2,mobile,organic,homepage,False
S2_01957,U8394,2024-02-13,2,desktop,social,product,False
S2_01958,U2225,2024-02-13,2,mobile,organic,pricing,False
S2_01959,U9917,2024-02-17,2,desktop,organic,homepage,True
S2_01960,U2351,2024-02-12,2,mobile,social,pricing,False
S2_01961,U3899,2024-02-16,2,desktop,organic,pricing,True
S2_01962,U7158,2024-02-12,2,mobile,organic,product,False
S2_01963,U4284,2024-02-12,2,mobile,social,homepage,False
S2_01964,U5124,2024-02-15,2,tablet,paid_search,homepage,False
S2_01965,U3001,2024-02-15,2,mobile,organic,homepage,False
S2_01966,U6714,2024-02-16,2,desktop,paid_search,product,True
S2_01967,U2651,2024-02-12,2,desktop,direct,pricing,False
S2_01968,U1514,2024-02-14,2,mobile,organic,pricing,False
S2_01969,U4889,2024-02-13,2,mobile,paid_search,homepage,False
S2_01970,U1397,2024-02-14,2,mobile,social,homepage,False
S2_01971,U5650,2024-02-13,2,desktop,social,product,False
S2_01972,U7415,2024-02-18,2,desktop,social,homepage,False
S2_01973,U9931,2024-02-12,2,mobile,paid_search,product,False
S2_01974,U933,2024-02-18,2,mobile,organic,homepage,False
S2_01975,U7782,2024-02-13,2,mobile,organic,product,False
S2_01976,U9593,2024-02-15,2,mobile,social,homepage,False
S2_01977,U9311,2024-02-14,2,mobile,organic,homepage,False
S2_01978,U4726,2024-02-18,2,mobile,direct,homepage,False
S2_01979,U62,2024-02-18,2,mobile,direct,product,False
S2_01980,U922,2024-02-17,2,mobile,social,product,True
S2_01981,U1375,2024-02-14,2,mobile,organic,product,False
S2_01982,U6021,2024-02-17,2,desktop,direct,product,True
S2_01983,U2644,2024-02-16,2,mobile,organic,product,False
S2_01984,U7560,2024-02-14,2,mobile,organic,homepage,False
S2_01985,U9411,2024-02-13,2,mobile,organic,homepage,False
S2_01986,U4040,2024-02-14,2,desktop,direct,pricing,False
S2_01987,U515,2024-02-17,2,desktop,organic,homepage,False
S2_01988,U1730,2024-02-13,2,mobile,organic,pricing,False
S2_01989,U5913,2024-02-14,2,mobile,direct,pricing,False
S2_01990,U6142,2024-02-14,2,desktop,direct,homepage,False
S2_01991,U7251,2024-02-14,2,desktop,organic,homepage,False
S2_01992,U4523,2024-02-16,2,mobile,paid_search,pricing,False
S2_01993,U8268,2024-02-13,2,desktop,social,homepage,False
S2_01994,U9284,2024-02-13,2,desktop,organic,pricing,False
S2_01995,U6788,2024-02-17,2,desktop,paid_search,pricing,False
S2_01996,U8256,2024-02-16,2,mobile,organic,product,False
S2_01997,U2838,2024-02-15,2,tablet,organic,homepage,False
S2_01998,U9440,2024-02-12,2,desktop,social,product,False
S2_01999,U4629,2024-02-14,2,mobile,organic,product,False
S2_02000,U6900,2024-02-12,2,mobile,paid_search,product,False
S2_02001,U3413,2024-02-17,2,desktop,organic,homepage,False
S2_02002,U4388,2024-02-13,2,desktop,organic,pricing,False
S2_02003,U8201,2024-02-14,2,tablet,social,homepage,False
S2_02004,U7128,2024-02-12,2,mobile,social,homepage,False
S2_02005,U8193,2024-02-12,2,mobile,paid_search,product,False
S2_02006,U4587,2024-02-16,2,desktop,paid_search,homepage,False
S2_02007,U1030,2024-02-16,2,mobile,organic,product,False
S2_02008,U6956,2024-02-17,2,mobile,organic,product,False
S2_02009,U4764,2024-02-13,2,mobile,organic,product,False
S2_02010,U9876,2024-02-14,2,mobile,organic,homepage,False
S2_02011,U5808,2024-02-17,2,mobile,organic,homepage,False
S2_02012,U6331,2024-02-12,2,mobile,social,homepage,False
S2_02013,U926,2024-02-17,2,desktop,organic,homepage,True
S2_02014,U898,2024-02-16,2,mobile,organic,product,False
S2_02015,U3161,2024-02-13,2,desktop,organic,homepage,False
S2_02016,U1163,2024-02-17,2,desktop,paid_search,product,False
S2_02017,U7420,2024-02-15,2,mobile,paid_search,pricing,False
S2_02018,U5440,2024-02-14,2,desktop,paid_search,homepage,False
S2_02019,U2774,2024-02-14,2,mobile,paid_search,pricing,False
S2_02020,U3011,2024-02-18,2,mobile,social,homepage,False
S2_02021,U8160,2024-02-17,2,desktop,direct,pricing,False
S2_02022,U1595,2024-02-16,2,mobile,organic,pricing,False
S2_02023,U4942,2024-02-14,2,mobile,direct,product,False
S2_02024,U4095,2024-02-12,2,mobile,social,product,False
S2_02025,U8683,2024-02-14,2,mobile,paid_search,homepage,False
S2_02026,U1029,2024-02-12,2,desktop,organic,product,False
S2_02027,U5253,2024-02-12,2,desktop,paid_search,product,True
S2_02028,U6935,2024-02-15,2,desktop,organic,homepage,False
S2_02029,U5650,2024-02-15,2,desktop,direct,product,True
S2_02030,U3611,2024-02-12,2,mobile,organic,product,False
S2_02031,U6329,2024-02-16,2,desktop,organic,homepage,False
S2_02032,U7978,2024-02-12,2,mobile,organic,product,False
S2_02033,U4160,2024-02-13,2,desktop,direct,pricing,False
S2_02034,U7032,2024-02-14,2,desktop,social,homepage,False
S2_02035,U4520,2024-02-14,2,mobile,direct,product,False
S2_02036,U6324,2024-02-17,2,desktop,organic,product,False
S2_02037,U4901,2024-02-14,2,desktop,paid_search,product,True
S2_02038,U5663,2024-02-18,2,mobile,social,pricing,False
S2_02039,U2044,2024-02-14,2,desktop,organic,homepage,False
S2_02040,U2029,2024-02-15,2,desktop,paid_search,homepage,False
S2_02041,U6436,2024-02-13,2,mobile,organic,pricing,False
S2_02042,U3105,2024-02-12,2,mobile,direct,product,False
S2_02043,U6750,2024-02-15,2,desktop,direct,product,False
S2_02044,U6834,2024-02-12,2,mobile,social,homepage,False
S2_02045,U9035,2024-02-12,2,mobile,social,product,False
S2_02046,U7855,2024-02-12,2,desktop,paid_search,homepage,False
S2_02047,U5579,2024-02-13,2,mobile,social,pricing,False
S2_02048,U1461,2024-02-18,2,desktop,social,pricing,False
S2_02049,U3749,2024-02-13,2,mobile,organic,product,False
S2_02050,U605,2024-02-18,2,mobile,organic,homepage,False
S2_02051,U5365,2024-02-18,2,mobile,organic,product,False
S2_02052,U2628,2024-02-13,2,mobile,social,homepage,False
S2_02053,U2455,2024-02-15,2,mobile,organic,product,False
S2_02054,U3452,2024-02-17,2,desktop,social,homepage,False
S2_02055,U5978,2024-02-13,2,mobile,organic,homepage,False
S2_02056,U3904,2024-02-18,2,desktop,organic,homepage,False
S2_02057,U3162,2024-02-16,2,mobile,paid_search,pricing,False
S2_02058,U6365,2024-02-12,2,mobile,organic,pricing,False
S2_02059,U6178,2024-02-18,2,mobile,organic,homepage,False
S2_02060,U6251,2024-02-17,2,desktop,social,homepage,False
S2_02061,U9304,2024-02-12,2,mobile,social,homepage,False
S2_02062,U9711,2024-02-17,2,desktop,organic,homepage,False
S2_02063,U9193,2024-02-13,2,mobile,social,homepage,False
S2_02064,U4526,2024-02-14,2,desktop,organic,homepage,False
S2_02065,U9270,2024-02-18,2,desktop,organic,pricing,False
S2_02066,U551,2024-02-15,2,mobile,direct,homepage,False
S2_02067,U632,2024-02-18,2,mobile,social,homepage,False
S2_02068,U833,2024-02-18,2,mobile,paid_search,product,False
S2_02069,U2491,2024-02-12,2,mobile,paid_search,product,False
S2_02070,U2914,2024-02-14,2,mobile,paid_search,pricing,False
S2_02071,U2562,2024-02-17,2,desktop,paid_search,pricing,False
S2_02072,U1103,2024-02-13,2,mobile,paid_search,pricing,False
S2_02073,U3436,2024-02-16,2,mobile,paid_search,product,False
S2_02074,U5440,2024-02-15,2,mobile,organic,pricing,False
S2_02075,U200,2024-02-16,2,desktop,social,pricing,False
S2_02076,U4226,2024-02-12,2,mobile,social,homepage,False
S2_02077,U8201,2024-02-17,2,desktop,paid_search,pricing,False
S2_02078,U3245,2024-02-12,2,desktop,organic,pricing,False
S2_02079,U8923,2024-02-16,2,mobile,paid_search,product,False
S2_02080,U225,2024-02-13,2,mobile,social,product,False
S2_02081,U676,2024-02-13,2,mobile,paid_search,homepage,False
S2_02082,U5735,2024-02-15,2,mobile,social,product,False
S2_02083,U4091,2024-02-12,2,tablet,social,homepage,False
S2_02084,U8286,2024-02-15,2,mobile,social,product,False
S2_02085,U9740,2024-02-16,2,mobile,social,pricing,False
S2_02086,U758,2024-02-14,2,mobile,paid_search,homepage,False
S2_02087,U6086,2024-02-14,2,desktop,organic,product,False
S2_02088,U4151,2024-02-14,2,mobile,social,pricing,False
S2_02089,U3047,2024-02-17,2,mobile,direct,homepage,False
S2_02090,U9796,2024-02-12,2,desktop,organic,homepage,False
S2_02091,U4498,2024-02-14,2,mobile,paid_search,product,False
S2_02092,U3749,2024-02-12,2,mobile,organic,pricing,False
S2_02093,U8204,2024-02-18,2,mobile,social,homepage,False
S2_02094,U8450,2024-02-15,2,mobile,paid_search,pricing,False
S2_02095,U5287,2024-02-16,2,mobile,organic,pricing,False
S2_02096,U2165,2024-02-16,2,tablet,social,pricing,False
S2_02097,U7771,2024-02-17,2,mobile,organic,pricing,False
S2_02098,U2339,2024-02-18,2,mobile,organic,pricing,False
S2_02099,U3025,2024-02-17,2,mobile,organic,homepage,False
S2_02100,U8882,2024-02-18,2,tablet,organic,homepage,False
S2_02101,U8465,2024-02-15,2,mobile,organic,homepage,False
S2_02102,U8351,2024-02-18,2,mobile,organic,homepage,False
S2_02103,U5383,2024-02-18,2,desktop,paid_search,homepage,False
S2_02104,U2389,2024-02-13,2,desktop,social,product,False
S2_02105,U1654,2024-02-13,2,desktop,social,product,False
S2_02106,U9935,2024-02-14,2,desktop,organic,product,True
S2_02107,U9682,2024-02-17,2,tablet,organic,product,True
S2_02108,U1422,2024-02-14,2,mobile,organic,pricing,False
S2_02109,U6157,2024-02-16,2,desktop,organic,pricing,False
S2_02110,U4080,2024-02-13,2,tablet,organic,pricing,False
S2_02111,U9354,2024-02-18,2,desktop,organic,homepage,False
S2_02112,U2590,2024-02-18,2,mobile,paid_search,homepage,False
S2_02113,U5954,2024-02-18,2,desktop,organic,pricing,False
S2_02114,U1054,2024-02-12,2,desktop,organic,product,False
S2_02115,U9679,2024-02-15,2,desktop,paid_search,product,False
S2_02116,U4476,2024-02-16,2,mobile,paid_search,product,False
S2_02117,U5698,2024-02-15,2,mobile,direct,pricing,False
S2_02118,U920,2024-02-13,2,mobile,organic,homepage,False
S2_02119,U289,2024-02-12,2,mobile,organic,product,False
S2_02120,U3521,2024-02-12,2,desktop,social,pricing,False
S2_02121,U6710,2024-02-13,2,desktop,organic,product,False
S2_02122,U9776,2024-02-14,2,mobile,organic,homepage,True
S2_02123,U1393,2024-02-16,2,mobile,organic,homepage,False
S2_02124,U6891,2024-02-13,2,desktop,organic,product,False
S2_02125,U2451,2024-02-15,2,mobile,social,pricing,False
S2_02126,U3875,2024-02-18,2,mobile,paid_search,pricing,False
S2_02127,U7883,2024-02-16,2,mobile,paid_search,pricing,False
S2_02128,U3361,2024-02-12,2,desktop,direct,pricing,True
S2_02129,U2142,2024-02-18,2,mobile,social,pricing,False
S2_02130,U958,2024-02-16,2,desktop,paid_search,pricing,False
S2_02131,U9464,2024-02-17,2,mobile,paid_search,homepage,False
S2_02132,U9292,2024-02-18,2,mobile,organic,homepage,False
S2_02133,U72,2024-02-16,2,mobile,organic,homepage,False
S2_02134,U1339,2024-02-16,2,mobile,direct,homepage,False
S2_02135,U665,2024-02-16,2,desktop,organic,homepage,True
S2_02136,U5191,2024-02-18,2,mobile,organic,product,False
S2_02137,U3361,2024-02-14,2,desktop,organic,product,True
S2_02138,U8524,2024-02-17,2,mobile,paid_search,homepage,False
S2_02139,U3984,2024-02-13,2,mobile,direct,pricing,False
S2_02140,U5552,2024-02-14,2,mobile,social,pricing,False
S2_02141,U1587,2024-02-18,2,mobile,organic,homepage,False
S2_02142,U7867,2024-02-12,2,desktop,organic,product,True
S2_02143,U5786,2024-02-14,2,desktop,paid_search,product,False
S2_02144,U5753,2024-02-17,2,desktop,paid_search,homepage,False
S2_02145,U4385,2024-02-15,2,mobile,organic,homepage,True
S2_02146,U3022,2024-02-14,2,mobile,paid_search,product,False
S2_02147,U8330,2024-02-16,2,mobile,organic,homepage,False
S2_02148,U3033,2024-02-17,2,desktop,organic,homepage,False
S2_02149,U1827,2024-02-17,2,tablet,paid_search,pricing,False
S2_02150,U4049,2024-02-14,2,mobile,paid_search,homepage,False
S2_02151,U7650,2024-02-13,2,mobile,organic,product,False
S2_02152,U5966,2024-02-17,2,desktop,organic,pricing,False
S2_02153,U9454,2024-02-12,2,mobile,organic,product,False
S2_02154,U5958,2024-02-14,2,desktop,organic,pricing,False
S2_02155,U7935,2024-02-17,2,mobile,organic,product,False
S2_02156,U9620,2024-02-15,2,mobile,social,pricing,False
S2_02157,U4670,2024-02-13,2,desktop,organic,pricing,False
S2_02158,U2476,2024-02-18,2,mobile,paid_search,product,False
S2_02159,U2652,2024-02-15,2,desktop,social,pricing,False
S2_02160,U5306,2024-02-15,2,mobile,organic,pricing,False
S2_02161,U2061,2024-02-14,2,desktop,social,homepage,False
S2_02162,U2219,2024-02-14,2,desktop,direct,pricing,False
S2_02163,U8815,2024-02-16,2,mobile,organic,homepage,True
S2_02164,U9758,2024-02-13,2,desktop,organic,pricing,False
S2_02165,U5205,2024-02-14,2,desktop,paid_search,homepage,False
S2_02166,U5025,2024-02-16,2,mobile,organic,homepage,False
S2_02167,U6992,2024-02-16,2,desktop,paid_search,product,True
S2_02168,U9699,2024-02-13,2,tablet,paid_search,homepage,False
S2_02169,U3412,2024-02-18,2,desktop,paid_search,pricing,False
S2_02170,U1638,2024-02-13,2,desktop,social,homepage,True
S2_02171,U8169,2024-02-12,2,mobile,organic,homepage,False
S2_02172,U7623,2024-02-12,2,tablet,organic,product,True
S2_02173,U4822,2024-02-15,2,desktop,paid_search,homepage,False
S2_02174,U1315,2024-02-16,2,mobile,social,homepage,False
S2_02175,U4181,2024-02-17,2,mobile,paid_search,pricing,False
S2_02176,U1845,2024-02-12,2,mobile,social,pricing,False
S2_02177,U5091,2024-02-17,2,mobile,paid_search,pricing,False
S2_02178,U2775,2024-02-14,2,desktop,social,homepage,False
S2_02179,U512,2024-02-14,2,mobile,social,product,False
S2_02180,U5318,2024-02-13,2,desktop,social,pricing,False
S2_02181,U5702,2024-02-16,2,mobile,paid_search,product,False
S2_02182,U7790,2024-02-12,2,mobile,direct,homepage,False
S2_02183,U7815,2024-02-12,2,mobile,organic,homepage,False
S2_02184,U603,2024-02-14,2,mobile,social,pricing,False
S2_02185,U7198,2024-02-17,2,mobile,paid_search,product,False
S2_02186,U8522,2024-02-14,2,mobile,paid_search,homepage,False
S2_02187,U5361,2024-02-15,2,mobile,organic,pricing,False
S2_02188,U5505,2024-02-18,2,desktop,organic,homepage,False
S2_02189,U3675,2024-02-12,2,tablet,paid_search,product,False
S2_02190,U4902,2024-02-17,2,mobile,social,product,False
S2_02191,U1811,2024-02-18,2,mobile,paid_search,homepage,False
S2_02192,U605,2024-02-16,2,desktop,paid_search,product,False
S2_02193,U9090,2024-02-12,2,desktop,organic,homepage,False
S2_02194,U7399,2024-02-17,2,mobile,organic,homepage,False
S2_02195,U2446,2024-02-17,2,mobile,organic,product,False
S2_02196,U7437,2024-02-14,2,desktop,paid_search,product,False
S2_02197,U3571,2024-02-16,2,mobile,organic,product,False
S2_02198,U5669,2024-02-13,2,mobile,direct,pricing,False
S2_02199,U3759,2024-02-12,2,mobile,organic,product,False
S2_02200,U8315,2024-02-18,2,desktop,organic,product,True
S2_02201,U6661,2024-02-15,2,mobile,social,product,False
S2_02202,U9598,2024-02-12,2,desktop,paid_search,pricing,False
S2_02203,U3110,2024-02-15,2,mobile,paid_search,homepage,False
S2_02204,U5844,2024-02-12,2,mobile,social,pricing,False
S2_02205,U2415,2024-02-15,2,desktop,organic,pricing,False
S2_02206,U3793,2024-02-15,2,mobile,organic,pricing,False
S2_02207,U3525,2024-02-12,2,mobile,paid_search,homepage,False
S2_02208,U7193,2024-02-12,2,desktop,organic,homepage,False
S2_02209,U8670,2024-02-12,2,mobile,paid_search,homepage,False
S2_02210,U3076,2024-02-15,2,mobile,social,pricing,False
S2_02211,U5085,2024-02-17,2,desktop,social,pricing,False
S2_02212,U459,2024-02-15,2,desktop,paid_search,pricing,False
S2_02213,U6782,2024-02-18,2,desktop,organic,pricing,False
S2_02214,U9459,2024-02-17,2,tablet,direct,product,False
S2_02215,U7883,2024-02-17,2,mobile,social,pricing,False
S2_02216,U3833,2024-02-18,2,desktop,organic,pricing,False
S2_02217,U7917,2024-02-18,2,mobile,paid_search,homepage,False
S2_02218,U6608,2024-02-12,2,mobile,paid_search,product,False
S2_02219,U2959,2024-02-14,2,mobile,social,homepage,False
S2_02220,U9598,2024-02-18,2,mobile,organic,homepage,False
S2_02221,U2404,2024-02-18,2,tablet,social,product,True
S2_02222,U5594,2024-02-17,2,mobile,organic,pricing,False
S2_02223,U5264,2024-02-18,2,desktop,paid_search,homepage,False
S2_02224,U5232,2024-02-16,2,tablet,direct,product,False
S2_02225,U4095,2024-02-14,2,mobile,organic,homepage,False
S2_02226,U264,2024-02-18,2,desktop,organic,product,False
S2_02227,U9834,2024-02-15,2,mobile,organic,homepage,False
S2_02228,U6828,2024-02-18,2,mobile,paid_search,product,False
S2_02229,U1284,2024-02-15,2,mobile,paid_search,homepage,False
S2_02230,U9798,2024-02-14,2,tablet,direct,homepage,False
S2_02231,U4456,2024-02-12,2,desktop,social,homepage,False
S2_02232,U1050,2024-02-13,2,desktop,paid_search,pricing,False
S2_02233,U5000,2024-02-15,2,mobile,paid_search,pricing,False
S2_02234,U884,2024-02-18,2,mobile,paid_search,homepage,True
S2_02235,U9402,2024-02-17,2,mobile,paid_search,product,False
S2_02236,U4095,2024-02-17,2,mobile,social,pricing,False
S2_02237,U4523,2024-02-14,2,mobile,paid_search,homepage,False
S2_02238,U5115,2024-02-12,2,mobile,organic,product,False
S2_02239,U5371,2024-02-17,2,desktop,organic,product,False
S2_02240,U2401,2024-02-16,2,tablet,social,homepage,False
S2_02241,U3436,2024-02-16,2,mobile,organic,pricing,False
S2_02242,U1429,2024-02-17,2,desktop,direct,homepage,False
S2_02243,U7564,2024-02-16,2,mobile,organic,homepage,False
S2_02244,U9695,2024-02-17,2,desktop,paid_search,product,False
S2_02245,U7513,2024-02-12,2,mobile,organic,pricing,False
S2_02246,U6902,2024-02-17,2,mobile,social,pricing,False
S2_02247,U6233,2024-02-14,2,mobile,organic,product,False
S2_02248,U8255,2024-02-12,2,mobile,social,product,False
S2_02249,U2479,2024-02-15,2,mobile,paid_search,pricing,False
S2_02250,U4005,2024-02-15,2,desktop,paid_search,product,False
S2_02251,U6038,2024-02-12,2,mobile,organic,pricing,False
S2_02252,U1710,2024-02-16,2,mobile,paid_search,homepage,False
S2_02253,U1863,2024-02-15,2,mobile,organic,homepage,False
S2_02254,U8025,2024-02-18,2,mobile,organic,homepage,False
S2_02255,U2748,2024-02-14,2,mobile,social,homepage,False
S2_02256,U4981,2024-02-14,2,mobile,paid_search,pricing,False
S2_02257,U3767,2024-02-16,2,mobile,social,pricing,False
S2_02258,U3623,2024-02-14,2,mobile,direct,pricing,False
S2_02259,U337,2024-02-14,2,mobile,paid_search,pricing,False
S2_02260,U1148,2024-02-16,2,mobile,paid_search,pricing,False
S2_02261,U444,2024-02-18,2,mobile,organic,homepage,False
S2_02262,U9893,2024-02-18,2,mobile,paid_search,pricing,False
S2_02263,U3954,2024-02-18,2,mobile,paid_search,homepage,False
S2_02264,U1704,2024-02-14,2,desktop,paid_search,pricing,False
S2_02265,U1303,2024-02-16,2,mobile,social,pricing,False
S2_02266,U9032,2024-02-18,2,mobile,organic,product,False
S2_02267,U2548,2024-02-14,2,mobile,social,product,False
S2_02268,U4241,2024-02-12,2,desktop,organic,homepage,False
S2_02269,U3928,2024-02-12,2,mobile,social,homepage,False
S2_02270,U2845,2024-02-13,2,mobile,paid_search,pricing,False
S2_02271,U8791,2024-02-18,2,desktop,social,product,False
S2_02272,U4825,2024-02-15,2,mobile,organic,homepage,False
S2_02273,U8236,2024-02-13,2,mobile,organic,pricing,False
S2_02274,U6347,2024-02-13,2,tablet,organic,pricing,False
S2_02275,U9643,2024-02-14,2,desktop,organic,homepage,False
S2_02276,U6300,2024-02-15,2,mobile,social,pricing,False
S2_02277,U9981,2024-02-14,2,desktop,organic,homepage,False
S2_02278,U385,2024-02-12,2,mobile,paid_search,homepage,False
S2_02279,U8705,2024-02-13,2,mobile,organic,homepage,False
S2_02280,U836,2024-02-16,2,desktop,organic,pricing,False
S2_02281,U3122,2024-02-17,2,tablet,social,pricing,False
S2_02282,U3634,2024-02-17,2,mobile,organic,homepage,False
S2_02283,U114,2024-02-13,2,mobile,organic,product,False
S2_02284,U8458,2024-02-18,2,desktop,paid_search,pricing,True
S2_02285,U6310,2024-02-18,2,mobile,social,pricing,False
S2_02286,U8562,2024-02-18,2,mobile,organic,pricing,False
S2_02287,U2898,2024-02-13,2,desktop,social,pricing,False
S2_02288,U2637,2024-02-17,2,desktop,paid_search,homepage,False
S2_02289,U8904,2024-02-14,2,mobile,paid_search,pricing,False
S2_02290,U8448,2024-02-14,2,desktop,direct,product,False
S2_02291,U516,2024-02-16,2,mobile,social,pricing,False
S2_02292,U1922,2024-02-13,2,desktop,direct,homepage,False
S2_02293,U3788,2024-02-14,2,mobile,organic,homepage,False
S2_02294,U1967,2024-02-14,2,desktop,paid_search,product,False
S2_02295,U4966,2024-02-12,2,desktop,organic,homepage,False
S2_02296,U3630,2024-02-14,2,desktop,social,pricing,False
S2_02297,U8955,2024-02-12,2,desktop,direct,homepage,False
S2_02298,U5287,2024-02-17,2,desktop,organic,homepage,False
S2_02299,U725,2024-02-13,2,mobile,paid_search,pricing,False
S2_02300,U4142,2024-02-18,2,mobile,organic,pricing,False
S2_02301,U1884,2024-02-16,2,desktop,direct,homepage,False
S2_02302,U3696,2024-02-17,2,desktop,organic,product,False
S2_02303,U4893,2024-02-17,2,mobile,organic,homepage,False
S2_02304,U5347,2024-02-16,2,mobile,paid_search,product,True
S2_02305,U2633,2024-02-13,2,mobile,social,pricing,False
S2_02306,U2339,2024-02-16,2,mobile,organic,pricing,False
S2_02307,U325,2024-02-15,2,mobile,organic,pricing,False
S2_02308,U3421,2024-02-13,2,mobile,social,homepage,False
S2_02309,U5893,2024-02-12,2,mobile,social,pricing,False
S2_02310,U8812,2024-02-14,2,desktop,direct,homepage,False
S2_02311,U1237,2024-02-17,2,mobile,paid_search,homepage,False
S2_02312,U3286,2024-02-13,2,mobile,direct,homepage,False
S2_02313,U4955,2024-02-17,2,mobile,organic,product,False
S2_02314,U1417,2024-02-13,2,mobile,social,product,False
S2_02315,U8068,2024-02-14,2,mobile,organic,pricing,False
S2_02316,U4442,2024-02-18,2,mobile,direct,product,False
S2_02317,U7724,2024-02-16,2,mobile,paid_search,product,False
S2_02318,U4384,2024-02-13,2,desktop,paid_search,product,True
S2_02319,U6245,2024-02-13,2,mobile,organic,pricing,False
S2_02320,U827,2024-02-15,2,desktop,social,pricing,True
S2_02321,U7224,2024-02-13,2,mobile,organic,homepage,True
S2_02322,U6415,2024-02-16,2,desktop,organic,product,False
S2_02323,U9137,2024-02-13,2,tablet,paid_search,product,False
S2_02324,U7733,2024-02-15,2,tablet,organic,homepage,False
S2_02325,U4551,2024-02-16,2,mobile,organic,pricing,False
S2_02326,U6794,2024-02-18,2,desktop,organic,pricing,False
S2_02327,U5517,2024-02-17,2,desktop,social,homepage,False
S2_02328,U4987,2024-02-18,2,tablet,organic,homepage,False
S2_02329,U8338,2024-02-14,2,mobile,organic,pricing,False
S2_02330,U8751,2024-02-16,2,mobile,paid_search,homepage,False
S2_02331,U3990,2024-02-12,2,mobile,organic,product,True
S2_02332,U7150,2024-02-14,2,mobile,organic,pricing,False
S2_02333,U4039,2024-02-16,2,mobile,organic,pricing,False
S2_02334,U4189,2024-02-18,2,desktop,direct,pricing,False
S2_02335,U3771,2024-02-17,2,mobile,organic,product,True
S2_02336,U9739,2024-02-14,2,desktop,organic,homepage,False
S2_02337,U6986,2024-02-16,2,mobile,paid_search,pricing,False
S2_02338,U3987,2024-02-18,2,mobile,organic,pricing,False
S2_02339,U9511,2024-02-14,2,desktop,social,homepage,False
S2_02340,U2637,2024-02-13,2,desktop,paid_search,product,False
S2_02341,U9309,2024-02-18,2,mobile,organic,pricing,False
S2_02342,U4342,2024-02-17,2,mobile,organic,homepage,False
S2_02343,U4876,2024-02-16,2,mobile,organic,product,False
S2_02344,U5659,2024-02-15,2,mobile,organic,pricing,False
S2_02345,U2035,2024-02-17,2,mobile,social,product,False
S2_02346,U1062,2024-02-14,2,mobile,paid_search,homepage,False
S2_02347,U9742,2024-02-14,2,mobile,social,product,False
S2_02348,U2309,2024-02-14,2,desktop,paid_search,pricing,False
S2_02349,U5594,2024-02-15,2,mobile,paid_search,product,False
S2_02350,U3726,2024-02-17,2,desktop,organic,product,False
S2_02351,U7757,2024-02-17,2,mobile,paid_search,pricing,False
S2_02352,U158,2024-02-16,2,mobile,organic,pricing,False
S2_02353,U4587,2024-02-17,2,mobile,organic,pricing,False
S2_02354,U4386,2024-02-18,2,mobile,paid_search,homepage,False
S2_02355,U823,2024-02-12,2,mobile,organic,pricing,True
S2_02356,U8677,2024-02-12,2,mobile,direct,product,True
S2_02357,U7000,2024-02-17,2,mobile,organic,pricing,False
S2_02358,U8953,2024-02-12,2,mobile,paid_search,homepage,False
S2_02359,U3229,2024-02-12,2,mobile,paid_search,homepage,False
S2_02360,U9204,2024-02-17,2,desktop,paid_search,pricing,False
S2_02361,U4287,2024-02-16,2,desktop,social,product,False
S2_02362,U8371,2024-02-14,2,desktop,paid_search,product,False
S2_02363,U7492,2024-02-18,2,mobile,organic,product,False
S2_02364,U5245,2024-02-14,2,desktop,paid_search,pricing,False
S2_02365,U7263,2024-02-12,2,desktop,social,product,False
S2_02366,U7902,2024-02-15,2,desktop,social,product,False
S2_02367,U3632,2024-02-12,2,mobile,organic,product,False
S2_02368,U272,2024-02-16,2,mobile,organic,homepage,False
S2_02369,U67,2024-02-13,2,mobile,organic,homepage,False
S2_02370,U5872,2024-02-16,2,mobile,organic,homepage,False
S2_02371,U718,2024-02-18,2,tablet,organic,homepage,False
S2_02372,U5877,2024-02-13,2,mobile,paid_search,homepage,False
S2_02373,U359,2024-02-14,2,mobile,paid_search,pricing,False
S2_02374,U3165,2024-02-13,2,mobile,direct,pricing,False
S2_02375,U866,2024-02-18,2,mobile,organic,homepage,False
S2_02376,U8009,2024-02-12,2,mobile,organic,homepage,False
S2_02377,U5756,2024-02-13,2,mobile,social,product,False
S2_02378,U9400,2024-02-15,2,desktop,social,pricing,False
S2_02379,U7025,2024-02-13,2,desktop,social,pricing,False
S2_02380,U8091,2024-02-16,2,mobile,paid_search,homepage,False
S2_02381,U8956,2024-02-17,2,mobile,organic,pricing,False
S2_02382,U8133,2024-02-17,2,mobile,paid_search,product,False
S2_02383,U4666,2024-02-14,2,mobile,paid_search,pricing,False
S2_02384,U912,2024-02-16,2,desktop,social,homepage,False
S2_02385,U3121,2024-02-15,2,desktop,social,product,False
S2_02386,U8580,2024-02-16,2,mobile,paid_search,product,False
S2_02387,U446,2024-02-15,2,desktop,organic,pricing,False
S2_02388,U9013,2024-02-17,2,desktop,paid_search,pricing,False
S2_02389,U6776,2024-02-17,2,desktop,paid_search,pricing,False
S2_02390,U5137,2024-02-15,2,mobile,paid_search,product,True
S2_02391,U4264,2024-02-16,2,mobile,organic,product,False
S2_02392,U2697,2024-02-18,2,mobile,organic,pricing,False
S2_02393,U3704,2024-02-14,2,mobile,organic,homepage,False
S2_02394,U6960,2024-02-16,2,mobile,social,pricing,False
S2_02395,U1961,2024-02-17,2,mobile,social,homepage,True
S2_02396,U3541,2024-02-13,2,desktop,organic,product,True
S2_02397,U7993,2024-02-18,2,mobile,paid_search,homepage,False
S2_02398,U1476,2024-02-14,2,mobile,organic,product,False
S2_02399,U75,2024-02-14,2,desktop,paid_search,product,False
S2_02400,U9115,2024-02-18,2,mobile,paid_search,product,True
S2_02401,U7641,2024-02-16,2,desktop,social,product,False
S2_02402,U301,2024-02-16,2,mobile,organic,homepage,False
S2_02403,U9113,2024-02-14,2,desktop,social,product,True
S2_02404,U9421,2024-02-16,2,mobile,social,pricing,True
S2_02405,U5006,2024-02-15,2,mobile,social,product,True
S2_02406,U9818,2024-02-15,2,desktop,social,homepage,True
S2_02407,U1312,2024-02-13,2,mobile,organic,product,False
S2_02408,U5786,2024-02-14,2,mobile,paid_search,product,False
S2_02409,U7205,2024-02-14,2,desktop,organic,homepage,False
S2_02410,U8557,2024-02-15,2,mobile,organic,product,True
S2_02411,U941,2024-02-18,2,mobile,paid_search,pricing,False
S2_02412,U5322,2024-02-15,2,mobile,organic,pricing,False
S2_02413,U9010,2024-02-12,2,mobile,organic,pricing,False
S2_02414,U3252,2024-02-12,2,desktop,direct,pricing,False
S2_02415,U6857,2024-02-13,2,mobile,paid_search,homepage,False
S2_02416,U754,2024-02-12,2,mobile,social,homepage,False
S2_02417,U420,2024-02-14,2,mobile,paid_search,homepage,False
S2_02418,U2478,2024-02-13,2,mobile,social,product,False
S2_02419,U1409,2024-02-17,2,tablet,paid_search,homepage,False
S2_02420,U4907,2024-02-13,2,desktop,social,pricing,False
S2_02421,U8595,2024-02-18,2,mobile,paid_search,product,False
S2_02422,U4849,2024-02-13,2,mobile,social,product,False
S2_02423,U5983,2024-02-16,2,mobile,social,product,False
S2_02424,U1385,2024-02-15,2,desktop,organic,homepage,False
S2_02425,U5748,2024-02-13,2,mobile,organic,product,False
S2_02426,U3817,2024-02-15,2,mobile,paid_search,homepage,False
S2_02427,U4105,2024-02-15,2,tablet,social,product,False
S2_02428,U5672,2024-02-16,2,mobile,paid_search,product,False
S2_02429,U6110,2024-02-15,2,mobile,organic,homepage,False
S2_02430,U9049,2024-02-16,2,mobile,organic,pricing,False
S2_02431,U7202,2024-02-14,2,mobile,organic,homepage,False
S2_02432,U9846,2024-02-13,2,mobile,organic,pricing,False
S2_02433,U3961,2024-02-12,2,desktop,organic,homepage,False
S2_02434,U9076,2024-02-18,2,desktop,organic,product,False
S2_02435,U3978,2024-02-18,2,mobile,organic,product,False
S2_02436,U4820,2024-02-18,2,mobile,social,product,False
S2_02437,U8966,2024-02-16,2,mobile,organic,homepage,False
S2_02438,U4368,2024-02-16,2,mobile,paid_search,product,False
S2_02439,U9172,2024-02-13,2,tablet,organic,product,False
S2_02440,U8522,2024-02-17,2,desktop,organic,product,False
S2_02441,U2039,2024-02-17,2,tablet,paid_search,product,False
S2_02442,U2117,2024-02-12,2,mobile,paid_search,homepage,False
S2_02443,U1688,2024-02-15,2,desktop,organic,pricing,False
S2_02444,U7230,2024-02-15,2,tablet,social,pricing,True
S2_02445,U6553,2024-02-16,2,mobile,paid_search,product,False
S2_02446,U3078,2024-02-14,2,desktop,organic,homepage,False
S2_02447,U6141,2024-02-14,2,mobile,paid_search,homepage,False
S2_02448,U5602,2024-02-14,2,mobile,organic,homepage,True
S2_02449,U2412,2024-02-18,2,mobile,organic,homepage,False
S2_02450,U4182,2024-02-15,2,mobile,organic,pricing,False
S2_02451,U5980,2024-02-12,2,desktop,paid_search,pricing,False
S2_02452,U4554,2024-02-14,2,mobile,social,pricing,True
S2_02453,U1985,2024-02-15,2,desktop,paid_search,homepage,True
S2_02454,U1059,2024-02-16,2,mobile,paid_search,product,False
S2_02455,U2276,2024-02-17,2,desktop,organic,homepage,False
S2_02456,U5781,2024-02-15,2,mobile,direct,pricing,True
S2_02457,U1010,2024-02-18,2,mobile,organic,homepage,False
S2_02458,U1165,2024-02-16,2,mobile,organic,pricing,False
S2_02459,U7635,2024-02-13,2,mobile,social,pricing,True
S2_02460,U8405,2024-02-17,2,mobile,organic,pricing,True
S2_02461,U6965,2024-02-18,2,desktop,social,homepage,False
S2_02462,U8130,2024-02-16,2,desktop,social,pricing,False
S2_02463,U3859,2024-02-16,2,mobile,organic,pricing,True
S2_02464,U4185,2024-02-18,2,mobile,social,pricing,False
S2_02465,U9114,2024-02-12,2,mobile,social,homepage,False
S2_02466,U2426,2024-02-15,2,mobile,direct,product,False
S2_02467,U8042,2024-02-17,2,mobile,paid_search,homepage,False
S2_02468,U6770,2024-02-15,2,desktop,organic,pricing,False
S2_02469,U4512,2024-02-15,2,mobile,organic,homepage,False
S2_02470,U1613,2024-02-12,2,mobile,social,product,False
S2_02471,U7548,2024-02-16,2,mobile,paid_search,product,False
S2_02472,U2726,2024-02-17,2,tablet,organic,homepage,False
S2_02473,U6369,2024-02-18,2,desktop,paid_search,pricing,False
S2_02474,U5557,2024-02-17,2,desktop,paid_search,homepage,False
S2_02475,U9822,2024-02-18,2,mobile,paid_search,pricing,False
S2_02476,U6919,2024-02-15,2,mobile,organic,product,False
S2_02477,U7361,2024-02-18,2,desktop,social,pricing,True
S2_02478,U2766,2024-02-17,2,mobile,social,homepage,False
S2_02479,U181,2024-02-14,2,desktop,organic,homepage,False
S2_02480,U7639,2024-02-16,2,mobile,social,homepage,False
S2_02481,U2827,2024-02-14,2,mobile,organic,pricing,False
S2_02482,U4065,2024-02-16,2,mobile,organic,homepage,False
S2_02483,U1671,2024-02-13,2,desktop,paid_search,pricing,False
S2_02484,U5859,2024-02-18,2,tablet,organic,homepage,True
S2_02485,U4983,2024-02-17,2,mobile,social,homepage,False
S2_02486,U4360,2024-02-14,2,tablet,social,homepage,False
S2_02487,U7439,2024-02-13,2,mobile,direct,product,False
S2_02488,U7323,2024-02-12,2,mobile,direct,product,False
S2_02489,U2566,2024-02-15,2,desktop,paid_search,product,False
S2_02490,U2836,2024-02-17,2,mobile,organic,pricing,False
S2_02491,U881,2024-02-13,2,mobile,social,pricing,False
S2_02492,U6273,2024-02-12,2,mobile,paid_search,homepage,False
S2_02493,U4761,2024-02-12,2,mobile,organic,homepage,False
S2_02494,U3086,2024-02-17,2,desktop,organic,homepage,False
S2_02495,U811,2024-02-13,2,desktop,paid_search,homepage,False
S2_02496,U660,2024-02-15,2,mobile,paid_search,homepage,False
S2_02497,U2657,2024-02-18,2,desktop,organic,homepage,False
S2_02498,U3476,2024-02-16,2,mobile,social,homepage,False
S2_02499,U8411,2024-02-16,2,desktop,organic,pricing,True
S2_02500,U4743,2024-02-14,2,desktop,organic,product,False
S2_02501,U6582,2024-02-15,2,mobile,organic,homepage,False
S2_02502,U9264,2024-02-16,2,mobile,social,product,False
S2_02503,U3316,2024-02-14,2,mobile,paid_search,homepage,False
S2_02504,U9409,2024-02-14,2,mobile,social,pricing,False
S2_02505,U6400,2024-02-12,2,desktop,organic,product,False
S2_02506,U5654,2024-02-15,2,mobile,social,pricing,False
S2_02507,U3688,2024-02-16,2,mobile,organic,product,False
S2_02508,U402,2024-02-17,2,desktop,organic,product,False
S2_02509,U4904,2024-02-17,2,mobile,organic,homepage,False
S2_02510,U7289,2024-02-18,2,mobile,paid_search,product,False
S2_02511,U5400,2024-02-17,2,mobile,social,homepage,False
S2_02512,U3832,2024-02-15,2,desktop,organic,product,True
S2_02513,U8902,2024-02-14,2,desktop,paid_search,product,True
S2_02514,U1121,2024-02-17,2,desktop,social,product,False
S2_02515,U9520,2024-02-14,2,desktop,organic,product,False
S2_02516,U8988,2024-02-13,2,desktop,social,product,False
S2_02517,U2448,2024-02-13,2,desktop,organic,product,False
S2_02518,U203,2024-02-15,2,mobile,paid_search,product,False
S2_02519,U3020,2024-02-15,2,desktop,social,pricing,False
S2_02520,U7589,2024-02-18,2,mobile,organic,homepage,False
S2_02521,U3203,2024-02-13,2,desktop,social,pricing,False
S2_02522,U3510,2024-02-17,2,mobile,organic,product,False
S2_02523,U965,2024-02-17,2,mobile,social,pricing,False
S2_02524,U6504,2024-02-12,2,desktop,organic,pricing,False
S2_02525,U3669,2024-02-13,2,tablet,direct,homepage,False
S2_02526,U7802,2024-02-18,2,desktop,social,pricing,False
S2_02527,U1576,2024-02-13,2,mobile,paid_search,pricing,False
S2_02528,U7498,2024-02-18,2,mobile,organic,pricing,False
S2_02529,U1586,2024-02-12,2,desktop,organic,pricing,False
S2_02530,U977,2024-02-14,2,mobile,paid_search,pricing,False
S2_02531,U4840,2024-02-14,2,desktop,paid_search,product,False
S2_02532,U423,2024-02-17,2,mobile,paid_search,pricing,False
S2_02533,U9742,2024-02-18,2,mobile,organic,pricing,False
S2_02534,U3032,2024-02-18,2,mobile,direct,pricing,False
S2_02535,U4701,2024-02-15,2,desktop,social,product,False
S2_02536,U1387,2024-02-15,2,desktop,paid_search,pricing,True
S2_02537,U697,2024-02-12,2,desktop,paid_search,homepage,False
S2_02538,U461,2024-02-17,2,mobile,paid_search,pricing,False
S2_02539,U2685,2024-02-15,2,mobile,organic,product,False
S2_02540,U2526,2024-02-16,2,mobile,organic,homepage,False
S2_02541,U796,2024-02-14,2,desktop,organic,pricing,False
S2_02542,U6481,2024-02-12,2,mobile,social,product,False
S2_02543,U8217,2024-02-17,2,desktop,social,homepage,False
S2_02544,U2959,2024-02-16,2,mobile,organic,homepage,False
S2_02545,U358,2024-02-14,2,mobile,organic,homepage,False
S2_02546,U9147,2024-02-18,2,mobile,organic,homepage,False
S2_02547,U2624,2024-02-13,2,mobile,social,product,False
S2_02548,U556,2024-02-14,2,mobile,social,pricing,False
S2_02549,U9047,2024-02-15,2,mobile,direct,product,False
S2_02550,U1924,2024-02-17,2,tablet,paid_search,pricing,False
S2_02551,U2863,2024-02-14,2,tablet,organic,product,True
S2_02552,U4711,2024-02-17,2,mobile,social,pricing,False
S2_02553,U3845,2024-02-13,2,mobile,social,pricing,False
S2_02554,U2951,2024-02-16,2,mobile,organic,homepage,False
S2_02555,U7847,2024-02-12,2,mobile,direct,homepage,False
S2_02556,U9938,2024-02-14,2,mobile,social,product,False
S2_02557,U5168,2024-02-15,2,desktop,organic,pricing,False
S2_02558,U7206,2024-02-18,2,desktop,social,homepage,True
S2_02559,U4051,2024-02-15,2,mobile,direct,product,False
S2_02560,U6506,2024-02-13,2,desktop,paid_search,product,False
S2_02561,U7528,2024-02-12,2,mobile,direct,homepage,False
S2_02562,U5119,2024-02-16,2,mobile,direct,homepage,True
S2_02563,U4500,2024-02-17,2,mobile,organic,pricing,False
S2_02564,U9163,2024-02-14,2,mobile,direct,homepage,False
S2_02565,U1618,2024-02-17,2,mobile,direct,homepage,False
S2_02566,U2935,2024-02-13,2,mobile,social,product,False
S2_02567,U1205,2024-02-17,2,mobile,paid_search,pricing,False
S2_02568,U5365,2024-02-12,2,desktop,social,pricing,False
S2_02569,U8767,2024-02-13,2,mobile,social,homepage,False
S2_02570,U2579,2024-02-16,2,mobile,social,pricing,False
S2_02571,U2013,2024-02-13,2,desktop,social,pricing,False
S2_02572,U5971,2024-02-14,2,mobile,direct,homepage,False
S2_02573,U3930,2024-02-17,2,mobile,social,pricing,False
S2_02574,U397,2024-02-14,2,desktop,social,pricing,False
S2_02575,U7851,2024-02-14,2,desktop,paid_search,pricing,False
S2_02576,U4695,2024-02-15,2,mobile,direct,product,False
S2_02577,U567,2024-02-16,2,desktop,paid_search,homepage,True
S2_02578,U4992,2024-02-14,2,mobile,organic,homepage,False
S2_02579,U3605,2024-02-18,2,mobile,organic,homepage,False
S2_02580,U1836,2024-02-14,2,mobile,organic,product,False
S2_02581,U3991,2024-02-12,2,mobile,paid_search,homepage,False
S2_02582,U6125,2024-02-14,2,desktop,direct,pricing,False
S2_02583,U1904,2024-02-13,2,tablet,organic,pricing,True
S2_02584,U622,2024-02-18,2,mobile,paid_search,homepage,False
S2_02585,U6454,2024-02-13,2,mobile,direct,pricing,False
S2_02586,U7463,2024-02-18,2,desktop,paid_search,product,False
S2_02587,U8258,2024-02-15,2,mobile,paid_search,product,False
S2_02588,U1761,2024-02-14,2,mobile,paid_search,product,False
S2_02589,U1510,2024-02-18,2,mobile,direct,homepage,False
S2_02590,U141,2024-02-18,2,mobile,paid_search,homepage,False
S2_02591,U498,2024-02-14,2,mobile,direct,product,False
S2_02592,U3216,2024-02-18,2,mobile,direct,product,False
S2_02593,U7624,2024-02-17,2,mobile,social,pricing,False
S2_02594,U2668,2024-02-15,2,mobile,organic,product,False
S2_02595,U445,2024-02-12,2,mobile,organic,homepage,False
S2_02596,U3951,2024-02-18,2,desktop,paid_search,product,False
S2_02597,U607,2024-02-17,2,tablet,organic,pricing,False
S2_02598,U4979,2024-02-12,2,desktop,direct,pricing,False
S2_02599,U35,2024-02-12,2,mobile,social,pricing,False
S2_02600,U3580,2024-02-14,2,desktop,organic,homepage,False
S2_02601,U9234,2024-02-13,2,mobile,paid_search,homepage,False
S2_02602,U8556,2024-02-16,2,desktop,organic,pricing,False
S2_02603,U6523,2024-02-14,2,desktop,social,homepage,False
S2_02604,U5868,2024-02-18,2,desktop,paid_search,homepage,True
S2_02605,U3495,2024-02-14,2,mobile,paid_search,pricing,True
S2_02606,U8804,2024-02-14,2,mobile,organic,homepage,False
S2_02607,U7340,2024-02-17,2,desktop,paid_search,pricing,False
S2_02608,U144,2024-02-12,2,mobile,organic,pricing,False
S2_02609,U7599,2024-02-16,2,desktop,organic,product,False
S2_02610,U3503,2024-02-15,2,desktop,social,product,False
S2_02611,U6019,2024-02-16,2,mobile,organic,pricing,True
S2_02612,U9886,2024-02-17,2,mobile,organic,product,False
S2_02613,U5735,2024-02-17,2,mobile,organic,product,False
S2_02614,U4919,2024-02-12,2,desktop,organic,product,True
S2_02615,U292,2024-02-15,2,mobile,organic,product,False
S2_02616,U4438,2024-02-12,2,mobile,paid_search,homepage,False
S2_02617,U8708,2024-02-15,2,desktop,social,pricing,False
S2_02618,U8319,2024-02-15,2,mobile,paid_search,product,False
S2_02619,U1852,2024-02-12,2,mobile,organic,pricing,False
S2_02620,U6843,2024-02-14,2,mobile,organic,product,False
S2_02621,U6913,2024-02-18,2,mobile,social,homepage,False
S2_02622,U7444,2024-02-13,2,mobile,social,homepage,False
S2_02623,U6329,2024-02-13,2,mobile,organic,homepage,False
S2_02624,U4175,2024-02-15,2,mobile,paid_search,pricing,False
S2_02625,U4413,2024-02-18,2,desktop,organic,pricing,False
S2_02626,U142,2024-02-18,2,desktop,direct,product,False
S2_02627,U7701,2024-02-18,2,mobile,social,pricing,True
S2_02628,U741,2024-02-18,2,desktop,paid_search,homepage,False
S2_02629,U213,2024-02-15,2,mobile,organic,homepage,False
S2_02630,U9378,2024-02-14,2,mobile,paid_search,homepage,True
S2_02631,U7495,2024-02-12,2,mobile,organic,pricing,False
S2_02632,U4640,2024-02-18,2,desktop,organic,product,False
S2_02633,U1462,2024-02-15,2,desktop,organic,product,False
S2_02634,U6896,2024-02-16,2,desktop,social,product,True
S2_02635,U7710,2024-02-13,2,desktop,social,homepage,False
S2_02636,U6523,2024-02-14,2,mobile,paid_search,homepage,False
S2_02637,U4998,2024-02-16,2,mobile,paid_search,pricing,False
S2_02638,U5686,2024-02-16,2,desktop,paid_search,pricing,False
S2_02639,U495,2024-02-13,2,mobile,paid_search,product,False
S2_02640,U3488,2024-02-18,2,mobile,paid_search,product,False
S2_02641,U4730,2024-02-12,2,mobile,direct,homepage,False
S2_02642,U2737,2024-02-16,2,mobile,organic,product,False
S2_02643,U7946,2024-02-13,2,desktop,social,homepage,False
S2_02644,U2847,2024-02-12,2,mobile,organic,product,False
S2_02645,U1319,2024-02-12,2,mobile,paid_search,homepage,False
S2_02646,U7668,2024-02-13,2,tablet,organic,product,False
S2_02647,U6003,2024-02-12,2,mobile,social,homepage,False
S2_02648,U8810,2024-02-14,2,desktop,organic,pricing,False
S2_02649,U8160,2024-02-13,2,mobile,direct,pricing,False
S2_02650,U9372,2024-02-15,2,mobile,organic,homepage,False
S2_02651,U4512,2024-02-15,2,desktop,organic,homepage,False
S2_02652,U2767,2024-02-18,2,mobile,paid_search,product,False
S2_02653,U4584,2024-02-15,2,mobile,paid_search,product,False
S2_02654,U560,2024-02-14,2,mobile,organic,product,False
S2_02655,U6197,2024-02-18,2,mobile,paid_search,pricing,False
S2_02656,U4152,2024-02-14,2,mobile,paid_search,homepage,False
S2_02657,U6877,2024-02-13,2,mobile,paid_search,pricing,False
S2_02658,U9915,2024-02-16,2,mobile,organic,homepage,False
S2_02659,U6818,2024-02-16,2,desktop,organic,product,False
S2_02660,U556,2024-02-12,2,desktop,organic,pricing,True
S2_02661,U1159,2024-02-15,2,mobile,paid_search,product,False
S2_02662,U4957,2024-02-15,2,mobile,social,product,False
S2_02663,U2558,2024-02-17,2,desktop,organic,pricing,False
S2_02664,U7969,2024-02-12,2,mobile,social,homepage,False
S2_02665,U3777,2024-02-17,2,mobile,paid_search,product,False
S2_02666,U1944,2024-02-16,2,mobile,organic,product,False
S2_02667,U2822,2024-02-15,2,tablet,direct,product,False
S2_02668,U8178,2024-02-17,2,desktop,social,product,False
S2_02669,U7217,2024-02-12,2,desktop,social,homepage,False
S2_02670,U6044,2024-02-15,2,mobile,organic,homepage,False
S2_02671,U1034,2024-02-14,2,mobile,organic,pricing,False
S2_02672,U6347,2024-02-12,2,mobile,organic,homepage,False
S2_02673,U2051,2024-02-17,2,mobile,organic,pricing,False
S2_02674,U3680,2024-02-13,2,desktop,social,homepage,False
S2_02675,U6116,2024-02-17,2,mobile,paid_search,product,False
S2_02676,U8645,2024-02-16,2,mobile,organic,pricing,False
S2_02677,U9314,2024-02-13,2,desktop,organic,product,False
S2_02678,U5195,2024-02-18,2,desktop,social,homepage,True
S2_02679,U270,2024-02-18,2,desktop,organic,product,False
S2_02680,U8113,2024-02-18,2,desktop,paid_search,pricing,False
S2_02681,U9748,2024-02-14,2,mobile,organic,homepage,False
S2_02682,U5835,2024-02-18,2,desktop,social,product,False
S2_02683,U8691,2024-02-15,2,mobile,social,product,False
S2_02684,U857,2024-02-18,2,mobile,organic,pricing,True
S2_02685,U3090,2024-02-14,2,mobile,social,homepage,False
S2_02686,U3441,2024-02-13,2,mobile,paid_search,pricing,False
S2_02687,U8925,2024-02-12,2,mobile,organic,homepage,False
S2_02688,U3093,2024-02-15,2,mobile,social,homepage,True
S2_02689,U3751,2024-02-13,2,mobile,organic,homepage,False
S2_02690,U6234,2024-02-16,2,mobile,organic,homepage,False
S2_02691,U9823,2024-02-14,2,desktop,direct,homepage,False
S2_02692,U791,2024-02-17,2,mobile,paid_search,homepage,False
S2_02693,U8556,2024-02-12,2,mobile,organic,homepage,False
S2_02694,U1329,2024-02-17,2,mobile,direct,product,False
S2_02695,U7719,2024-02-13,2,mobile,paid_search,homepage,True
S2_02696,U828,2024-02-15,2,desktop,organic,product,False
S2_02697,U7936,2024-02-12,2,mobile,paid_search,product,False
S2_02698,U8218,2024-02-18,2,mobile,social,product,False
S2_02699,U2823,2024-02-17,2,tablet,organic,homepage,False
S2_02700,U4291,2024-02-18,2,mobile,social,product,False
S2_02701,U1721,2024-02-15,2,mobile,paid_search,homepage,False
S2_02702,U5162,2024-02-18,2,mobile,organic,homepage,False
S2_02703,U7989,2024-02-14,2,mobile,organic,homepage,False
S2_02704,U4598,2024-02-13,2,mobile,organic,product,False
S2_02705,U3856,2024-02-18,2,mobile,social,product,False
S2_02706,U480,2024-02-15,2,desktop,paid_search,pricing,False
S2_02707,U5300,2024-02-13,2,mobile,paid_search,pricing,False
S2_02708,U8663,2024-02-16,2,mobile,social,pricing,False
S2_02709,U5686,2024-02-15,2,mobile,paid_search,product,False
S2_02710,U4313,2024-02-18,2,desktop,social,pricing,False
S2_02711,U454,2024-02-17,2,mobile,social,product,False
S2_02712,U6082,2024-02-16,2,desktop,social,product,False
S2_02713,U3418,2024-02-14,2,desktop,organic,pricing,True
S2_02714,U1187,2024-02-18,2,desktop,paid_search,homepage,False
S2_02715,U572,2024-02-18,2,mobile,organic,homepage,False
S2_02716,U9440,2024-02-13,2,desktop,direct,pricing,False
S2_02717,U5712,2024-02-16,2,desktop,social,product,False
S2_02718,U9127,2024-02-14,2,mobile,social,product,False
S2_02719,U2464,2024-02-16,2,mobile,paid_search,product,False
S2_02720,U8620,2024-02-13,2,mobile,paid_search,pricing,False
S2_02721,U9505,2024-02-17,2,desktop,social,pricing,False
S2_02722,U51,2024-02-14,2,mobile,paid_search,homepage,False
S2_02723,U7688,2024-02-17,2,mobile,organic,homepage,False
S2_02724,U4957,2024-02-15,2,desktop,paid_search,homepage,False
S2_02725,U7893,2024-02-17,2,mobile,paid_search,pricing,False
S2_02726,U7101,2024-02-16,2,mobile,paid_search,product,False
S2_02727,U3912,2024-02-13,2,mobile,organic,pricing,False
S2_02728,U8652,2024-02-17,2,desktop,paid_search,pricing,False
S2_02729,U9040,2024-02-18,2,mobile,social,pricing,False
S2_02730,U3160,2024-02-17,2,mobile,social,homepage,False
S2_02731,U4774,2024-02-13,2,mobile,organic,homepage,False
S2_02732,U7105,2024-02-14,2,mobile,social,product,False
S2_02733,U8183,2024-02-17,2,desktop,organic,homepage,False
S2_02734,U9692,2024-02-15,2,mobile,paid_search,product,False
S2_02735,U5142,2024-02-17,2,desktop,paid_search,product,False
S2_02736,U5039,2024-02-16,2,mobile,direct,homepage,False
S2_02737,U9265,2024-02-13,2,desktop,organic,product,False
S2_02738,U3705,2024-02-14,2,desktop,paid_search,product,False
S2_02739,U6092,2024-02-13,2,mobile,organic,homepage,True
S2_02740,U2559,2024-02-18,2,desktop,organic,pricing,True
S2_02741,U6561,2024-02-16,2,mobile,social,product,False
S2_02742,U6899,2024-02-12,2,desktop,organic,pricing,False
S2_02743,U8276,2024-02-15,2,desktop,organic,pricing,False
S2_02744,U5225,2024-02-15,2,mobile,paid_search,product,False
S2_02745,U7118,2024-02-17,2,mobile,direct,homepage,False
S2_02746,U3067,2024-02-17,2,mobile,social,homepage,False
S2_02747,U3010,2024-02-17,2,desktop,paid_search,product,False
S2_02748,U3545,2024-02-14,2,mobile,paid_search,pricing,False
S2_02749,U6798,2024-02-12,2,mobile,direct,homepage,False
S2_02750,U4218,2024-02-15,2,desktop,organic,product,False
S2_02751,U7384,2024-02-17,2,tablet,paid_search,homepage,False
S2_02752,U9287,2024-02-16,2,desktop,paid_search,homepage,False
S2_02753,U7779,2024-02-14,2,desktop,organic,pricing,False
S2_02754,U1212,2024-02-18,2,mobile,direct,product,False
S2_02755,U2744,2024-02-18,2,desktop,organic,product,False
S2_02756,U1516,2024-02-16,2,mobile,organic,product,False
S2_02757,U5914,2024-02-17,2,mobile,organic,pricing,False
S2_02758,U8889,2024-02-18,2,desktop,social,homepage,False
S2_02759,U4830,2024-02-17,2,desktop,direct,homepage,False
S2_02760,U7764,2024-02-17,2,desktop,social,pricing,False
S2_02761,U7107,2024-02-13,2,desktop,organic,homepage,False
S2_02762,U3701,2024-02-13,2,mobile,social,homepage,False
S2_02763,U5144,2024-02-18,2,mobile,paid_search,product,False
S2_02764,U4518,2024-02-15,2,mobile,direct,product,False
S2_02765,U478,2024-02-16,2,desktop,organic,pricing,False
S2_02766,U7985,2024-02-18,2,tablet,organic,pricing,False
S2_02767,U7934,2024-02-18,2,desktop,paid_search,pricing,False
S2_02768,U3520,2024-02-15,2,desktop,organic,product,True
S2_02769,U9567,2024-02-12,2,mobile,social,homepage,False
S2_02770,U1384,2024-02-18,2,mobile,social,pricing,False
S2_02771,U5171,2024-02-12,2,tablet,social,product,False
S2_02772,U1302,2024-02-14,2,desktop,direct,product,False
S2_02773,U7897,2024-02-15,2,mobile,organic,homepage,False
S2_02774,U9834,2024-02-17,2,mobile,organic,product,False
S2_02775,U984,2024-02-18,2,mobile,organic,product,False
S2_02776,U1848,2024-02-12,2,desktop,paid_search,product,False
S2_02777,U6506,2024-02-12,2,mobile,organic,homepage,False
S2_02778,U9062,2024-02-15,2,desktop,paid_search,homepage,False
S2_02779,U9639,2024-02-17,2,mobile,paid_search,product,False
S2_02780,U2229,2024-02-18,2,desktop,direct,homepage,False
S2_02781,U8800,2024-02-12,2,desktop,social,pricing,False
S2_02782,U825,2024-02-15,2,mobile,social,pricing,False
S2_02783,U2669,2024-02-14,2,mobile,organic,product,False
S2_02784,U1297,2024-02-14,2,mobile,paid_search,pricing,False
S2_02785,U7532,2024-02-12,2,mobile,organic,pricing,False
S2_02786,U4305,2024-02-16,2,desktop,organic,homepage,True
S2_02787,U5998,2024-02-14,2,desktop,organic,product,True
S2_02788,U1264,2024-02-14,2,mobile,direct,pricing,False
S2_02789,U8821,2024-02-13,2,desktop,organic,pricing,False
S2_02790,U4151,2024-02-12,2,mobile,organic,product,False
S2_02791,U131,2024-02-14,2,mobile,organic,product,False
S2_02792,U6305,2024-02-12,2,mobile,direct,pricing,False
S2_02793,U3176,2024-02-12,2,mobile,organic,pricing,False
S2_02794,U5644,2024-02-16,2,desktop,social,product,False
S2_02795,U605,2024-02-15,2,mobile,organic,pricing,False
S2_02796,U6946,2024-02-15,2,mobile,organic,homepage,True
S2_02797,U9563,2024-02-12,2,mobile,organic,homepage,False
S2_02798,U9195,2024-02-14,2,mobile,social,pricing,False
S2_02799,U8111,2024-02-17,2,mobile,organic,homepage,False
S2_02800,U4877,2024-02-13,2,desktop,social,homepage,False
S2_02801,U2712,2024-02-14,2,mobile,organic,pricing,False
S2_02802,U5000,2024-02-12,2,desktop,social,homepage,False
S2_02803,U6877,2024-02-18,2,mobile,organic,homepage,False
S2_02804,U3033,2024-02-17,2,mobile,organic,homepage,False
S2_02805,U5266,2024-02-17,2,mobile,organic,product,False
S2_02806,U5196,2024-02-18,2,mobile,organic,pricing,False
S2_02807,U6013,2024-02-13,2,tablet,organic,pricing,False
S2_02808,U3065,2024-02-17,2,mobile,organic,homepage,False
S2_02809,U5618,2024-02-17,2,desktop,paid_search,homepage,False
S2_02810,U2062,2024-02-12,2,desktop,paid_search,product,False
S2_02811,U7673,2024-02-17,2,mobile,direct,pricing,True
S2_02812,U9449,2024-02-17,2,mobile,organic,homepage,False
S2_02813,U6079,2024-02-12,2,mobile,social,product,False
S2_02814,U2931,2024-02-14,2,mobile,organic,product,False
S2_02815,U2653,2024-02-13,2,mobile,social,homepage,False
S2_02816,U1534,2024-02-12,2,mobile,paid_search,product,False
S2_02817,U3428,2024-02-14,2,mobile,paid_search,homepage,False
S2_02818,U7842,2024-02-18,2,desktop,paid_search,homepage,False
S2_02819,U5888,2024-02-17,2,mobile,organic,pricing,False
S2_02820,U4928,2024-02-17,2,mobile,paid_search,product,False
S2_02821,U3833,2024-02-13,2,desktop,social,pricing,True
S2_02822,U2846,2024-02-14,2,desktop,social,homepage,False
S2_02823,U3776,2024-02-12,2,mobile,organic,homepage,False
S2_02824,U4907,2024-02-16,2,desktop,organic,homepage,False
S2_02825,U9628,2024-02-12,2,desktop,social,product,False
S2_02826,U8339,2024-02-18,2,desktop,social,product,False
S2_02827,U9480,2024-02-14,2,mobile,organic,product,False
S2_02828,U9577,2024-02-14,2,mobile,organic,pricing,False
S2_02829,U7416,2024-02-17,2,mobile,paid_search,homepage,False
S2_02830,U4815,2024-02-18,2,desktop,paid_search,homepage,False
S2_02831,U5227,2024-02-15,2,mobile,social,pricing,False
S2_02832,U2434,2024-02-14,2,mobile,organic,homepage,False
S2_02833,U9188,2024-02-13,2,desktop,paid_search,homepage,False
S2_02834,U7950,2024-02-14,2,mobile,paid_search,product,False
S2_02835,U9045,2024-02-14,2,mobile,direct,product,False
S2_02836,U4036,2024-02-13,2,desktop,social,homepage,False
S2_02837,U3708,2024-02-16,2,mobile,direct,product,False
S2_02838,U5968,2024-02-18,2,mobile,paid_search,product,False
S2_02839,U9263,2024-02-17,2,tablet,organic,homepage,False
S2_02840,U8575,2024-02-15,2,mobile,paid_search,product,False
S2_02841,U5490,2024-02-12,2,mobile,paid_search,homepage,False
S2_02842,U2537,2024-02-17,2,mobile,organic,product,False
S2_02843,U8773,2024-02-12,2,desktop,organic,pricing,False
S2_02844,U1027,2024-02-12,2,mobile,organic,homepage,False
S2_02845,U6975,2024-02-14,2,desktop,organic,homepage,True
S2_02846,U210,2024-02-12,2,tablet,social,pricing,False
S2_02847,U4790,2024-02-17,2,desktop,organic,pricing,True
S2_02848,U6101,2024-02-15,2,desktop,organic,product,False
S2_02849,U563,2024-02-13,2,mobile,organic,pricing,False
S2_02850,U3485,2024-02-14,2,desktop,paid_search,product,False
S2_02851,U4427,2024-02-15,2,mobile,paid_search,pricing,False
S2_02852,U4032,2024-02-18,2,mobile,organic,homepage,False
S2_02853,U1086,2024-02-12,2,desktop,paid_search,homepage,False
S2_02854,U7428,2024-02-13,2,mobile,paid_search,pricing,False
S2_02855,U2338,2024-02-14,2,mobile,direct,pricing,False
S2_02856,U7386,2024-02-14,2,desktop,paid_search,homepage,False
S2_02857,U737,2024-02-15,2,mobile,paid_search,product,False
S2_02858,U2042,2024-02-17,2,mobile,organic,pricing,False
S2_02859,U7009,2024-02-17,2,desktop,organic,product,False
S2_02860,U8302,2024-02-15,2,mobile,direct,pricing,False
S2_02861,U1708,2024-02-16,2,mobile,paid_search,product,False
S2_02862,U6085,2024-02-17,2,desktop,paid_search,pricing,False
S2_02863,U3185,2024-02-18,2,desktop,social,pricing,False
S2_02864,U2296,2024-02-12,2,mobile,paid_search,homepage,False
S2_02865,U2685,2024-02-12,2,mobile,organic,pricing,True
S2_02866,U4400,2024-02-14,2,desktop,social,pricing,False
S2_02867,U9412,2024-02-17,2,mobile,paid_search,pricing,False
S2_02868,U9363,2024-02-13,2,mobile,paid_search,homepage,False
S2_02869,U8143,2024-02-16,2,mobile,organic,product,False
S2_02870,U3519,2024-02-18,2,tablet,social,homepage,False
S2_02871,U1105,2024-02-17,2,desktop,organic,pricing,False
S2_02872,U6800,2024-02-15,2,mobile,paid_search,pricing,False
S2_02873,U5531,2024-02-17,2,tablet,organic,product,False
S2_02874,U4578,2024-02-15,2,desktop,organic,pricing,False
S2_02875,U7156,2024-02-16,2,mobile,paid_search,product,False
S2_02876,U6248,2024-02-15,2,tablet,direct,product,False
S2_02877,U517,2024-02-14,2,mobile,organic,product,False
S2_02878,U2032,2024-02-14,2,desktop,organic,homepage,False
S2_02879,U1169,2024-02-16,2,desktop,organic,homepage,False
S2_02880,U5226,2024-02-18,2,mobile,organic,pricing,False
S2_02881,U8883,2024-02-12,2,mobile,organic,product,False
S2_02882,U9852,2024-02-14,2,desktop,organic,homepage,True
S2_02883,U112,2024-02-12,2,mobile,paid_search,pricing,False
S2_02884,U2608,2024-02-18,2,mobile,organic,pricing,False
S2_02885,U3492,2024-02-16,2,mobile,organic,homepage,False
S2_02886,U6307,2024-02-14,2,desktop,paid_search,pricing,True
S2_02887,U1733,2024-02-17,2,mobile,social,pricing,False
S2_02888,U2827,2024-02-15,2,desktop,paid_search,homepage,False
S2_02889,U6647,2024-02-12,2,mobile,paid_search,pricing,False
S2_02890,U1939,2024-02-16,2,desktop,paid_search,product,False
S2_02891,U5374,2024-02-17,2,desktop,paid_search,pricing,False
S2_02892,U7657,2024-02-15,2,mobile,organic,homepage,False
S2_02893,U2897,2024-02-12,2,mobile,paid_search,product,False
S2_02894,U9008,2024-02-14,2,mobile,direct,pricing,False
S2_02895,U9038,2024-02-14,2,mobile,paid_search,homepage,False
S2_02896,U2519,2024-02-18,2,desktop,organic,homepage,False
S2_02897,U508,2024-02-16,2,mobile,organic,homepage,False
S2_02898,U9111,2024-02-14,2,mobile,paid_search,product,False
S2_02899,U2775,2024-02-16,2,mobile,organic,homepage,False
S2_02900,U7353,2024-02-14,2,desktop,paid_search,product,False
S2_02901,U2574,2024-02-15,2,desktop,social,homepage,False
S2_02902,U1184,2024-02-18,2,mobile,social,homepage,False
S2_02903,U755,2024-02-16,2,desktop,paid_search,product,False
S2_02904,U146,2024-02-12,2,mobile,paid_search,product,False
S2_02905,U5287,2024-02-12,2,mobile,social,pricing,False
S2_02906,U8489,2024-02-15,2,desktop,paid_search,pricing,False
S2_02907,U1783,2024-02-18,2,mobile,social,pricing,False
S2_02908,U9290,2024-02-18,2,mobile,organic,pricing,False
S2_02909,U4402,2024-02-12,2,mobile,organic,product,False
S2_02910,U8850,2024-02-18,2,tablet,organic,homepage,True
S2_02911,U4984,2024-02-18,2,desktop,organic,product,False
S2_02912,U8814,2024-02-15,2,desktop,social,product,True
S2_02913,U7281,2024-02-16,2,mobile,paid_search,product,False
S2_02914,U941,2024-02-17,2,mobile,organic,product,False
S2_02915,U7889,2024-02-12,2,desktop,paid_search,pricing,False
S2_02916,U6167,2024-02-15,2,mobile,paid_search,pricing,False
S2_02917,U887,2024-02-17,2,mobile,organic,homepage,False
S2_02918,U4834,2024-02-17,2,mobile,organic,homepage,False
S2_02919,U5793,2024-02-12,2,mobile,social,homepage,False
S2_02920,U3952,2024-02-15,2,desktop,organic,homepage,False
S2_02921,U9695,2024-02-18,2,desktop,social,homepage,False
S2_02922,U4416,2024-02-15,2,desktop,paid_search,product,False
S2_02923,U4873,2024-02-17,2,tablet,paid_search,homepage,False
S2_02924,U5706,2024-02-12,2,mobile,social,homepage,False
S2_02925,U2935,2024-02-17,2,mobile,social,pricing,False
S2_02926,U8872,2024-02-15,2,mobile,organic,product,False
S2_02927,U7268,2024-02-12,2,desktop,paid_search,product,False
S2_02928,U3755,2024-02-18,2,mobile,social,product,False
S2_02929,U8854,2024-02-17,2,tablet,direct,pricing,False
S2_02930,U6243,2024-02-16,2,mobile,organic,product,False
S2_02931,U7222,2024-02-16,2,mobile,direct,pricing,False
S2_02932,U2978,2024-02-15,2,mobile,social,homepage,False
S2_02933,U7463,2024-02-13,2,mobile,paid_search,homepage,False
S2_02934,U6927,2024-02-18,2,mobile,paid_search,pricing,False
S2_02935,U1126,2024-02-16,2,mobile,organic,homepage,False
S2_02936,U3707,2024-02-15,2,desktop,organic,product,False
S2_02937,U4388,2024-02-18,2,mobile,social,product,False
S2_02938,U8119,2024-02-15,2,desktop,social,homepage,False
S2_02939,U3857,2024-02-15,2,desktop,social,pricing,False
S2_02940,U5503,2024-02-12,2,mobile,organic,homepage,False
S2_02941,U7107,2024-02-17,2,mobile,paid_search,product,False
S2_02942,U9242,2024-02-12,2,mobile,paid_search,product,True
S2_02943,U7246,2024-02-18,2,desktop,direct,product,False
S2_02944,U1372,2024-02-17,2,desktop,paid_search,product,False
S2_02945,U8795,2024-02-14,2,desktop,social,product,False
S2_02946,U4178,2024-02-17,2,desktop,social,product,False
S2_02947,U3988,2024-02-17,2,mobile,paid_search,homepage,False
S2_02948,U1628,2024-02-15,2,desktop,direct,pricing,False
S2_02949,U3787,2024-02-16,2,mobile,organic,pricing,False
S2_02950,U6296,2024-02-14,2,desktop,paid_search,pricing,False
S2_02951,U1538,2024-02-15,2,desktop,organic,homepage,True
S2_02952,U2727,2024-02-17,2,mobile,social,product,False
S2_02953,U2364,2024-02-15,2,mobile,organic,product,False
S2_02954,U9229,2024-02-17,2,desktop,paid_search,pricing,False
S2_02955,U6378,2024-02-15,2,mobile,paid_search,homepage,False
S2_02956,U195,2024-02-17,2,mobile,social,pricing,False
S2_02957,U1106,2024-02-15,2,desktop,paid_search,pricing,False
S2_02958,U6747,2024-02-17,2,desktop,paid_search,product,False
S2_02959,U6342,2024-02-14,2,tablet,organic,pricing,False
S2_02960,U699,2024-02-14,2,desktop,social,product,False
S2_02961,U3851,2024-02-15,2,mobile,social,product,False
S2_02962,U3119,2024-02-13,2,tablet,social,homepage,False
S2_02963,U1681,2024-02-17,2,mobile,organic,pricing,False
S2_02964,U3803,2024-02-18,2,mobile,paid_search,homepage,False
S2_02965,U9664,2024-02-16,2,mobile,organic,product,False
S2_02966,U6409,2024-02-17,2,mobile,organic,product,False
S2_02967,U7429,2024-02-13,2,mobile,organic,pricing,False
S2_02968,U2841,2024-02-16,2,mobile,organic,homepage,False
S2_02969,U5410,2024-02-13,2,desktop,social,homepage,False
S2_02970,U169,2024-02-16,2,desktop,paid_search,pricing,False
S2_02971,U4904,2024-02-14,2,mobile,paid_search,pricing,False
S2_02972,U6865,2024-02-17,2,desktop,paid_search,product,False
S2_02973,U2513,2024-02-18,2,mobile,paid_search,product,False
S2_02974,U872,2024-02-18,2,mobile,social,product,False
S2_02975,U7739,2024-02-15,2,mobile,organic,product,False
S2_02976,U7120,2024-02-12,2,mobile,organic,homepage,False
S2_02977,U6342,2024-02-12,2,mobile,organic,product,False
S2_02978,U9115,2024-02-17,2,mobile,organic,homepage,False
S2_02979,U2820,2024-02-12,2,mobile,organic,homepage,False
S2_02980,U3693,2024-02-14,2,desktop,organic,product,False
S2_02981,U2947,2024-02-17,2,mobile,paid_search,homepage,False
S2_02982,U567,2024-02-14,2,mobile,organic,homepage,False
S2_02983,U8508,2024-02-12,2,mobile,organic,homepage,False
S2_02984,U9494,2024-02-18,2,tablet,social,homepage,False
S2_02985,U8145,2024-02-15,2,mobile,social,homepage,False
S2_02986,U8060,2024-02-13,2,desktop,paid_search,homepage,True
S2_02987,U1264,2024-02-13,2,mobile,paid_search,product,False
S2_02988,U3302,2024-02-15,2,desktop,social,product,False
S2_02989,U9591,2024-02-16,2,mobile,paid_search,product,False
S2_02990,U55,2024-02-12,2,mobile,direct,pricing,False
S2_02991,U6314,2024-02-15,2,mobile,organic,pricing,False
S2_02992,U6098,2024-02-15,2,mobile,social,product,False
S2_02993,U4609,2024-02-13,2,mobile,organic,pricing,False
S2_02994,U8603,2024-02-17,2,desktop,organic,product,False
S2_02995,U5235,2024-02-17,2,mobile,paid_search,pricing,False
S2_02996,U3579,2024-02-14,2,desktop,organic,pricing,False
S2_02997,U3332,2024-02-15,2,mobile,organic,pricing,False
S2_02998,U4804,2024-02-17,2,mobile,paid_search,product,True
S2_02999,U1588,2024-02-15,2,desktop,organic,homepage,False
S2_03000,U9199,2024-02-15,2,mobile,organic,pricing,False
S2_03001,U3051,2024-02-18,2,mobile,social,homepage,False
S2_03002,U5915,2024-02-16,2,desktop,organic,pricing,False
S2_03003,U2738,2024-02-12,2,mobile,social,homepage,False
S2_03004,U7000,2024-02-16,2,mobile,paid_search,homepage,False
S2_03005,U7714,2024-02-14,2,mobile,organic,product,False
S2_03006,U6644,2024-02-14,2,desktop,social,pricing,False
S2_03007,U1249,2024-02-13,2,desktop,organic,product,False
S2_03008,U8111,2024-02-13,2,desktop,paid_search,product,False
S2_03009,U1293,2024-02-17,2,desktop,organic,product,False
S2_03010,U462,2024-02-13,2,mobile,direct,product,False
S2_03011,U2157,2024-02-13,2,mobile,organic,homepage,False
S2_03012,U8614,2024-02-14,2,desktop,direct,product,False
S2_03013,U1862,2024-02-13,2,mobile,organic,product,False
S2_03014,U9900,2024-02-18,2,desktop,direct,product,False
S2_03015,U7726,2024-02-12,2,mobile,organic,pricing,False
S2_03016,U7486,2024-02-14,2,desktop,direct,pricing,False
S2_03017,U8996,2024-02-14,2,tablet,paid_search,pricing,False
S2_03018,U8394,2024-02-15,2,mobile,direct,pricing,False
S2_03019,U1248,2024-02-15,2,mobile,organic,pricing,False
S2_03020,U1423,2024-02-12,2,desktop,organic,pricing,False
S2_03021,U3244,2024-02-17,2,desktop,organic,homepage,False
S2_03022,U3722,2024-02-17,2,desktop,organic,pricing,False
S2_03023,U9347,2024-02-17,2,mobile,paid_search,homepage,False
S2_03024,U8952,2024-02-18,2,mobile,social,pricing,False
S2_03025,U5827,2024-02-13,2,desktop,organic,pricing,False
S2_03026,U4996,2024-02-18,2,mobile,social,pricing,False
S2_03027,U6787,2024-02-12,2,desktop,paid_search,pricing,False
S2_03028,U8396,2024-02-12,2,mobile,organic,homepage,False
S2_03029,U8623,2024-02-12,2,mobile,paid_search,product,False
S2_03030,U9844,2024-02-18,2,mobile,paid_search,pricing,False
S2_03031,U5635,2024-02-17,2,mobile,paid_search,product,True
S2_03032,U9642,2024-02-16,2,mobile,paid_search,homepage,False
S2_03033,U4101,2024-02-17,2,desktop,organic,homepage,False
S2_03034,U9734,2024-02-14,2,mobile,social,homepage,False
S2_03035,U765,2024-02-18,2,desktop,social,homepage,False
S2_03036,U8210,2024-02-15,2,mobile,organic,pricing,False
S2_03037,U4543,2024-02-17,2,mobile,social,homepage,False
S2_03038,U1244,2024-02-16,2,tablet,paid_search,pricing,False
S2_03039,U579,2024-02-14,2,mobile,organic,pricing,False
S2_03040,U3557,2024-02-14,2,desktop,organic,homepage,False
S2_03041,U2802,2024-02-16,2,desktop,organic,pricing,False
S2_03042,U7498,2024-02-15,2,mobile,paid_search,product,False
S2_03043,U7358,2024-02-16,2,mobile,organic,product,True
S2_03044,U2676,2024-02-14,2,mobile,paid_search,pricing,False
S2_03045,U6107,2024-02-14,2,mobile,organic,pricing,False
S2_03046,U6370,2024-02-13,2,mobile,organic,product,False
S2_03047,U5339,2024-02-18,2,mobile,social,product,False
S2_03048,U1216,2024-02-18,2,mobile,organic,product,True
S2_03049,U6112,2024-02-17,2,desktop,paid_search,product,False
S2_03050,U4480,2024-02-12,2,mobile,paid_search,pricing,False
S2_03051,U6177,2024-02-17,2,desktop,organic,product,False
S2_03052,U5644,2024-02-13,2,desktop,organic,homepage,False
S2_03053,U6071,2024-02-17,2,mobile,organic,product,False
S2_03054,U2086,2024-02-12,2,mobile,direct,product,False
S2_03055,U4810,2024-02-12,2,mobile,organic,pricing,False
S2_03056,U7928,2024-02-14,2,mobile,direct,pricing,False
S2_03057,U509,2024-02-16,2,mobile,paid_search,pricing,False
S2_03058,U767,2024-02-18,2,desktop,organic,pricing,False
S2_03059,U4179,2024-02-17,2,desktop,paid_search,pricing,False
S2_03060,U9594,2024-02-15,2,mobile,direct,pricing,True
S2_03061,U4445,2024-02-13,2,desktop,organic,homepage,False
S2_03062,U5806,2024-02-16,2,mobile,social,product,False
S2_03063,U8421,2024-02-17,2,tablet,social,homepage,False
S2_03064,U4661,2024-02-16,2,desktop,paid_search,product,False
S2_03065,U5292,2024-02-16,2,tablet,direct,product,False
S2_03066,U6026,2024-02-14,2,mobile,paid_search,product,False
S2_03067,U7273,2024-02-12,2,mobile,organic,homepage,False
S2_03068,U638,2024-02-13,2,desktop,organic,homepage,True
S2_03069,U911,2024-02-15,2,desktop,organic,homepage,False
S2_03070,U4945,2024-02-12,2,mobile,organic,pricing,False
S2_03071,U8600,2024-02-17,2,desktop,organic,pricing,False
S2_03072,U3370,2024-02-18,2,tablet,direct,homepage,False
S2_03073,U1280,2024-02-16,2,mobile,direct,homepage,False
S2_03074,U1024,2024-02-17,2,mobile,organic,pricing,False
S2_03075,U6387,2024-02-12,2,mobile,organic,product,False
S2_03076,U8512,2024-02-16,2,mobile,organic,pricing,False
S2_03077,U1251,2024-02-13,2,mobile,paid_search,pricing,False
S2_03078,U9940,2024-02-17,2,desktop,paid_search,product,False
S2_03079,U4878,2024-02-16,2,mobile,social,product,False
S2_03080,U1841,2024-02-14,2,desktop,social,product,False
S2_03081,U3860,2024-02-17,2,mobile,organic,product,False
S2_03082,U9996,2024-02-18,2,tablet,organic,pricing,False
S2_03083,U4891,2024-02-17,2,desktop,social,homepage,False
S2_03084,U6445,2024-02-18,2,mobile,social,pricing,False
S2_03085,U7068,2024-02-13,2,mobile,organic,product,False
S2_03086,U4641,2024-02-18,2,mobile,organic,homepage,True
S2_03087,U1281,2024-02-12,2,mobile,social,pricing,False
S2_03088,U9494,2024-02-14,2,desktop,direct,product,False
S2_03089,U6846,2024-02-16,2,desktop,organic,pricing,False
S2_03090,U6866,2024-02-15,2,mobile,social,pricing,False
S2_03091,U3543,2024-02-13,2,desktop,paid_search,pricing,False
S2_03092,U5591,2024-02-12,2,tablet,organic,product,False
S2_03093,U7162,2024-02-15,2,desktop,direct,pricing,False
S2_03094,U2437,2024-02-17,2,mobile,organic,pricing,False
S2_03095,U7198,2024-02-12,2,mobile,paid_search,pricing,True
S2_03096,U3427,2024-02-16,2,desktop,paid_search,pricing,False
S2_03097,U6861,2024-02-15,2,mobile,direct,homepage,False
S2_03098,U1842,2024-02-12,2,tablet,organic,pricing,False
S2_03099,U7713,2024-02-14,2,mobile,paid_search,pricing,False
S2_03100,U8675,2024-02-15,2,mobile,organic,homepage,False
S2_03101,U8623,2024-02-17,2,mobile,paid_search,homepage,False
S2_03102,U7307,2024-02-14,2,mobile,paid_search,product,False
S2_03103,U2839,2024-02-13,2,mobile,organic,homepage,False
S2_03104,U9557,2024-02-14,2,mobile,organic,pricing,False
S2_03105,U2151,2024-02-18,2,mobile,social,pricing,False
S2_03106,U5173,2024-02-18,2,desktop,social,homepage,False
S2_03107,U6109,2024-02-14,2,mobile,social,product,False
S2_03108,U4792,2024-02-12,2,mobile,organic,product,False
S2_03109,U4637,2024-02-14,2,tablet,paid_search,product,False
S2_03110,U5243,2024-02-13,2,mobile,paid_search,homepage,False
S2_03111,U733,2024-02-17,2,mobile,direct,pricing,False
S2_03112,U8262,2024-02-17,2,desktop,direct,homepage,False
S2_03113,U3753,2024-02-15,2,mobile,direct,product,False
S2_03114,U6517,2024-02-16,2,desktop,organic,homepage,True
S2_03115,U5598,2024-02-13,2,desktop,direct,pricing,False
S2_03116,U8489,2024-02-13,2,mobile,social,pricing,False
S2_03117,U162,2024-02-15,2,mobile,direct,pricing,False
S2_03118,U5286,2024-02-12,2,mobile,direct,pricing,False
S2_03119,U8410,2024-02-16,2,mobile,organic,pricing,False
S2_03120,U8916,2024-02-13,2,mobile,paid_search,product,False
S2_03121,U5741,2024-02-14,2,desktop,paid_search,pricing,False
S2_03122,U5800,2024-02-12,2,mobile,organic,homepage,False
S2_03123,U3255,2024-02-12,2,mobile,organic,homepage,False
S2_03124,U4985,2024-02-16,2,mobile,organic,product,False
S2_03125,U3044,2024-02-17,2,desktop,organic,pricing,True
S2_03126,U3593,2024-02-14,2,desktop,organic,homepage,False
S2_03127,U4402,2024-02-16,2,desktop,organic,homepage,True
S2_03128,U9140,2024-02-16,2,mobile,organic,homepage,False
S2_03129,U1911,2024-02-17,2,mobile,organic,homepage,False
S2_03130,U2064,2024-02-14,2,mobile,paid_search,homepage,False
S2_03131,U7854,2024-02-12,2,desktop,social,pricing,False
S2_03132,U2009,2024-02-13,2,desktop,paid_search,pricing,False
S2_03133,U8289,2024-02-18,2,desktop,social,homepage,False
S2_03134,U5736,2024-02-12,2,desktop,organic,homepage,True
S2_03135,U2998,2024-02-13,2,mobile,social,homepage,False
S2_03136,U1412,2024-02-18,2,mobile,paid_search,pricing,False
S2_03137,U7798,2024-02-18,2,desktop,organic,pricing,False
S2_03138,U838,2024-02-12,2,tablet,paid_search,homepage,False
S2_03139,U1713,2024-02-13,2,mobile,organic,product,False
S2_03140,U5706,2024-02-18,2,mobile,organic,pricing,True
S2_03141,U9474,2024-02-15,2,mobile,social,homepage,False
S2_03142,U7182,2024-02-12,2,desktop,organic,product,False
S2_03143,U8311,2024-02-14,2,desktop,organic,product,False
S2_03144,U1395,2024-02-17,2,mobile,social,product,False
S2_03145,U6582,2024-02-12,2,mobile,social,homepage,False
S2_03146,U7436,2024-02-16,2,mobile,organic,pricing,False
S2_03147,U1308,2024-02-13,2,mobile,organic,homepage,False
S2_03148,U6699,2024-02-18,2,mobile,paid_search,product,False
S2_03149,U1561,2024-02-13,2,desktop,direct,product,False
S2_03150,U5976,2024-02-12,2,mobile,paid_search,pricing,False
S2_03151,U6086,2024-02-16,2,desktop,direct,homepage,False
S2_03152,U6504,2024-02-12,2,desktop,organic,pricing,False
S2_03153,U4292,2024-02-13,2,mobile,paid_search,product,False
S2_03154,U1578,2024-02-13,2,mobile,paid_search,product,False
S2_03155,U9818,2024-02-17,2,mobile,organic,homepage,False
S2_03156,U5962,2024-02-14,2,mobile,organic,homepage,False
S2_03157,U6742,2024-02-16,2,desktop,organic,homepage,False
S2_03158,U2097,2024-02-17,2,mobile,organic,product,False
S2_03159,U1194,2024-02-12,2,desktop,organic,homepage,False
S2_03160,U9426,2024-02-18,2,mobile,social,pricing,False
S2_03161,U6131,2024-02-14,2,mobile,paid_search,homepage,False
S2_03162,U2681,2024-02-14,2,tablet,organic,product,False
S2_03163,U6907,2024-02-13,2,mobile,social,homepage,False
S2_03164,U1516,2024-02-13,2,mobile,organic,pricing,False
S2_03165,U849,2024-02-12,2,desktop,paid_search,homepage,True
S2_03166,U3026,2024-02-12,2,mobile,social,pricing,False
S2_03167,U89,2024-02-13,2,desktop,direct,homepage,False
S2_03168,U5773,2024-02-12,2,mobile,paid_search,pricing,False
S2_03169,U6645,2024-02-16,2,desktop,paid_search,homepage,False
S2_03170,U5991,2024-02-15,2,mobile,paid_search,homepage,False
S2_03171,U4690,2024-02-12,2,mobile,organic,pricing,False
S2_03172,U4860,2024-02-16,2,mobile,organic,pricing,False
S2_03173,U418,2024-02-12,2,mobile,organic,pricing,False
S2_03174,U9906,2024-02-13,2,mobile,paid_search,homepage,False
S2_03175,U5055,2024-02-18,2,desktop,paid_search,pricing,True
S2_03176,U3463,2024-02-17,2,mobile,organic,homepage,True
S2_03177,U791,2024-02-16,2,desktop,paid_search,product,False
S2_03178,U2624,2024-02-17,2,desktop,social,pricing,False
S2_03179,U9895,2024-02-17,2,mobile,organic,pricing,False
S2_03180,U1254,2024-02-17,2,mobile,organic,pricing,False
S2_03181,U851,2024-02-15,2,mobile,organic,homepage,False
S2_03182,U1139,2024-02-13,2,mobile,organic,product,False
S2_03183,U9051,2024-02-15,2,mobile,social,product,False
S2_03184,U6807,2024-02-14,2,mobile,paid_search,pricing,False
S2_03185,U5160,2024-02-15,2,desktop,organic,pricing,False
S2_03186,U889,2024-02-18,2,mobile,social,pricing,False
S2_03187,U2957,2024-02-18,2,desktop,social,product,False
S2_03188,U2730,2024-02-14,2,desktop,social,pricing,False
S2_03189,U9797,2024-02-18,2,mobile,direct,pricing,False
S2_03190,U4069,2024-02-15,2,mobile,organic,product,False
S2_03191,U8145,2024-02-15,2,mobile,social,pricing,False
S2_03192,U3078,2024-02-12,2,mobile,social,homepage,False
S2_03193,U432,2024-02-18,2,desktop,organic,pricing,True
S2_03194,U1784,2024-02-12,2,mobile,social,homepage,False
S2_03195,U9693,2024-02-17,2,desktop,paid_search,homepage,False
S2_03196,U7098,2024-02-16,2,desktop,paid_search,pricing,False
S2_03197,U1352,2024-02-12,2,mobile,organic,pricing,False
S2_03198,U9756,2024-02-16,2,desktop,social,homepage,True
S2_03199,U8372,2024-02-12,2,desktop,paid_search,pricing,False
S2_03200,U8432,2024-02-15,2,mobile,social,homepage,False
S2_03201,U7190,2024-02-18,2,tablet,paid_search,homepage,False
S2_03202,U2408,2024-02-18,2,mobile,social,product,False
S2_03203,U542,2024-02-13,2,mobile,paid_search,homepage,False
S2_03204,U6470,2024-02-13,2,mobile,organic,homepage,True
S2_03205,U7666,2024-02-17,2,mobile,paid_search,homepage,False
S2_03206,U797,2024-02-18,2,mobile,direct,product,False
S2_03207,U8537,2024-02-13,2,desktop,organic,homepage,True
S2_03208,U9295,2024-02-17,2,mobile,organic,product,False
S2_03209,U4767,2024-02-17,2,mobile,organic,homepage,False
S2_03210,U5584,2024-02-17,2,desktop,paid_search,homepage,False
S2_03211,U695,2024-02-15,2,mobile,paid_search,pricing,False
S2_03212,U2494,2024-02-18,2,desktop,social,product,False
S2_03213,U1628,2024-02-18,2,mobile,organic,pricing,False
S2_03214,U3901,2024-02-12,2,mobile,social,homepage,False
S2_03215,U335,2024-02-14,2,desktop,social,product,False
S2_03216,U3599,2024-02-13,2,mobile,organic,product,False
S2_03217,U9774,2024-02-15,2,mobile,paid_search,homepage,False
S2_03218,U3477,2024-02-17,2,desktop,direct,product,False
S2_03219,U9413,2024-02-17,2,mobile,organic,homepage,False
S2_03220,U3917,2024-02-18,2,desktop,paid_search,product,False
S2_03221,U3326,2024-02-18,2,desktop,organic,homepage,False
S2_03222,U1292,2024-02-13,2,mobile,paid_search,pricing,False
S2_03223,U1176,2024-02-13,2,mobile,direct,homepage,False
S2_03224,U4129,2024-02-16,2,desktop,social,homepage,False
S2_03225,U1012,2024-02-15,2,mobile,organic,pricing,False
S2_03226,U1657,2024-02-16,2,desktop,direct,homepage,False
S2_03227,U8029,2024-02-13,2,mobile,direct,homepage,False
S2_03228,U3770,2024-02-18,2,mobile,organic,homepage,False
S2_03229,U6648,2024-02-12,2,mobile,social,pricing,False
S2_03230,U5565,2024-02-13,2,mobile,paid_search,homepage,False
S2_03231,U8359,2024-02-18,2,desktop,social,product,True
S2_03232,U3447,2024-02-18,2,desktop,organic,product,False
S2_03233,U5946,2024-02-12,2,desktop,organic,pricing,False
S2_03234,U4264,2024-02-13,2,mobile,organic,pricing,False
S2_03235,U6244,2024-02-14,2,mobile,direct,product,False
S2_03236,U6745,2024-02-12,2,mobile,paid_search,homepage,True
S2_03237,U4799,2024-02-17,2,mobile,social,pricing,False
S2_03238,U6501,2024-02-13,2,mobile,direct,homepage,False
S2_03239,U8029,2024-02-17,2,mobile,paid_search,product,False
S2_03240,U8289,2024-02-16,2,mobile,paid_search,pricing,False
S2_03241,U2919,2024-02-12,2,mobile,organic,product,False
S2_03242,U5154,2024-02-14,2,desktop,organic,pricing,False
S2_03243,U4630,2024-02-16,2,desktop,paid_search,product,False
S2_03244,U862,2024-02-14,2,desktop,organic,pricing,False
S2_03245,U8369,2024-02-15,2,mobile,paid_search,homepage,True
S2_03246,U653,2024-02-14,2,desktop,organic,pricing,False
S2_03247,U8221,2024-02-13,2,mobile,paid_search,pricing,False
S2_03248,U5103,2024-02-16,2,mobile,direct,product,False
S2_03249,U9154,2024-02-13,2,desktop,paid_search,product,False
S2_03250,U2191,2024-02-16,2,mobile,organic,pricing,False
S2_03251,U7140,2024-02-17,2,desktop,paid_search,homepage,True
S2_03252,U8990,2024-02-12,2,desktop,social,pricing,False
S2_03253,U2821,2024-02-12,2,mobile,organic,product,False
S2_03254,U8055,2024-02-17,2,mobile,social,pricing,False
S2_03255,U6407,2024-02-18,2,mobile,social,pricing,False
S2_03256,U9646,2024-02-18,2,mobile,organic,homepage,True
S2_03257,U4914,2024-02-14,2,mobile,direct,product,True
S2_03258,U111,2024-02-17,2,desktop,organic,product,False
S2_03259,U3103,2024-02-13,2,mobile,organic,product,False
S2_03260,U8515,2024-02-15,2,desktop,organic,pricing,False
S2_03261,U8006,2024-02-15,2,tablet,direct,product,False
S2_03262,U5207,2024-02-16,2,desktop,social,homepage,False
S2_03263,U4208,2024-02-18,2,tablet,social,homepage,False
S2_03264,U8777,2024-02-14,2,desktop,social,product,False
S2_03265,U1933,2024-02-14,2,desktop,paid_search,homepage,False
S2_03266,U8634,2024-02-12,2,tablet,organic,pricing,False
S2_03267,U2016,2024-02-12,2,mobile,organic,homepage,False
S2_03268,U5855,2024-02-13,2,mobile,social,product,False
S2_03269,U4824,2024-02-17,2,desktop,organic,homepage,False
S2_03270,U4175,2024-02-18,2,desktop,social,product,True
S2_03271,U7720,2024-02-16,2,mobile,organic,product,False
S2_03272,U5447,2024-02-13,2,desktop,organic,pricing,False
S2_03273,U2428,2024-02-16,2,desktop,organic,homepage,True
S2_03274,U1333,2024-02-12,2,mobile,paid_search,product,False
S2_03275,U9535,2024-02-18,2,mobile,organic,pricing,False
S2_03276,U2545,2024-02-12,2,mobile,organic,pricing,False
S2_03277,U8712,2024-02-18,2,mobile,direct,pricing,True
S2_03278,U4603,2024-02-14,2,mobile,organic,pricing,False
S2_03279,U1837,2024-02-12,2,desktop,paid_search,pricing,False
S2_03280,U9303,2024-02-18,2,mobile,organic,homepage,False
S2_03281,U1282,2024-02-12,2,desktop,organic,product,True
S2_03282,U262,2024-02-13,2,mobile,direct,product,False
S2_03283,U7217,2024-02-16,2,mobile,social,pricing,False
S2_03284,U6956,2024-02-14,2,mobile,paid_search,homepage,False
S2_03285,U1548,2024-02-13,2,desktop,paid_search,pricing,False
S2_03286,U518,2024-02-17,2,desktop,paid_search,product,False
S2_03287,U1872,2024-02-18,2,desktop,paid_search,pricing,False
S2_03288,U7202,2024-02-16,2,desktop,organic,pricing,False
S2_03289,U7710,2024-02-14,2,mobile,direct,homepage,False
S2_03290,U3811,2024-02-18,2,desktop,organic,pricing,True
S2_03291,U555,2024-02-16,2,desktop,social,product,False
S2_03292,U8650,2024-02-14,2,mobile,paid_search,homepage,False
S2_03293,U238,2024-02-16,2,mobile,organic,product,False
S2_03294,U957,2024-02-13,2,mobile,social,product,False
S2_03295,U8707,2024-02-15,2,mobile,paid_search,product,False
S2_03296,U3472,2024-02-18,2,mobile,paid_search,pricing,False
S2_03297,U923,2024-02-13,2,desktop,direct,product,True
S2_03298,U798,2024-02-15,2,mobile,organic,homepage,False
S2_03299,U8479,2024-02-16,2,mobile,paid_search,pricing,False
S2_03300,U2113,2024-02-14,2,mobile,social,product,False
S2_03301,U4707,2024-02-16,2,mobile,paid_search,pricing,False
S2_03302,U3922,2024-02-18,2,desktop,organic,homepage,False
S2_03303,U4,2024-02-18,2,desktop,social,pricing,False
S2_03304,U5468,2024-02-15,2,tablet,paid_search,product,False
S2_03305,U2961,2024-02-16,2,mobile,organic,homepage,False
S2_03306,U7560,2024-02-17,2,tablet,organic,homepage,False
S2_03307,U3421,2024-02-13,2,desktop,paid_search,pricing,False
S2_03308,U6393,2024-02-13,2,mobile,paid_search,homepage,True
S2_03309,U8001,2024-02-15,2,desktop,organic,pricing,False
S2_03310,U881,2024-02-15,2,desktop,direct,pricing,False
S2_03311,U1394,2024-02-13,2,mobile,organic,homepage,False
S2_03312,U2229,2024-02-16,2,mobile,paid_search,pricing,False
S2_03313,U6573,2024-02-14,2,desktop,organic,pricing,False
S2_03314,U7185,2024-02-12,2,mobile,paid_search,homepage,False
S2_03315,U2244,2024-02-17,2,mobile,direct,product,False
S2_03316,U8156,2024-02-12,2,mobile,organic,homepage,False
S2_03317,U7861,2024-02-12,2,mobile,paid_search,product,False
S2_03318,U5404,2024-02-12,2,tablet,social,product,False
S2_03319,U8593,2024-02-17,2,mobile,social,homepage,False
S2_03320,U8859,2024-02-12,2,desktop,social,homepage,False
S2_03321,U8126,2024-02-15,2,mobile,social,pricing,False
S2_03322,U8823,2024-02-16,2,mobile,direct,pricing,False
S2_03323,U4150,2024-02-13,2,mobile,organic,product,False
S2_03324,U3143,2024-02-15,2,desktop,paid_search,homepage,False
S2_03325,U5679,2024-02-12,2,desktop,direct,product,False
S2_03326,U8579,2024-02-17,2,mobile,organic,homepage,False
S2_03327,U7912,2024-02-18,2,mobile,organic,homepage,False
S2_03328,U7582,2024-02-18,2,desktop,paid_search,product,False
S2_03329,U5302,2024-02-13,2,mobile,organic,homepage,False
S2_03330,U5593,2024-02-13,2,tablet,social,homepage,False
S2_03331,U980,2024-02-17,2,mobile,organic,product,False
S2_03332,U6472,2024-02-17,2,desktop,organic,pricing,False
S2_03333,U7685,2024-02-12,2,mobile,organic,pricing,False
S2_03334,U6736,2024-02-13,2,mobile,paid_search,pricing,False
S2_03335,U7786,2024-02-17,2,mobile,organic,homepage,False
S2_03336,U1803,2024-02-13,2,desktop,paid_search,product,False
S2_03337,U8857,2024-02-12,2,desktop,social,homepage,False
S2_03338,U5243,2024-02-16,2,mobile,organic,product,False
S2_03339,U9042,2024-02-14,2,desktop,paid_search,homepage,False
S2_03340,U8777,2024-02-12,2,desktop,organic,product,False
S2_03341,U5354,2024-02-16,2,tablet,organic,pricing,False
S2_03342,U6611,2024-02-17,2,tablet,social,product,False
S2_03343,U6548,2024-02-15,2,desktop,organic,product,False
S2_03344,U7515,2024-02-14,2,desktop,organic,product,False
S2_03345,U2387,2024-02-14,2,mobile,paid_search,homepage,False
S2_03346,U6779,2024-02-12,2,desktop,social,homepage,False
S2_03347,U3200,2024-02-18,2,mobile,organic,homepage,False
S2_03348,U6937,2024-02-17,2,mobile,paid_search,homepage,False
S2_03349,U8708,2024-02-18,2,mobile,organic,pricing,False
S2_03350,U3948,2024-02-17,2,mobile,social,pricing,False
S2_03351,U5392,2024-02-12,2,desktop,paid_search,pricing,True
S2_03352,U8232,2024-02-12,2,mobile,paid_search,product,False
S2_03353,U3346,2024-02-12,2,mobile,paid_search,product,False
S2_03354,U9114,2024-02-15,2,mobile,organic,homepage,False
S2_03355,U1777,2024-02-17,2,mobile,organic,pricing,False
S2_03356,U3885,2024-02-13,2,desktop,organic,homepage,False
S2_03357,U2396,2024-02-15,2,desktop,organic,homepage,False
S2_03358,U9910,2024-02-16,2,desktop,paid_search,homepage,False
S2_03359,U617,2024-02-16,2,mobile,direct,homepage,False
S2_03360,U4653,2024-02-13,2,desktop,paid_search,pricing,False
S2_03361,U2277,2024-02-16,2,desktop,direct,homepage,False
S2_03362,U5476,2024-02-17,2,mobile,social,pricing,False
S2_03363,U8168,2024-02-17,2,desktop,paid_search,homepage,False
S2_03364,U5877,2024-02-14,2,desktop,organic,pricing,False
S2_03365,U6438,2024-02-12,2,desktop,organic,product,False
S2_03366,U6536,2024-02-13,2,mobile,paid_search,product,False
S2_03367,U9492,2024-02-16,2,mobile,paid_search,product,False
S2_03368,U9191,2024-02-13,2,mobile,organic,pricing,False
S2_03369,U6066,2024-02-14,2,mobile,paid_search,product,False
S2_03370,U7042,2024-02-13,2,mobile,direct,homepage,True
S2_03371,U2744,2024-02-18,2,desktop,organic,product,False
S2_03372,U6191,2024-02-16,2,mobile,organic,homepage,False
S2_03373,U7822,2024-02-15,2,mobile,organic,homepage,False
S2_03374,U5316,2024-02-17,2,desktop,organic,product,False
S2_03375,U9395,2024-02-18,2,desktop,organic,product,False
S2_03376,U9050,2024-02-16,2,tablet,paid_search,homepage,False
S2_03377,U1010,2024-02-17,2,mobile,organic,pricing,False
S2_03378,U957,2024-02-17,2,mobile,organic,homepage,False
S2_03379,U8724,2024-02-15,2,mobile,organic,homepage,False
S2_03380,U3221,2024-02-12,2,desktop,social,product,False
S2_03381,U9483,2024-02-15,2,desktop,paid_search,pricing,False
S2_03382,U7450,2024-02-16,2,mobile,organic,homepage,False
S2_03383,U210,2024-02-16,2,mobile,paid_search,pricing,False
S2_03384,U5914,2024-02-15,2,mobile,organic,pricing,False
S2_03385,U3118,2024-02-15,2,mobile,paid_search,homepage,False
S2_03386,U3114,2024-02-13,2,desktop,social,product,False
S2_03387,U9340,2024-02-14,2,mobile,organic,pricing,False
S2_03388,U262,2024-02-18,2,mobile,paid_search,product,False
S2_03389,U4142,2024-02-13,2,mobile,organic,product,False
S2_03390,U5106,2024-02-14,2,mobile,organic,homepage,False
S2_03391,U8816,2024-02-18,2,mobile,social,homepage,False
S2_03392,U720,2024-02-16,2,desktop,organic,product,False
S2_03393,U1088,2024-02-18,2,mobile,organic,pricing,False
S2_03394,U3918,2024-02-12,2,desktop,organic,product,False
S2_03395,U5210,2024-02-18,2,mobile,paid_search,pricing,False
S2_03396,U1881,2024-02-15,2,mobile,paid_search,pricing,False
S2_03397,U4362,2024-02-15,2,mobile,organic,product,False
S2_03398,U8338,2024-02-18,2,desktop,organic,homepage,False
S2_03399,U7527,2024-02-17,2,desktop,organic,product,False
S2_03400,U2805,2024-02-15,2,mobile,direct,pricing,False
S2_03401,U7550,2024-02-15,2,desktop,organic,homepage,False
S2_03402,U2662,2024-02-15,2,mobile,organic,homepage,False
S2_03403,U3602,2024-02-18,2,mobile,paid_search,product,False
S2_03404,U9437,2024-02-14,2,mobile,paid_search,homepage,False
S2_03405,U4237,2024-02-15,2,mobile,organic,product,False
S2_03406,U7730,2024-02-15,2,mobile,organic,product,False
S2_03407,U8394,2024-02-17,2,mobile,direct,homepage,False
S2_03408,U3750,2024-02-17,2,tablet,paid_search,pricing,False
S2_03409,U201,2024-02-13,2,desktop,organic,pricing,False
S2_03410,U1470,2024-02-13,2,desktop,organic,product,False
S2_03411,U8628,2024-02-12,2,mobile,organic,pricing,False
S2_03412,U8407,2024-02-18,2,desktop,organic,homepage,False
S2_03413,U3483,2024-02-16,2,mobile,paid_search,product,False
S2_03414,U1569,2024-02-18,2,mobile,organic,pricing,False
S2_03415,U1064,2024-02-14,2,tablet,direct,pricing,False
S2_03416,U2984,2024-02-13,2,mobile,organic,pricing,False
S2_03417,U1713,2024-02-17,2,mobile,organic,pricing,False
S2_03418,U8792,2024-02-18,2,desktop,social,homepage,False
S2_03419,U2356,2024-02-17,2,tablet,organic,homepage,False
S2_03420,U5395,2024-02-14,2,mobile,social,homepage,False
S2_03421,U2538,2024-02-14,2,mobile,paid_search,homepage,False
S2_03422,U7550,2024-02-14,2,tablet,organic,product,False
S2_03423,U4897,2024-02-12,2,desktop,paid_search,homepage,False
S2_03424,U2376,2024-02-13,2,desktop,paid_search,homepage,False
S2_03425,U1581,2024-02-12,2,desktop,paid_search,product,False
S2_03426,U5324,2024-02-16,2,mobile,paid_search,homepage,False
S2_03427,U6496,2024-02-12,2,mobile,organic,product,False
S2_03428,U1114,2024-02-16,2,mobile,organic,pricing,False
S2_03429,U6533,2024-02-13,2,tablet,social,product,False
S2_03430,U5743,2024-02-16,2,desktop,organic,pricing,False
S2_03431,U8636,2024-02-12,2,mobile,organic,homepage,True
S2_03432,U3339,2024-02-12,2,desktop,paid_search,homepage,False
S2_03433,U9204,2024-02-18,2,mobile,organic,pricing,False
S2_03434,U9350,2024-02-12,2,mobile,paid_search,pricing,False
S2_03435,U6928,2024-02-14,2,mobile,organic,pricing,False
S2_03436,U9800,2024-02-13,2,desktop,paid_search,product,True
S2_03437,U9781,2024-02-13,2,mobile,organic,homepage,False
S2_03438,U8040,2024-02-17,2,desktop,paid_search,product,False
S2_03439,U6483,2024-02-17,2,mobile,organic,homepage,False
S2_03440,U5394,2024-02-15,2,desktop,organic,product,True
S2_03441,U2179,2024-02-14,2,mobile,social,pricing,False
S2_03442,U1765,2024-02-12,2,mobile,social,product,False
S2_03443,U1768,2024-02-17,2,desktop,social,homepage,False
S2_03444,U1883,2024-02-16,2,mobile,organic,pricing,False
S2_03445,U6626,2024-02-14,2,mobile,organic,pricing,False
S2_03446,U270,2024-02-13,2,desktop,organic,pricing,False
S2_03447,U3357,2024-02-14,2,mobile,social,pricing,False
S2_03448,U5445,2024-02-12,2,mobile,organic,homepage,False
S2_03449,U8580,2024-02-12,2,desktop,social,product,False
S2_03450,U4001,2024-02-16,2,desktop,organic,pricing,True
S2_03451,U2993,2024-02-15,2,mobile,paid_search,product,False
S2_03452,U9068,2024-02-17,2,mobile,organic,pricing,False
S2_03453,U8395,2024-02-17,2,tablet,paid_search,product,False
S2_03454,U8597,2024-02-13,2,mobile,organic,pricing,False
S2_03455,U9011,2024-02-17,2,mobile,organic,homepage,False
S2_03456,U7178,2024-02-16,2,mobile,paid_search,homepage,False
S2_03457,U9860,2024-02-18,2,mobile,paid_search,product,False
S2_03458,U9132,2024-02-12,2,desktop,organic,product,True
S2_03459,U4834,2024-02-12,2,mobile,social,pricing,True
S2_03460,U9722,2024-02-12,2,desktop,paid_search,pricing,False
S2_03461,U4796,2024-02-14,2,tablet,organic,homepage,False
S2_03462,U1234,2024-02-18,2,tablet,direct,product,False
S2_03463,U4090,2024-02-14,2,mobile,organic,pricing,False
S2_03464,U7094,2024-02-17,2,mobile,organic,product,False
S2_03465,U7587,2024-02-16,2,mobile,paid_search,pricing,False
S2_03466,U9445,2024-02-15,2,mobile,social,pricing,False
S2_03467,U4272,2024-02-16,2,mobile,organic,product,False
S2_03468,U1166,2024-02-18,2,mobile,direct,pricing,False
S2_03469,U1389,2024-02-17,2,desktop,direct,homepage,False
S2_03470,U8239,2024-02-18,2,desktop,paid_search,homepage,False
S2_03471,U5381,2024-02-13,2,mobile,paid_search,pricing,False
S2_03472,U5283,2024-02-12,2,mobile,social,pricing,False
S2_03473,U8034,2024-02-14,2,mobile,paid_search,pricing,False
S2_03474,U7729,2024-02-15,2,desktop,organic,product,False
S2_03475,U8277,2024-02-17,2,desktop,paid_search,pricing,False
S2_03476,U7658,2024-02-12,2,mobile,organic,homepage,False
S2_03477,U6943,2024-02-14,2,mobile,social,homepage,False
S2_03478,U5990,2024-02-18,2,mobile,organic,homepage,False
S2_03479,U7414,2024-02-14,2,tablet,social,homepage,False
S2_03480,U8915,2024-02-14,2,desktop,paid_search,homepage,True
S2_03481,U7222,2024-02-15,2,mobile,organic,pricing,False
S2_03482,U5883,2024-02-13,2,desktop,paid_search,product,False
S2_03483,U5102,2024-02-16,2,mobile,paid_search,homepage,False
S2_03484,U873,2024-02-16,2,mobile,social,homepage,False
S2_03485,U9416,2024-02-14,2,desktop,organic,pricing,False
S2_03486,U9612,2024-02-12,2,mobile,paid_search,homepage,False
S2_03487,U2781,2024-02-18,2,mobile,direct,product,False
S2_03488,U9542,2024-02-15,2,desktop,social,product,False
S2_03489,U1981,2024-02-12,2,desktop,paid_search,homepage,False
S2_03490,U7293,2024-02-12,2,desktop,social,homepage,False
S2_03491,U9661,2024-02-16,2,mobile,organic,homepage,False
S2_03492,U5593,2024-02-16,2,desktop,paid_search,homepage,False
S2_03493,U3896,2024-02-14,2,desktop,direct,pricing,False
S2_03494,U1173,2024-02-14,2,desktop,organic,pricing,False
S2_03495,U3130,2024-02-15,2,desktop,organic,product,False
S2_03496,U6317,2024-02-12,2,desktop,direct,pricing,False
S2_03497,U1220,2024-02-13,2,tablet,social,homepage,False
S2_03498,U3302,2024-02-16,2,mobile,social,product,False
S2_03499,U5323,2024-02-12,2,desktop,organic,pricing,False
S2_03500,U9221,2024-02-18,2,tablet,social,pricing,False
S2_03501,U9895,2024-02-15,2,mobile,organic,product,False
S2_03502,U5576,2024-02-14,2,desktop,paid_search,product,False
S2_03503,U5544,2024-02-16,2,mobile,paid_search,product,False
S2_03504,U7317,2024-02-16,2,mobile,organic,product,False
S2_03505,U5367,2024-02-18,2,desktop,social,pricing,False
S2_03506,U8073,2024-02-13,2,mobile,organic,product,False
S2_03507,U5080,2024-02-12,2,desktop,paid_search,pricing,False
S2_03508,U9753,2024-02-14,2,tablet,paid_search,pricing,False
S2_03509,U8584,2024-02-15,2,desktop,organic,product,False
S2_03510,U7982,2024-02-13,2,desktop,organic,pricing,True
S2_03511,U7305,2024-02-18,2,desktop,direct,homepage,False
S2_03512,U5163,2024-02-17,2,desktop,direct,homepage,False
S2_03513,U4305,2024-02-18,2,desktop,direct,homepage,False
S2_03514,U6528,2024-02-12,2,desktop,paid_search,product,False
S2_03515,U6802,2024-02-16,2,mobile,organic,homepage,False
S2_03516,U2176,2024-02-15,2,tablet,social,product,False
S2_03517,U9189,2024-02-12,2,mobile,paid_search,homepage,False
S2_03518,U6321,2024-02-13,2,tablet,paid_search,pricing,False
S2_03519,U5664,2024-02-14,2,mobile,paid_search,pricing,False
S2_03520,U8357,2024-02-15,2,mobile,paid_search,pricing,False
S2_03521,U9314,2024-02-15,2,desktop,organic,pricing,True
S2_03522,U8890,2024-02-15,2,mobile,organic,pricing,False
S2_03523,U8886,2024-02-18,2,mobile,paid_search,homepage,False
S2_03524,U8902,2024-02-14,2,desktop,paid_search,homepage,False
S2_03525,U8100,2024-02-18,2,desktop,direct,homepage,True
S2_03526,U1172,2024-02-14,2,desktop,paid_search,product,False
S2_03527,U5063,2024-02-14,2,mobile,paid_search,homepage,False
S2_03528,U4351,2024-02-12,2,mobile,paid_search,homepage,False
S2_03529,U4225,2024-02-15,2,desktop,paid_search,product,False
S2_03530,U2171,2024-02-17,2,mobile,social,pricing,False
S2_03531,U7735,2024-02-13,2,desktop,paid_search,product,False
S2_03532,U1967,2024-02-16,2,mobile,direct,homepage,False
S2_03533,U4439,2024-02-12,2,mobile,paid_search,pricing,False
S2_03534,U3856,2024-02-18,2,tablet,organic,pricing,False
S2_03535,U1151,2024-02-17,2,mobile,direct,pricing,False
S2_03536,U6109,2024-02-12,2,desktop,social,pricing,False
S2_03537,U4088,2024-02-16,2,mobile,social,homepage,False
S2_03538,U4290,2024-02-13,2,desktop,paid_search,homepage,False
S2_03539,U820,2024-02-18,2,mobile,social,pricing,False
S2_03540,U3416,2024-02-12,2,mobile,social,product,False
S2_03541,U6780,2024-02-12,2,mobile,organic,pricing,False
S2_03542,U7180,2024-02-16,2,mobile,social,pricing,False
S2_03543,U5393,2024-02-14,2,mobile,organic,product,False
S2_03544,U8890,2024-02-14,2,mobile,paid_search,pricing,False
S2_03545,U4717,2024-02-14,2,mobile,organic,pricing,False
S2_03546,U886,2024-02-17,2,mobile,social,homepage,False
S2_03547,U1457,2024-02-16,2,mobile,organic,product,False
S2_03548,U7255,2024-02-14,2,desktop,paid_search,homepage,False
S2_03549,U8691,2024-02-15,2,mobile,paid_search,homepage,False
S2_03550,U6333,2024-02-14,2,desktop,paid_search,product,False
S2_03551,U1478,2024-02-17,2,mobile,direct,homepage,False
S2_03552,U8424,2024-02-16,2,mobile,paid_search,pricing,False
S2_03553,U8264,2024-02-12,2,mobile,organic,product,False
S2_03554,U5794,2024-02-16,2,desktop,organic,homepage,False
S2_03555,U2353,2024-02-17,2,mobile,paid_search,product,False
S2_03556,U1215,2024-02-12,2,mobile,direct,pricing,False
S2_03557,U4168,2024-02-13,2,desktop,organic,homepage,False
S2_03558,U3364,2024-02-18,2,mobile,social,pricing,False
S2_03559,U3298,2024-02-13,2,mobile,paid_search,pricing,False
S2_03560,U9639,2024-02-13,2,desktop,organic,pricing,False
S2_03561,U9486,2024-02-13,2,tablet,direct,product,False
S2_03562,U2513,2024-02-17,2,mobile,organic,product,False
S2_03563,U1277,2024-02-15,2,desktop,social,homepage,False
S2_03564,U6917,2024-02-12,2,desktop,organic,pricing,True
S2_03565,U4691,2024-02-15,2,mobile,organic,pricing,False
S2_03566,U3992,2024-02-16,2,mobile,organic,product,False
S2_03567,U2025,2024-02-18,2,mobile,direct,homepage,False
S2_03568,U9633,2024-02-17,2,mobile,organic,homepage,False
S2_03569,U1290,2024-02-12,2,mobile,social,product,False
S2_03570,U1063,2024-02-15,2,mobile,organic,product,False
S2_03571,U7028,2024-02-13,2,mobile,organic,product,True
S2_03572,U4688,2024-02-15,2,desktop,social,product,False
S2_03573,U5658,2024-02-14,2,mobile,organic,pricing,False
S2_03574,U8796,2024-02-12,2,mobile,direct,pricing,False
S2_03575,U1984,2024-02-16,2,mobile,paid_search,pricing,False
S2_03576,U4288,2024-02-14,2,mobile,social,homepage,False
S2_03577,U7032,2024-02-14,2,mobile,paid_search,product,False
S2_03578,U6724,2024-02-12,2,desktop,paid_search,pricing,False
S2_03579,U5099,2024-02-17,2,desktop,direct,pricing,False
S2_03580,U1547,2024-02-17,2,mobile,paid_search,homepage,False
S2_03581,U1045,2024-02-12,2,desktop,direct,homepage,True
S2_03582,U6078,2024-02-18,2,desktop,organic,product,False
S2_03583,U814,2024-02-17,2,mobile,social,pricing,False
S2_03584,U9829,2024-02-13,2,mobile,paid_search,homepage,False
S2_03585,U8185,2024-02-12,2,mobile,social,pricing,False
S2_03586,U5725,2024-02-18,2,desktop,organic,homepage,True
S2_03587,U4469,2024-02-17,2,tablet,social,product,False
S2_03588,U6850,2024-02-17,2,mobile,direct,homepage,False
S2_03589,U7569,2024-02-14,2,mobile,organic,homepage,False
S2_03590,U8960,2024-02-13,2,desktop,social,homepage,False
S2_03591,U809,2024-02-17,2,tablet,organic,pricing,False
S2_03592,U2066,2024-02-15,2,mobile,organic,homepage,False
S2_03593,U9659,2024-02-14,2,mobile,organic,pricing,False
S2_03594,U6097,2024-02-14,2,mobile,paid_search,pricing,False
S2_03595,U453,2024-02-15,2,mobile,paid_search,pricing,False
S2_03596,U5428,2024-02-17,2,mobile,organic,product,False
S2_03597,U8023,2024-02-17,2,desktop,organic,pricing,False
S2_03598,U1231,2024-02-13,2,desktop,social,pricing,False
S2_03599,U9676,2024-02-18,2,desktop,social,product,False
S2_03600,U5559,2024-02-12,2,mobile,direct,homepage,False
S2_03601,U6049,2024-02-18,2,mobile,paid_search,product,False
S2_03602,U2218,2024-02-16,2,mobile,direct,pricing,False
S2_03603,U5001,2024-02-12,2,desktop,organic,product,False
S2_03604,U8213,2024-02-14,2,mobile,organic,product,False
S2_03605,U7991,2024-02-18,2,mobile,organic,pricing,False
S2_03606,U1344,2024-02-14,2,desktop,social,homepage,False
S2_03607,U1311,2024-02-15,2,mobile,social,pricing,False
S2_03608,U6738,2024-02-17,2,mobile,organic,homepage,False
S2_03609,U6902,2024-02-18,2,mobile,paid_search,homepage,False
S2_03610,U7552,2024-02-14,2,mobile,organic,homepage,False
S2_03611,U6080,2024-02-14,2,desktop,organic,pricing,False
S2_03612,U973,2024-02-17,2,mobile,organic,product,False
S2_03613,U7115,2024-02-17,2,mobile,social,product,False
S2_03614,U2012,2024-02-16,2,desktop,social,pricing,False
S2_03615,U8823,2024-02-13,2,mobile,organic,homepage,False
S2_03616,U5878,2024-02-13,2,mobile,organic,pricing,True
S2_03617,U9340,2024-02-12,2,mobile,social,product,False
S2_03618,U9477,2024-02-12,2,desktop,organic,product,False
S2_03619,U9819,2024-02-18,2,mobile,direct,product,False
S2_03620,U4525,2024-02-13,2,desktop,direct,pricing,False
S2_03621,U7884,2024-02-18,2,mobile,paid_search,pricing,False
S2_03622,U2542,2024-02-18,2,desktop,organic,product,False
S2_03623,U3936,2024-02-12,2,mobile,social,pricing,False
S2_03624,U9790,2024-02-14,2,mobile,organic,homepage,False
S2_03625,U9382,2024-02-17,2,mobile,social,pricing,False
S2_03626,U7223,2024-02-15,2,mobile,organic,pricing,False
S2_03627,U3031,2024-02-16,2,mobile,paid_search,homepage,False
S2_03628,U8753,2024-02-14,2,desktop,organic,homepage,True
S2_03629,U5784,2024-02-18,2,mobile,paid_search,homepage,False
S2_03630,U2902,2024-02-13,2,desktop,paid_search,pricing,False
S2_03631,U1925,2024-02-12,2,mobile,social,product,False
S2_03632,U4588,2024-02-16,2,mobile,organic,pricing,False
S2_03633,U61,2024-02-12,2,mobile,organic,product,False
S2_03634,U1652,2024-02-14,2,mobile,paid_search,product,False
S2_03635,U915,2024-02-17,2,mobile,social,homepage,False
S2_03636,U806,2024-02-12,2,mobile,social,pricing,False
S2_03637,U7147,2024-02-13,2,mobile,social,pricing,False
S2_03638,U1289,2024-02-16,2,desktop,organic,homepage,False
S2_03639,U5220,2024-02-16,2,mobile,organic,homepage,False
S2_03640,U7415,2024-02-14,2,mobile,organic,homepage,False
S2_03641,U9017,2024-02-18,2,mobile,paid_search,pricing,False
S2_03642,U9717,2024-02-18,2,mobile,organic,homepage,False
S2_03643,U423,2024-02-13,2,desktop,social,product,False
S2_03644,U29,2024-02-18,2,desktop,paid_search,homepage,True
S2_03645,U2807,2024-02-18,2,desktop,direct,pricing,False
S2_03646,U1137,2024-02-14,2,mobile,social,product,False
S2_03647,U4643,2024-02-16,2,mobile,paid_search,homepage,False
S2_03648,U4856,2024-02-14,2,tablet,direct,pricing,False
S2_03649,U7760,2024-02-12,2,mobile,organic,homepage,False
S2_03650,U2483,2024-02-16,2,desktop,social,pricing,False
S2_03651,U2000,2024-02-16,2,mobile,paid_search,pricing,False
S2_03652,U8198,2024-02-15,2,desktop,organic,homepage,False
S2_03653,U4251,2024-02-18,2,desktop,organic,homepage,False
S2_03654,U9825,2024-02-18,2,tablet,social,homepage,False
S2_03655,U6702,2024-02-15,2,mobile,paid_search,product,True
S2_03656,U6849,2024-02-14,2,mobile,organic,pricing,False
S2_03657,U4503,2024-02-12,2,mobile,paid_search,homepage,False
S2_03658,U7313,2024-02-15,2,mobile,social,pricing,False
S2_03659,U4659,2024-02-16,2,mobile,social,homepage,False
S2_03660,U173,2024-02-16,2,mobile,social,product,True
S2_03661,U9549,2024-02-13,2,mobile,social,homepage,False
S2_03662,U813,2024-02-14,2,mobile,paid_search,pricing,False
S2_03663,U937,2024-02-13,2,mobile,direct,homepage,False
S2_03664,U1112,2024-02-13,2,desktop,organic,pricing,False
S2_03665,U1997,2024-02-16,2,mobile,organic,product,False
S2_03666,U7641,2024-02-16,2,desktop,paid_search,pricing,False
S2_03667,U2245,2024-02-17,2,mobile,organic,product,False
S2_03668,U5322,2024-02-13,2,mobile,organic,pricing,False
S2_03669,U8014,2024-02-12,2,desktop,social,product,False
S2_03670,U383,2024-02-16,2,desktop,organic,product,True
S2_03671,U3122,2024-02-14,2,mobile,social,homepage,False
S2_03672,U6567,2024-02-15,2,mobile,social,homepage,False
S2_03673,U2700,2024-02-17,2,mobile,social,product,False
S2_03674,U1157,2024-02-15,2,desktop,social,product,False
S2_03675,U6024,2024-02-17,2,desktop,social,pricing,False
S2_03676,U1502,2024-02-12,2,mobile,paid_search,pricing,False
S2_03677,U9551,2024-02-16,2,desktop,paid_search,pricing,False
S2_03678,U3721,2024-02-17,2,desktop,paid_search,pricing,False
S2_03679,U7154,2024-02-14,2,mobile,social,product,False
S2_03680,U3824,2024-02-12,2,mobile,organic,product,False
S2_03681,U8815,2024-02-17,2,mobile,social,pricing,False
S2_03682,U4998,2024-02-18,2,tablet,organic,homepage,False
S2_03683,U9755,2024-02-18,2,desktop,direct,product,False
S2_03684,U6591,2024-02-16,2,desktop,organic,pricing,False
S2_03685,U9016,2024-02-18,2,desktop,social,homepage,False
S2_03686,U2352,2024-02-18,2,desktop,paid_search,homepage,False
S2_03687,U302,2024-02-13,2,mobile,social,pricing,False
S2_03688,U7895,2024-02-16,2,desktop,paid_search,product,False
S2_03689,U6425,2024-02-18,2,desktop,organic,product,False
S2_03690,U5648,2024-02-12,2,mobile,social,product,False
S2_03691,U1260,2024-02-13,2,mobile,paid_search,product,False
S2_03692,U2531,2024-02-17,2,mobile,organic,pricing,False
S2_03693,U1491,2024-02-15,2,desktop,organic,pricing,False
S2_03694,U5272,2024-02-18,2,mobile,organic,homepage,False
S2_03695,U9733,2024-02-13,2,mobile,organic,pricing,False
S2_03696,U8024,2024-02-15,2,mobile,social,product,False
S2_03697,U4927,2024-02-13,2,desktop,social,product,True
S2_03698,U3236,2024-02-13,2,mobile,paid_search,homepage,False
S2_03699,U7290,2024-02-12,2,desktop,organic,pricing,False
S2_03700,U1891,2024-02-13,2,mobile,social,product,True
S2_03701,U3083,2024-02-14,2,mobile,direct,pricing,False
S2_03702,U2933,2024-02-14,2,mobile,social,homepage,False
S2_03703,U5016,2024-02-16,2,mobile,direct,product,False
S2_03704,U2236,2024-02-13,2,mobile,social,homepage,False
S2_03705,U3918,2024-02-18,2,mobile,social,product,False
S2_03706,U5398,2024-02-15,2,mobile,paid_search,product,False
S2_03707,U2474,2024-02-17,2,desktop,paid_search,product,False
S2_03708,U2411,2024-02-15,2,desktop,direct,homepage,False
S2_03709,U2252,2024-02-12,2,desktop,paid_search,product,False
S2_03710,U9974,2024-02-14,2,tablet,paid_search,product,False
S2_03711,U6451,2024-02-17,2,desktop,social,homepage,True
S2_03712,U2169,2024-02-15,2,tablet,paid_search,product,False
S2_03713,U8717,2024-02-17,2,desktop,organic,homepage,False
S2_03714,U7354,2024-02-12,2,tablet,direct,homepage,False
S2_03715,U5466,2024-02-15,2,desktop,social,pricing,False
S2_03716,U2204,2024-02-18,2,mobile,organic,product,False
S2_03717,U1711,2024-02-13,2,mobile,organic,product,False
S2_03718,U9544,2024-02-18,2,desktop,organic,product,False
S2_03719,U4928,2024-02-16,2,mobile,social,pricing,False
S2_03720,U8582,2024-02-13,2,mobile,organic,product,False
S2_03721,U6608,2024-02-16,2,desktop,paid_search,homepage,False
S2_03722,U9030,2024-02-16,2,desktop,paid_search,pricing,False
S2_03723,U7538,2024-02-13,2,mobile,organic,product,False
S2_03724,U1014,2024-02-12,2,desktop,paid_search,pricing,False
S2_03725,U7138,2024-02-14,2,mobile,direct,pricing,False
S2_03726,U4412,2024-02-13,2,desktop,paid_search,homepage,False
S2_03727,U3112,2024-02-15,2,mobile,paid_search,pricing,False
S2_03728,U5641,2024-02-16,2,desktop,paid_search,product,False
S2_03729,U2307,2024-02-18,2,mobile,social,product,False
S2_03730,U5882,2024-02-14,2,mobile,paid_search,product,False
S2_03731,U6907,2024-02-14,2,mobile,organic,pricing,False
S2_03732,U1089,2024-02-12,2,mobile,social,product,False
S2_03733,U3335,2024-02-14,2,mobile,social,pricing,False
S2_03734,U6651,2024-02-14,2,mobile,paid_search,homepage,False
S2_03735,U2954,2024-02-18,2,mobile,social,pricing,False
S2_03736,U7682,2024-02-14,2,mobile,organic,product,False
S2_03737,U2306,2024-02-15,2,desktop,paid_search,pricing,False
S2_03738,U6389,2024-02-18,2,mobile,paid_search,homepage,False
S2_03739,U9690,2024-02-17,2,desktop,social,homepage,False
S2_03740,U5068,2024-02-15,2,mobile,organic,homepage,False
S2_03741,U5819,2024-02-14,2,desktop,organic,homepage,False
S2_03742,U479,2024-02-18,2,desktop,social,homepage,True
S2_03743,U4869,2024-02-14,2,mobile,paid_search,product,False
S2_03744,U2749,2024-02-17,2,desktop,paid_search,pricing,False
S2_03745,U1899,2024-02-14,2,mobile,organic,pricing,False
S2_03746,U681,2024-02-13,2,mobile,organic,pricing,False
S2_03747,U585,2024-02-13,2,desktop,social,homepage,False
S2_03748,U3029,2024-02-14,2,mobile,organic,product,False
S2_03749,U8149,2024-02-18,2,mobile,organic,product,False
S2_03750,U4956,2024-02-16,2,desktop,paid_search,pricing,False
S2_03751,U4972,2024-02-14,2,mobile,direct,homepage,False
S2_03752,U895,2024-02-14,2,mobile,direct,product,False
S2_03753,U6631,2024-02-17,2,mobile,organic,pricing,False
S2_03754,U4321,2024-02-17,2,desktop,social,homepage,False
S2_03755,U5061,2024-02-13,2,mobile,social,product,True
S2_03756,U5381,2024-02-14,2,mobile,paid_search,homepage,False
S2_03757,U8791,2024-02-14,2,desktop,paid_search,homepage,False
S2_03758,U569,2024-02-14,2,desktop,paid_search,homepage,False
S2_03759,U9042,2024-02-15,2,mobile,paid_search,homepage,False
S2_03760,U8791,2024-02-15,2,desktop,organic,pricing,False
S2_03761,U4070,2024-02-17,2,mobile,direct,homepage,False
S2_03762,U4964,2024-02-18,2,mobile,organic,homepage,False
S2_03763,U5268,2024-02-15,2,mobile,paid_search,pricing,False
S2_03764,U9104,2024-02-14,2,mobile,organic,pricing,False
S2_03765,U233,2024-02-16,2,mobile,direct,product,False
S2_03766,U1258,2024-02-15,2,mobile,paid_search,homepage,False
S2_03767,U8760,2024-02-15,2,desktop,paid_search,pricing,False
S2_03768,U2674,2024-02-16,2,desktop,social,product,False
S2_03769,U1719,2024-02-12,2,mobile,direct,product,False
S2_03770,U8391,2024-02-16,2,mobile,direct,homepage,False
S2_03771,U8154,2024-02-12,2,mobile,social,pricing,False
S2_03772,U7598,2024-02-13,2,tablet,organic,homepage,False
S2_03773,U6989,2024-02-18,2,mobile,social,homepage,True
S2_03774,U1125,2024-02-13,2,mobile,paid_search,product,False
S2_03775,U90,2024-02-18,2,mobile,organic,pricing,False
S2_03776,U7729,2024-02-16,2,desktop,paid_search,pricing,False
S2_03777,U2048,2024-02-16,2,mobile,organic,homepage,False
S2_03778,U6135,2024-02-18,2,mobile,paid_search,product,False
S2_03779,U7438,2024-02-15,2,desktop,direct,pricing,False
S2_03780,U8263,2024-02-15,2,desktop,paid_search,pricing,False
S2_03781,U6895,2024-02-13,2,mobile,paid_search,homepage,False
S2_03782,U2064,2024-02-17,2,desktop,organic,pricing,False
S2_03783,U6245,2024-02-16,2,desktop,organic,product,False
S2_03784,U4500,2024-02-15,2,desktop,social,product,False
S2_03785,U7110,2024-02-14,2,mobile,social,product,False
S2_03786,U8002,2024-02-12,2,mobile,organic,homepage,False
S2_03787,U854,2024-02-16,2,mobile,organic,homepage,False
S2_03788,U1713,2024-02-13,2,mobile,organic,pricing,False
S2_03789,U1378,2024-02-15,2,tablet,direct,pricing,False
S2_03790,U4195,2024-02-18,2,mobile,paid_search,product,False
S2_03791,U6908,2024-02-13,2,desktop,paid_search,pricing,False
S2_03792,U5032,2024-02-18,2,desktop,paid_search,pricing,False
S2_03793,U5880,2024-02-17,2,mobile,paid_search,homepage,False
S2_03794,U1499,2024-02-14,2,desktop,organic,product,False
S2_03795,U367,2024-02-17,2,mobile,organic,pricing,False
S2_03796,U8450,2024-02-16,2,mobile,paid_search,homepage,False
S2_03797,U2264,2024-02-17,2,mobile,organic,pricing,False
S2_03798,U4672,2024-02-17,2,mobile,organic,product,False
S2_03799,U5300,2024-02-15,2,tablet,paid_search,homepage,False
S2_03800,U6716,2024-02-17,2,mobile,social,homepage,False
S2_03801,U4223,2024-02-15,2,mobile,organic,homepage,False
S2_03802,U5576,2024-02-14,2,desktop,organic,homepage,False
S2_03803,U5342,2024-02-12,2,mobile,social,homepage,False
S2_03804,U8492,2024-02-16,2,tablet,organic,product,False
S2_03805,U2769,2024-02-14,2,desktop,paid_search,homepage,False
S2_03806,U4171,2024-02-12,2,mobile,social,homepage,False
S2_03807,U9891,2024-02-14,2,mobile,social,pricing,True
S2_03808,U4394,2024-02-15,2,mobile,social,product,False
S2_03809,U2336,2024-02-16,2,desktop,organic,homepage,False
S2_03810,U2785,2024-02-18,2,desktop,organic,product,False
S2_03811,U554,2024-02-18,2,desktop,organic,product,False
S2_03812,U7732,2024-02-15,2,mobile,organic,homepage,False
S2_03813,U8346,2024-02-12,2,mobile,organic,homepage,False
S2_03814,U2424,2024-02-14,2,mobile,organic,product,False
S2_03815,U749,2024-02-18,2,mobile,paid_search,product,False
S2_03816,U2858,2024-02-18,2,mobile,organic,homepage,False
S2_03817,U9777,2024-02-14,2,desktop,social,pricing,False
S2_03818,U1986,2024-02-17,2,mobile,organic,homepage,False
S2_03819,U3398,2024-02-12,2,desktop,paid_search,homepage,False
S2_03820,U1183,2024-02-13,2,mobile,social,pricing,False
S2_03821,U1909,2024-02-12,2,desktop,organic,product,False
S2_03822,U7006,2024-02-18,2,tablet,paid_search,homepage,False
S2_03823,U333,2024-02-15,2,desktop,paid_search,pricing,False
S2_03824,U7148,2024-02-17,2,mobile,social,product,False
S2_03825,U2205,2024-02-13,2,mobile,paid_search,pricing,False
S2_03826,U2398,2024-02-13,2,desktop,social,pricing,True
S2_03827,U2725,2024-02-12,2,desktop,organic,product,True
S2_03828,U9795,2024-02-17,2,mobile,organic,pricing,False
S2_03829,U6736,2024-02-14,2,mobile,social,pricing,False
S2_03830,U6268,2024-02-15,2,desktop,social,homepage,False
S2_03831,U3943,2024-02-15,2,desktop,social,product,False
S2_03832,U137,2024-02-12,2,desktop,social,product,False
S2_03833,U6696,2024-02-16,2,mobile,direct,pricing,False
S2_03834,U2368,2024-02-18,2,mobile,social,product,False
S2_03835,U8575,2024-02-17,2,desktop,social,pricing,False
S2_03836,U672,2024-02-15,2,desktop,social,product,False
S2_03837,U6685,2024-02-13,2,desktop,direct,homepage,False
S2_03838,U5029,2024-02-15,2,mobile,organic,product,True
S2_03839,U8490,2024-02-18,2,mobile,organic,homepage,False
S2_03840,U7599,2024-02-12,2,mobile,paid_search,pricing,False
S2_03841,U4429,2024-02-18,2,tablet,paid_search,homepage,False
S2_03842,U7125,2024-02-16,2,desktop,organic,pricing,False
S2_03843,U1090,2024-02-16,2,mobile,organic,product,False
S2_03844,U4380,2024-02-12,2,desktop,social,pricing,False
S2_03845,U1161,2024-02-17,2,desktop,social,pricing,True
S2_03846,U9255,2024-02-14,2,mobile,organic,pricing,False
S2_03847,U2694,2024-02-12,2,mobile,organic,homepage,False
S2_03848,U2628,2024-02-16,2,desktop,direct,pricing,False
S2_03849,U6227,2024-02-17,2,desktop,paid_search,pricing,False
S2_03850,U2875,2024-02-14,2,desktop,paid_search,product,True
S2_03851,U2638,2024-02-13,2,desktop,paid_search,homepage,False
S2_03852,U182,2024-02-13,2,mobile,organic,homepage,False
S2_03853,U1048,2024-02-18,2,mobile,paid_search,product,False
S2_03854,U9073,2024-02-16,2,mobile,direct,pricing,True
S2_03855,U8289,2024-02-17,2,mobile,social,product,False
S2_03856,U3164,2024-02-14,2,tablet,direct,homepage,False
S2_03857,U4289,2024-02-15,2,mobile,organic,pricing,False
S2_03858,U7097,2024-02-15,2,desktop,organic,homepage,True
S2_03859,U3528,2024-02-12,2,mobile,organic,homepage,False
S2_03860,U7600,2024-02-13,2,desktop,social,homepage,False
S2_03861,U8205,2024-02-16,2,desktop,social,pricing,False
S2_03862,U896,2024-02-12,2,desktop,organic,pricing,False
S2_03863,U7403,2024-02-13,2,mobile,social,product,False
S2_03864,U3075,2024-02-16,2,mobile,paid_search,pricing,False
S2_03865,U2726,2024-02-15,2,desktop,organic,pricing,False
S2_03866,U2999,2024-02-13,2,desktop,paid_search,product,False
S2_03867,U1465,2024-02-18,2,mobile,social,homepage,False
S2_03868,U5489,2024-02-15,2,mobile,social,product,False
S2_03869,U3344,2024-02-18,2,desktop,organic,homepage,False
S2_03870,U8467,2024-02-15,2,desktop,organic,homepage,False
S2_03871,U4155,2024-02-17,2,desktop,social,product,False
S2_03872,U8103,2024-02-14,2,mobile,paid_search,homepage,False
S2_03873,U4990,2024-02-17,2,mobile,paid_search,product,True
S2_03874,U5461,2024-02-17,2,mobile,paid_search,pricing,False
S2_03875,U6138,2024-02-18,2,mobile,organic,homepage,True
S2_03876,U2379,2024-02-17,2,tablet,paid_search,pricing,False
S2_03877,U3014,2024-02-17,2,tablet,organic,pricing,False
S2_03878,U8231,2024-02-15,2,desktop,paid_search,pricing,False
S2_03879,U8944,2024-02-16,2,mobile,social,product,False
S2_03880,U1061,2024-02-16,2,desktop,organic,product,False
S2_03881,U5748,2024-02-15,2,mobile,social,pricing,False
S2_03882,U4407,2024-02-14,2,mobile,social,homepage,False
S2_03883,U3120,2024-02-18,2,desktop,paid_search,homepage,True
S2_03884,U8718,2024-02-12,2,mobile,organic,pricing,False
S2_03885,U634,2024-02-16,2,desktop,social,pricing,False
S2_03886,U1813,2024-02-16,2,desktop,organic,homepage,False
S2_03887,U8724,2024-02-14,2,mobile,social,homepage,False
S2_03888,U1958,2024-02-17,2,mobile,organic,homepage,False
S2_03889,U7439,2024-02-12,2,mobile,organic,product,False
S2_03890,U8841,2024-02-13,2,desktop,organic,pricing,False
S2_03891,U1887,2024-02-12,2,desktop,paid_search,product,False
S2_03892,U2306,2024-02-15,2,desktop,organic,homepage,False
S2_03893,U457,2024-02-17,2,mobile,paid_search,homepage,False
S2_03894,U4748,2024-02-13,2,desktop,organic,homepage,False
S2_03895,U9288,2024-02-13,2,mobile,organic,product,False
S2_03896,U4458,2024-02-15,2,mobile,organic,pricing,False
S2_03897,U2157,2024-02-17,2,mobile,paid_search,product,False
S2_03898,U9382,2024-02-18,2,mobile,social,homepage,False
S2_03899,U4807,2024-02-17,2,desktop,organic,homepage,False
S2_03900,U8449,2024-02-18,2,mobile,paid_search,homepage,False
S2_03901,U6418,2024-02-16,2,mobile,social,product,False
S2_03902,U6852,2024-02-17,2,mobile,organic,homepage,False
S2_03903,U4317,2024-02-14,2,mobile,social,homepage,False
S2_03904,U7549,2024-02-14,2,mobile,direct,product,False
S2_03905,U8312,2024-02-18,2,mobile,paid_search,pricing,False
S2_03906,U3949,2024-02-12,2,tablet,paid_search,pricing,True
S2_03907,U170,2024-02-13,2,mobile,organic,homepage,False
S2_03908,U7895,2024-02-16,2,desktop,organic,pricing,False
S2_03909,U4077,2024-02-15,2,desktop,paid_search,pricing,False
S2_03910,U9020,2024-02-13,2,mobile,direct,homepage,False
S2_03911,U2467,2024-02-16,2,mobile,organic,product,False
S2_03912,U923,2024-02-12,2,mobile,social,pricing,False
S2_03913,U5485,2024-02-12,2,mobile,paid_search,pricing,True
S2_03914,U5049,2024-02-15,2,mobile,direct,pricing,False
S2_03915,U2457,2024-02-17,2,desktop,paid_search,homepage,False
S2_03916,U2848,2024-02-14,2,mobile,direct,pricing,False
S2_03917,U1384,2024-02-12,2,desktop,paid_search,product,True
S2_03918,U2215,2024-02-16,2,mobile,organic,product,False
S2_03919,U167,2024-02-13,2,mobile,social,product,False
S2_03920,U8965,2024-02-14,2,desktop,organic,pricing,False
S2_03921,U7928,2024-02-15,2,desktop,social,homepage,True
S2_03922,U4486,2024-02-15,2,mobile,organic,product,False
S2_03923,U4451,2024-02-18,2,mobile,paid_search,product,False
S2_03924,U2563,2024-02-16,2,mobile,paid_search,homepage,False
S2_03925,U5314,2024-02-16,2,desktop,social,homepage,False
S2_03926,U4323,2024-02-12,2,mobile,paid_search,pricing,False
S2_03927,U2126,2024-02-15,2,desktop,organic,product,True
S2_03928,U7811,2024-02-12,2,mobile,direct,pricing,False
S2_03929,U9963,2024-02-16,2,mobile,social,homepage,False
S2_03930,U4601,2024-02-15,2,mobile,organic,pricing,False
S2_03931,U2427,2024-02-17,2,mobile,social,homepage,False
S2_03932,U3595,2024-02-18,2,desktop,organic,pricing,False
S2_03933,U7007,2024-02-18,2,desktop,organic,homepage,False
S2_03934,U1037,2024-02-16,2,mobile,paid_search,product,False
S2_03935,U5324,2024-02-16,2,mobile,paid_search,product,False
S2_03936,U377,2024-02-12,2,mobile,organic,product,False
S2_03937,U8492,2024-02-17,2,mobile,direct,homepage,False
S2_03938,U1827,2024-02-13,2,mobile,paid_search,product,False
S2_03939,U8900,2024-02-18,2,desktop,direct,pricing,False
S2_03940,U1346,2024-02-16,2,desktop,paid_search,product,True
S2_03941,U751,2024-02-15,2,mobile,organic,homepage,False
S2_03942,U9685,2024-02-16,2,desktop,organic,homepage,False
S2_03943,U1689,2024-02-13,2,desktop,organic,homepage,False
S2_03944,U7599,2024-02-14,2,desktop,paid_search,product,False
S2_03945,U7844,2024-02-15,2,mobile,social,pricing,False
S2_03946,U2202,2024-02-17,2,desktop,social,product,False
S2_03947,U9512,2024-02-14,2,mobile,social,pricing,False
S2_03948,U5425,2024-02-13,2,mobile,organic,pricing,False
S2_03949,U2416,2024-02-15,2,mobile,organic,product,False
S2_03950,U8842,2024-02-16,2,mobile,organic,pricing,False
S2_03951,U2824,2024-02-14,2,mobile,organic,homepage,False
S2_03952,U4820,2024-02-16,2,mobile,social,pricing,False
S2_03953,U4716,2024-02-18,2,tablet,paid_search,product,False
S2_03954,U8780,2024-02-13,2,mobile,organic,product,False
S2_03955,U1613,2024-02-16,2,mobile,social,pricing,False
S2_03956,U3481,2024-02-12,2,mobile,organic,product,False
S2_03957,U7247,2024-02-15,2,mobile,organic,homepage,False
S2_03958,U9660,2024-02-15,2,mobile,social,product,False
S2_03959,U6479,2024-02-17,2,mobile,organic,pricing,False
S2_03960,U4554,2024-02-12,2,mobile,paid_search,pricing,False
S2_03961,U2079,2024-02-16,2,mobile,paid_search,pricing,False
S2_03962,U5360,2024-02-13,2,desktop,organic,product,False
S2_03963,U8699,2024-02-14,2,mobile,organic,product,False
S2_03964,U3722,2024-02-15,2,mobile,organic,homepage,False
S2_03965,U4040,2024-02-17,2,desktop,paid_search,pricing,False
S2_03966,U8208,2024-02-17,2,tablet,paid_search,pricing,False
S2_03967,U9614,2024-02-16,2,mobile,paid_search,homepage,False
S2_03968,U3776,2024-02-17,2,mobile,organic,homepage,False
S2_03969,U4597,2024-02-14,2,mobile,organic,product,False
S2_03970,U862,2024-02-15,2,tablet,organic,product,False
S2_03971,U8813,2024-02-13,2,mobile,organic,product,False
S2_03972,U675,2024-02-18,2,desktop,paid_search,pricing,False
S2_03973,U626,2024-02-16,2,desktop,organic,homepage,False
S2_03974,U3627,2024-02-17,2,desktop,paid_search,homepage,False
S2_03975,U5001,2024-02-15,2,desktop,organic,pricing,False
S2_03976,U4775,2024-02-16,2,mobile,organic,pricing,True
S2_03977,U238,2024-02-17,2,mobile,paid_search,pricing,False
S2_03978,U8338,2024-02-13,2,desktop,organic,homepage,True
S2_03979,U90,2024-02-12,2,desktop,paid_search,product,False
S2_03980,U2600,2024-02-17,2,desktop,organic,pricing,False
S2_03981,U290,2024-02-16,2,mobile,social,pricing,True
S2_03982,U7613,2024-02-14,2,desktop,direct,pricing,False
S2_03983,U5580,2024-02-13,2,desktop,organic,product,False
S2_03984,U6119,2024-02-12,2,desktop,social,pricing,False
S2_03985,U4611,2024-02-13,2,desktop,social,homepage,False
S2_03986,U7684,2024-02-13,2,desktop,paid_search,product,False
S2_03987,U7548,2024-02-13,2,mobile,direct,product,True
S2_03988,U910,2024-02-16,2,mobile,paid_search,product,False
S2_03989,U3017,2024-02-16,2,desktop,paid_search,homepage,False
S2_03990,U1008,2024-02-13,2,desktop,paid_search,homepage,False
S2_03991,U6426,2024-02-17,2,tablet,organic,pricing,False
S2_03992,U2702,2024-02-15,2,mobile,direct,pricing,False
S2_03993,U9211,2024-02-14,2,mobile,social,homepage,False
S2_03994,U8303,2024-02-18,2,mobile,organic,product,False
S2_03995,U728,2024-02-17,2,mobile,paid_search,product,False
S2_03996,U5432,2024-02-12,2,mobile,social,homepage,False
S2_03997,U454,2024-02-16,2,mobile,organic,pricing,False
S2_03998,U266,2024-02-16,2,mobile,organic,pricing,False
S2_03999,U9921,2024-02-16,2,mobile,direct,homepage,True
S2_04000,U2780,2024-02-13,2,desktop,organic,homepage,False
S2_04001,U2282,2024-02-15,2,desktop,social,product,False
S2_04002,U7298,2024-02-17,2,desktop,paid_search,product,False
S2_04003,U4250,2024-02-18,2,mobile,paid_search,product,True
S2_04004,U9059,2024-02-18,2,mobile,social,pricing,False
S2_04005,U8797,2024-02-14,2,mobile,direct,product,False
S2_04006,U3901,2024-02-18,2,mobile,social,homepage,True
S2_04007,U1008,2024-02-18,2,desktop,organic,pricing,False
S2_04008,U9103,2024-02-18,2,desktop,organic,homepage,False
S2_04009,U913,2024-02-17,2,mobile,social,pricing,False
S2_04010,U5778,2024-02-14,2,mobile,paid_search,pricing,False
S2_04011,U8291,2024-02-18,2,mobile,social,homepage,False
S2_04012,U9505,2024-02-16,2,mobile,direct,product,False
S2_04013,U7430,2024-02-18,2,mobile,paid_search,product,False
S2_04014,U1054,2024-02-17,2,desktop,paid_search,pricing,False
S2_04015,U9665,2024-02-18,2,mobile,paid_search,pricing,True
S2_04016,U6212,2024-02-12,2,mobile,organic,product,False
S2_04017,U8004,2024-02-12,2,mobile,social,product,False
S2_04018,U7992,2024-02-18,2,desktop,paid_search,product,False
S2_04019,U1776,2024-02-18,2,mobile,organic,product,False
S2_04020,U7182,2024-02-14,2,mobile,organic,homepage,False
S2_04021,U6420,2024-02-15,2,desktop,direct,homepage,False
S2_04022,U4230,2024-02-17,2,desktop,organic,product,False
S2_04023,U1696,2024-02-15,2,mobile,organic,pricing,True
S2_04024,U6198,2024-02-13,2,mobile,paid_search,product,False
S2_04025,U6021,2024-02-13,2,mobile,social,pricing,False
S2_04026,U2484,2024-02-13,2,mobile,paid_search,homepage,False
S2_04027,U8235,2024-02-13,2,desktop,direct,homepage,False
S2_04028,U1264,2024-02-14,2,mobile,paid_search,pricing,False
S2_04029,U6658,2024-02-15,2,desktop,organic,homepage,False
S2_04030,U5150,2024-02-16,2,mobile,paid_search,product,False
S2_04031,U3344,2024-02-13,2,mobile,direct,product,False
S2_04032,U4509,2024-02-17,2,mobile,organic,pricing,False
S2_04033,U8887,2024-02-17,2,tablet,paid_search,homepage,False
S2_04034,U9556,2024-02-14,2,desktop,organic,homepage,False
S2_04035,U8750,2024-02-16,2,desktop,social,homepage,False
S2_04036,U5781,2024-02-14,2,desktop,organic,product,False
S2_04037,U2447,2024-02-12,2,desktop,paid_search,product,False
S2_04038,U9886,2024-02-13,2,desktop,paid_search,homepage,False
S2_04039,U7146,2024-02-12,2,mobile,paid_search,product,False
S2_04040,U5350,2024-02-14,2,desktop,paid_search,homepage,False
S2_04041,U1351,2024-02-17,2,desktop,organic,product,False
S2_04042,U8176,2024-02-15,2,desktop,paid_search,homepage,False
S2_04043,U886,2024-02-17,2,mobile,organic,homepage,False
S2_04044,U8728,2024-02-18,2,desktop,organic,homepage,False
S2_04045,U9412,2024-02-12,2,mobile,direct,product,False
S2_04046,U3116,2024-02-18,2,mobile,social,pricing,False
S2_04047,U1710,2024-02-14,2,mobile,paid_search,pricing,False
S2_04048,U2009,2024-02-13,2,desktop,direct,homepage,False
S2_04049,U3625,2024-02-12,2,mobile,organic,homepage,False
S2_04050,U3159,2024-02-15,2,mobile,organic,homepage,False
S2_04051,U904,2024-02-14,2,tablet,organic,product,False
S2_04052,U9639,2024-02-14,2,mobile,direct,homepage,False
S2_04053,U1157,2024-02-17,2,desktop,organic,pricing,True
S2_04054,U4116,2024-02-13,2,mobile,social,homepage,False
S2_04055,U632,2024-02-12,2,mobile,paid_search,homepage,False
S2_04056,U3846,2024-02-15,2,mobile,organic,homepage,False
S2_04057,U5272,2024-02-14,2,desktop,social,product,False
S2_04058,U2560,2024-02-12,2,mobile,organic,product,False
S2_04059,U205,2024-02-13,2,mobile,organic,product,True
S2_04060,U7547,2024-02-17,2,desktop,social,product,True
S2_04061,U2188,2024-02-14,2,desktop,paid_search,pricing,False
S2_04062,U4758,2024-02-13,2,mobile,organic,homepage,False
S2_04063,U8740,2024-02-16,2,mobile,organic,homepage,False
S2_04064,U2571,2024-02-14,2,mobile,paid_search,pricing,False
S2_04065,U6987,2024-02-16,2,mobile,social,homepage,False
S2_04066,U1316,2024-02-18,2,mobile,paid_search,homepage,False
S2_04067,U794,2024-02-18,2,desktop,social,pricing,False
S2_04068,U892,2024-02-12,2,mobile,direct,product,False
S2_04069,U8818,2024-02-18,2,mobile,paid_search,homepage,False
S2_04070,U2330,2024-02-17,2,desktop,paid_search,homepage,False
S2_04071,U4540,2024-02-13,2,mobile,direct,homepage,False
S2_04072,U974,2024-02-12,2,desktop,direct,pricing,False
S2_04073,U6149,2024-02-13,2,mobile,organic,homepage,False
S2_04074,U6775,2024-02-14,2,mobile,paid_search,pricing,False
S2_04075,U5510,2024-02-12,2,tablet,paid_search,pricing,False
S2_04076,U4289,2024-02-15,2,desktop,paid_search,pricing,False
S2_04077,U8713,2024-02-12,2,mobile,organic,product,False
S2_04078,U6131,2024-02-18,2,desktop,social,pricing,False
S2_04079,U4038,2024-02-15,2,mobile,direct,homepage,False
S2_04080,U8577,2024-02-18,2,mobile,direct,product,False
S2_04081,U2818,2024-02-13,2,desktop,paid_search,homepage,False
S2_04082,U9510,2024-02-16,2,mobile,paid_search,homepage,False
S2_04083,U349,2024-02-15,2,desktop,organic,product,True
S2_04084,U6206,2024-02-16,2,mobile,paid_search,pricing,False
S2_04085,U51,2024-02-13,2,desktop,social,product,False
S2_04086,U8902,2024-02-15,2,mobile,organic,homepage,False
S2_04087,U6805,2024-02-17,2,mobile,organic,pricing,True
S2_04088,U3319,2024-02-18,2,desktop,organic,homepage,False
S2_04089,U1933,2024-02-18,2,mobile,organic,pricing,False
S2_04090,U3063,2024-02-17,2,desktop,paid_search,homepage,False
S2_04091,U1236,2024-02-15,2,mobile,paid_search,homepage,False
S2_04092,U3303,2024-02-15,2,mobile,direct,pricing,False
S2_04093,U4613,2024-02-15,2,mobile,direct,pricing,False
S2_04094,U4249,2024-02-16,2,desktop,organic,pricing,False
S2_04095,U3329,2024-02-16,2,mobile,organic,pricing,False
S2_04096,U1747,2024-02-18,2,desktop,social,pricing,True
S2_04097,U2456,2024-02-12,2,mobile,paid_search,homepage,False
S2_04098,U8003,2024-02-15,2,mobile,social,pricing,False
S2_04099,U6994,2024-02-18,2,mobile,organic,product,False
S2_04100,U128,2024-02-18,2,mobile,organic,product,False
S2_04101,U3554,2024-02-16,2,mobile,paid_search,pricing,False
S2_04102,U1185,2024-02-14,2,desktop,paid_search,product,False
S2_04103,U5572,2024-02-14,2,mobile,organic,product,False
S2_04104,U6355,2024-02-16,2,mobile,social,homepage,False
S2_04105,U6129,2024-02-12,2,mobile,organic,homepage,False
S2_04106,U4558,2024-02-15,2,desktop,direct,product,False
S2_04107,U3235,2024-02-17,2,mobile,paid_search,product,False
S2_04108,U7244,2024-02-16,2,desktop,organic,product,False
S2_04109,U1234,2024-02-16,2,mobile,organic,homepage,False
S2_04110,U5164,2024-02-17,2,desktop,organic,homepage,True
S2_04111,U7028,2024-02-14,2,mobile,direct,homepage,False
S2_04112,U8573,2024-02-17,2,mobile,organic,homepage,False
S2_04113,U1866,2024-02-13,2,desktop,paid_search,product,False
S2_04114,U5851,2024-02-15,2,mobile,organic,pricing,False
S2_04115,U8732,2024-02-17,2,mobile,organic,pricing,False
S2_04116,U6211,2024-02-15,2,desktop,paid_search,pricing,False
S2_04117,U7803,2024-02-13,2,mobile,social,product,False
S2_04118,U8165,2024-02-16,2,mobile,social,pricing,False
S2_04119,U7237,2024-02-13,2,desktop,social,homepage,False
S2_04120,U7292,2024-02-18,2,mobile,direct,homepage,False
S2_04121,U7484,2024-02-18,2,mobile,direct,homepage,False
S2_04122,U8584,2024-02-13,2,tablet,paid_search,homepage,False
S2_04123,U7654,2024-02-14,2,mobile,direct,product,False
S2_04124,U5670,2024-02-15,2,mobile,paid_search,product,False
S2_04125,U8705,2024-02-17,2,tablet,paid_search,pricing,False
S2_04126,U6080,2024-02-14,2,desktop,social,product,False
S2_04127,U2277,2024-02-17,2,mobile,direct,homepage,False
S2_04128,U3976,2024-02-16,2,desktop,direct,product,False
S2_04129,U7412,2024-02-15,2,desktop,organic,homepage,False
S2_04130,U5090,2024-02-16,2,desktop,paid_search,pricing,False
S2_04131,U4173,2024-02-13,2,mobile,organic,product,False
S2_04132,U6496,2024-02-18,2,mobile,paid_search,homepage,False
S2_04133,U7867,2024-02-14,2,desktop,organic,pricing,True
S2_04134,U4334,2024-02-13,2,desktop,social,pricing,False
S2_04135,U4888,2024-02-12,2,mobile,social,product,False
S2_04136,U7231,2024-02-14,2,desktop,social,pricing,False
S2_04137,U4577,2024-02-12,2,mobile,organic,pricing,False
S2_04138,U2824,2024-02-15,2,desktop,organic,product,False
S2_04139,U3321,2024-02-18,2,desktop,direct,homepage,False
S2_04140,U1649,2024-02-14,2,desktop,social,homepage,False
S2_04141,U6169,2024-02-17,2,desktop,paid_search,pricing,False
S2_04142,U5099,2024-02-15,2,desktop,paid_search,product,False
S2_04143,U5351,2024-02-12,2,desktop,social,product,False
S2_04144,U7818,2024-02-13,2,mobile,paid_search,homepage,False
S2_04145,U2492,2024-02-14,2,desktop,organic,pricing,True
S2_04146,U87,2024-02-14,2,mobile,organic,pricing,False
S2_04147,U3596,2024-02-14,2,mobile,paid_search,product,False
S2_04148,U6165,2024-02-16,2,mobile,direct,homepage,False
S2_04149,U2518,2024-02-17,2,desktop,organic,homepage,False
S2_04150,U4336,2024-02-16,2,mobile,organic,product,False
S2_04151,U316,2024-02-14,2,mobile,organic,homepage,False
S2_04152,U1366,2024-02-14,2,mobile,organic,product,False
S2_04153,U4162,2024-02-14,2,mobile,organic,homepage,False
S2_04154,U9709,2024-02-15,2,desktop,social,product,False
S2_04155,U7456,2024-02-17,2,mobile,organic,pricing,False
S2_04156,U870,2024-02-14,2,mobile,organic,pricing,False
S2_04157,U8263,2024-02-16,2,mobile,organic,homepage,True
S2_04158,U9237,2024-02-13,2,desktop,paid_search,homepage,False
S2_04159,U7461,2024-02-13,2,desktop,paid_search,pricing,False
S2_04160,U1840,2024-02-16,2,mobile,social,product,False
S2_04161,U5338,2024-02-18,2,tablet,direct,product,False
S2_04162,U2403,2024-02-13,2,mobile,organic,product,False
S2_04163,U558,2024-02-16,2,mobile,social,product,False
S2_04164,U8052,2024-02-17,2,desktop,paid_search,product,False
S2_04165,U8767,2024-02-16,2,desktop,social,pricing,False
S2_04166,U7320,2024-02-13,2,mobile,organic,pricing,False
S2_04167,U2453,2024-02-16,2,desktop,organic,pricing,True
S2_04168,U919,2024-02-17,2,desktop,direct,product,False
S2_04169,U6104,2024-02-14,2,mobile,organic,product,False
S2_04170,U1836,2024-02-14,2,desktop,social,homepage,False
S2_04171,U1238,2024-02-13,2,desktop,organic,homepage,False
S2_04172,U2447,2024-02-18,2,desktop,social,pricing,False
S2_04173,U3621,2024-02-15,2,desktop,organic,product,False
S2_04174,U8698,2024-02-13,2,desktop,organic,product,False
S2_04175,U7881,2024-02-16,2,desktop,organic,pricing,False
S2_04176,U2758,2024-02-16,2,mobile,social,pricing,False
S2_04177,U1318,2024-02-12,2,mobile,organic,pricing,False
S2_04178,U4565,2024-02-13,2,mobile,organic,product,False
S2_04179,U4153,2024-02-15,2,desktop,social,product,False
S2_04180,U6671,2024-02-16,2,desktop,social,pricing,False
S2_04181,U1960,2024-02-16,2,mobile,organic,product,False
S2_04182,U9374,2024-02-15,2,mobile,paid_search,product,False
S2_04183,U6685,2024-02-13,2,desktop,direct,homepage,False
S2_04184,U5155,2024-02-17,2,desktop,organic,product,False
S2_04185,U6018,2024-02-15,2,desktop,organic,homepage,False
S2_04186,U4686,2024-02-18,2,tablet,paid_search,product,False
S2_04187,U9689,2024-02-18,2,mobile,social,product,False
S2_04188,U4026,2024-02-16,2,desktop,organic,product,False
S2_04189,U8096,2024-02-17,2,desktop,direct,product,True
S2_04190,U577,2024-02-13,2,desktop,organic,pricing,True
S2_04191,U4121,2024-02-18,2,desktop,paid_search,homepage,False
S2_04192,U1225,2024-02-13,2,mobile,organic,homepage,False
S2_04193,U3547,2024-02-17,2,mobile,paid_search,pricing,False
S2_04194,U269,2024-02-15,2,desktop,paid_search,product,False
S2_04195,U7296,2024-02-15,2,mobile,paid_search,pricing,False
S2_04196,U6555,2024-02-13,2,mobile,paid_search,homepage,False
S2_04197,U3165,2024-02-12,2,mobile,organic,product,True
S2_04198,U5307,2024-02-18,2,mobile,paid_search,pricing,False
S2_04199,U3191,2024-02-14,2,desktop,paid_search,pricing,True
S2_04200,U3292,2024-02-13,2,mobile,paid_search,homepage,False
S2_04201,U3367,2024-02-15,2,mobile,social,homepage,False
S2_04202,U8736,2024-02-17,2,mobile,social,homepage,False
S2_04203,U101,2024-02-18,2,mobile,paid_search,pricing,False
S2_04204,U9111,2024-02-16,2,mobile,paid_search,product,False
S2_04205,U4795,2024-02-15,2,desktop,organic,homepage,False
S2_04206,U5845,2024-02-14,2,desktop,social,pricing,True
S2_04207,U3798,2024-02-16,2,desktop,social,pricing,True
S2_04208,U5154,2024-02-15,2,mobile,direct,pricing,False
S2_04209,U1001,2024-02-14,2,mobile,paid_search,pricing,True
S2_04210,U8093,2024-02-12,2,desktop,paid_search,pricing,False
S2_04211,U1432,2024-02-16,2,tablet,paid_search,pricing,False
S2_04212,U8711,2024-02-13,2,desktop,paid_search,pricing,False
S2_04213,U3236,2024-02-14,2,mobile,organic,homepage,False
S2_04214,U3047,2024-02-13,2,desktop,organic,product,False
S2_04215,U7785,2024-02-18,2,mobile,social,pricing,False
S2_04216,U8272,2024-02-12,2,desktop,organic,homepage,True
S2_04217,U3551,2024-02-16,2,mobile,organic,homepage,False
S2_04218,U4680,2024-02-17,2,mobile,organic,product,False
S2_04219,U1109,2024-02-17,2,mobile,direct,pricing,False
S2_04220,U6887,2024-02-12,2,tablet,social,homepage,False
S2_04221,U4538,2024-02-16,2,mobile,direct,pricing,False
S2_04222,U6622,2024-02-16,2,mobile,social,pricing,False
S2_04223,U3778,2024-02-14,2,mobile,social,product,False
S2_04224,U3753,2024-02-12,2,tablet,social,pricing,False
S2_04225,U9285,2024-02-14,2,mobile,organic,pricing,False
S2_04226,U3735,2024-02-16,2,mobile,organic,homepage,False
S2_04227,U4542,2024-02-17,2,tablet,paid_search,product,False
S2_04228,U5797,2024-02-13,2,desktop,organic,homepage,True
S2_04229,U5067,2024-02-15,2,mobile,paid_search,pricing,True
S2_04230,U2494,2024-02-15,2,desktop,organic,pricing,False
S2_04231,U6703,2024-02-18,2,desktop,organic,homepage,False
S2_04232,U4592,2024-02-12,2,mobile,social,product,False
S2_04233,U1318,2024-02-14,2,desktop,social,homepage,False
S2_04234,U193,2024-02-18,2,desktop,social,pricing,False
S2_04235,U341,2024-02-13,2,desktop,organic,homepage,False
S2_04236,U331,2024-02-18,2,desktop,organic,pricing,False
S2_04237,U1010,2024-02-12,2,tablet,paid_search,pricing,False
S2_04238,U4276,2024-02-13,2,desktop,paid_search,product,False
S2_04239,U1331,2024-02-13,2,mobile,organic,product,False
S2_04240,U5561,2024-02-16,2,mobile,social,homepage,False
S2_04241,U7819,2024-02-16,2,desktop,paid_search,pricing,False
S2_04242,U8041,2024-02-14,2,mobile,organic,product,False
S2_04243,U6349,2024-02-12,2,mobile,social,product,False
S2_04244,U3009,2024-02-16,2,desktop,organic,product,True
S2_04245,U9300,2024-02-13,2,mobile,paid_search,pricing,False
S2_04246,U4743,2024-02-12,2,mobile,organic,product,False
S2_04247,U1134,2024-02-16,2,mobile,organic,product,True
S2_04248,U7776,2024-02-15,2,desktop,organic,pricing,False
S2_04249,U1218,2024-02-14,2,mobile,organic,pricing,False
S2_04250,U8466,2024-02-13,2,desktop,paid_search,product,False
S2_04251,U4898,2024-02-16,2,mobile,organic,homepage,False
S2_04252,U7269,2024-02-13,2,mobile,organic,homepage,False
S2_04253,U975,2024-02-18,2,desktop,paid_search,pricing,False
S2_04254,U7684,2024-02-17,2,mobile,organic,product,False
S2_04255,U4975,2024-02-16,2,mobile,organic,pricing,False
S2_04256,U3529,2024-02-18,2,mobile,organic,pricing,False
S2_04257,U5479,2024-02-14,2,desktop,organic,pricing,False
S2_04258,U3777,2024-02-12,2,desktop,social,product,True
S2_04259,U7407,2024-02-14,2,desktop,social,product,False
S2_04260,U3788,2024-02-18,2,mobile,direct,product,False
S2_04261,U2503,2024-02-18,2,mobile,paid_search,product,False
S2_04262,U9891,2024-02-15,2,mobile,paid_search,homepage,False
S2_04263,U3406,2024-02-13,2,mobile,organic,homepage,False
S2_04264,U8172,2024-02-12,2,mobile,organic,homepage,False
S2_04265,U3286,2024-02-17,2,mobile,organic,homepage,False
S2_04266,U4730,2024-02-13,2,desktop,organic,product,True
S2_04267,U6005,2024-02-16,2,mobile,paid_search,pricing,False
S2_04268,U7384,2024-02-13,2,mobile,organic,homepage,False
S2_04269,U7956,2024-02-18,2,mobile,paid_search,pricing,False
S2_04270,U193,2024-02-17,2,tablet,social,pricing,False
S2_04271,U8715,2024-02-17,2,mobile,paid_search,pricing,False
S2_04272,U3168,2024-02-16,2,mobile,organic,homepage,True
S2_04273,U6061,2024-02-12,2,mobile,paid_search,pricing,False
S2_04274,U5818,2024-02-13,2,mobile,organic,product,False
S2_04275,U8026,2024-02-15,2,desktop,social,pricing,False
S2_04276,U6234,2024-02-12,2,desktop,paid_search,homepage,True
S2_04277,U54,2024-02-12,2,tablet,organic,pricing,False
S2_04278,U5097,2024-02-15,2,mobile,paid_search,product,False
S2_04279,U3707,2024-02-12,2,desktop,paid_search,homepage,False
S2_04280,U1896,2024-02-16,2,mobile,organic,pricing,False
S2_04281,U4873,2024-02-12,2,mobile,organic,homepage,False
S2_04282,U1023,2024-02-13,2,desktop,paid_search,pricing,False
S2_04283,U6998,2024-02-15,2,mobile,organic,homepage,True
S2_04284,U3972,2024-02-15,2,mobile,organic,pricing,False
S2_04285,U1345,2024-02-16,2,mobile,social,pricing,False
S2_04286,U5661,2024-02-16,2,desktop,organic,homepage,False
S2_04287,U4161,2024-02-12,2,desktop,paid_search,homepage,False
S2_04288,U7865,2024-02-17,2,mobile,paid_search,pricing,False
S2_04289,U2724,2024-02-14,2,desktop,organic,product,False
S2_04290,U4905,2024-02-12,2,desktop,paid_search,homepage,False
S2_04291,U9707,2024-02-14,2,mobile,organic,product,False
S2_04292,U383,2024-02-17,2,desktop,social,product,False
S2_04293,U603,2024-02-17,2,mobile,organic,homepage,False
S2_04294,U4019,2024-02-13,2,mobile,paid_search,homepage,False
S2_04295,U575,2024-02-15,2,mobile,paid_search,homepage,True
S2_04296,U8457,2024-02-14,2,mobile,organic,pricing,True
S2_04297,U9610,2024-02-16,2,mobile,social,homepage,False
S2_04298,U2189,2024-02-12,2,mobile,organic,pricing,False
S2_04299,U410,2024-02-15,2,desktop,organic,product,False
S2_04300,U6784,2024-02-15,2,mobile,social,homepage,False
S2_04301,U5152,2024-02-12,2,desktop,organic,homepage,False
S2_04302,U3291,2024-02-17,2,desktop,organic,product,False
S2_04303,U6691,2024-02-16,2,desktop,social,pricing,False
S2_04304,U6561,2024-02-12,2,desktop,social,homepage,False
S2_04305,U4460,2024-02-13,2,mobile,organic,product,False
S2_04306,U8752,2024-02-13,2,mobile,organic,product,False
S2_04307,U1665,2024-02-14,2,mobile,direct,homepage,False
S2_04308,U5552,2024-02-16,2,mobile,organic,pricing,False
S2_04309,U9909,2024-02-15,2,tablet,social,product,False
S2_04310,U9411,2024-02-17,2,desktop,paid_search,product,False
S2_04311,U1858,2024-02-16,2,mobile,social,product,False
S2_04312,U9222,2024-02-18,2,mobile,paid_search,pricing,True
S2_04313,U3956,2024-02-16,2,desktop,paid_search,homepage,False
S2_04314,U9028,2024-02-15,2,mobile,paid_search,pricing,False
S2_04315,U7397,2024-02-18,2,desktop,social,product,False
S2_04316,U781,2024-02-12,2,desktop,paid_search,homepage,False
S2_04317,U2138,2024-02-15,2,mobile,organic,pricing,False
S2_04318,U2346,2024-02-18,2,mobile,paid_search,product,False
S2_04319,U4194,2024-02-16,2,mobile,paid_search,homepage,False
S2_04320,U8442,2024-02-17,2,tablet,organic,product,False
S2_04321,U4349,2024-02-15,2,mobile,paid_search,pricing,False
S2_04322,U1305,2024-02-15,2,mobile,paid_search,pricing,False
S2_04323,U6566,2024-02-15,2,mobile,social,pricing,False
S2_04324,U8852,2024-02-18,2,desktop,organic,product,False
S2_04325,U628,2024-02-15,2,desktop,paid_search,pricing,False
S2_04326,U3689,2024-02-15,2,mobile,direct,homepage,False
S2_04327,U1686,2024-02-16,2,mobile,paid_search,product,False
S2_04328,U3937,2024-02-17,2,mobile,paid_search,homepage,False
S2_04329,U8381,2024-02-14,2,mobile,organic,pricing,False
S2_04330,U6514,2024-02-15,2,mobile,organic,product,False
S2_04331,U8620,2024-02-12,2,desktop,social,pricing,False
S2_04332,U3031,2024-02-16,2,mobile,direct,homepage,False
S2_04333,U2942,2024-02-16,2,mobile,paid_search,product,False
S2_04334,U4825,2024-02-17,2,desktop,direct,pricing,False
S2_04335,U2911,2024-02-16,2,mobile,paid_search,pricing,False
S2_04336,U3450,2024-02-14,2,mobile,social,product,False
S2_04337,U1947,2024-02-13,2,mobile,organic,product,False
S2_04338,U5462,2024-02-12,2,desktop,organic,pricing,True
S2_04339,U9516,2024-02-18,2,desktop,organic,pricing,False
S2_04340,U2342,2024-02-14,2,mobile,paid_search,product,False
S2_04341,U8006,2024-02-13,2,mobile,paid_search,product,False
S2_04342,U6301,2024-02-12,2,desktop,organic,homepage,False
S2_04343,U3786,2024-02-13,2,mobile,organic,product,False
S2_04344,U7067,2024-02-17,2,mobile,organic,product,True
S2_04345,U6401,2024-02-14,2,desktop,organic,pricing,True
S2_04346,U6812,2024-02-15,2,desktop,paid_search,pricing,False
S2_04347,U7328,2024-02-15,2,mobile,organic,pricing,False
S2_04348,U8959,2024-02-16,2,desktop,organic,pricing,False
S2_04349,U2602,2024-02-17,2,mobile,organic,pricing,True
S2_04350,U2368,2024-02-14,2,mobile,paid_search,pricing,False
S2_04351,U2381,2024-02-15,2,desktop,social,homepage,False
S2_04352,U8071,2024-02-18,2,desktop,paid_search,product,False
S2_04353,U8779,2024-02-13,2,desktop,direct,product,False
S2_04354,U713,2024-02-18,2,desktop,social,homepage,True
S2_04355,U8130,2024-02-13,2,desktop,social,pricing,False
S2_04356,U4550,2024-02-17,2,mobile,paid_search,product,False
S2_04357,U4211,2024-02-15,2,mobile,organic,product,False
S2_04358,U1116,2024-02-17,2,mobile,organic,pricing,False
S2_04359,U5954,2024-02-18,2,mobile,social,product,False
S2_04360,U1905,2024-02-18,2,desktop,organic,homepage,False
S2_04361,U2823,2024-02-18,2,mobile,social,product,False
S2_04362,U4427,2024-02-16,2,mobile,organic,homepage,False
S2_04363,U3523,2024-02-13,2,mobile,organic,pricing,False
S2_04364,U1227,2024-02-14,2,mobile,paid_search,product,False
S2_04365,U6867,2024-02-18,2,desktop,organic,pricing,False
S2_04366,U2602,2024-02-17,2,desktop,paid_search,product,False
S2_04367,U9726,2024-02-12,2,mobile,social,product,False
S2_04368,U3519,2024-02-12,2,mobile,organic,pricing,False
S2_04369,U4216,2024-02-16,2,mobile,organic,homepage,False
S2_04370,U1676,2024-02-18,2,desktop,paid_search,homepage,False
S2_04371,U651,2024-02-16,2,desktop,organic,homepage,True
S2_04372,U312,2024-02-12,2,desktop,paid_search,homepage,False
S2_04373,U6295,2024-02-16,2,desktop,organic,homepage,False
S2_04374,U7944,2024-02-18,2,mobile,paid_search,pricing,False
S2_04375,U6805,2024-02-17,2,desktop,organic,pricing,False
S2_04376,U2941,2024-02-16,2,mobile,paid_search,product,False
S2_04377,U2987,2024-02-18,2,desktop,paid_search,homepage,False
S2_04378,U1223,2024-02-14,2,desktop,organic,product,False
S2_04379,U3488,2024-02-17,2,mobile,social,product,False
S2_04380,U7705,2024-02-13,2,mobile,organic,product,False
S2_04381,U5638,2024-02-16,2,mobile,paid_search,homepage,False
S2_04382,U4864,2024-02-18,2,mobile,social,pricing,False
S2_04383,U4715,2024-02-13,2,mobile,organic,product,True
S2_04384,U632,2024-02-18,2,mobile,paid_search,product,False
S2_04385,U2134,2024-02-18,2,mobile,organic,pricing,False
S2_04386,U9695,2024-02-13,2,tablet,direct,product,False
S2_04387,U8464,2024-02-15,2,mobile,direct,pricing,False
S2_04388,U9824,2024-02-16,2,mobile,social,pricing,False
S2_04389,U1122,2024-02-16,2,mobile,organic,pricing,False
S2_04390,U5991,2024-02-12,2,mobile,direct,homepage,False
S2_04391,U3261,2024-02-18,2,mobile,organic,pricing,False
S2_04392,U7000,2024-02-12,2,mobile,organic,pricing,False
S2_04393,U865,2024-02-17,2,mobile,organic,product,False
S2_04394,U8751,2024-02-15,2,desktop,social,homepage,False
S2_04395,U7081,2024-02-18,2,desktop,organic,homepage,False
S2_04396,U9340,2024-02-16,2,mobile,paid_search,homepage,True
S2_04397,U4544,2024-02-18,2,desktop,paid_search,pricing,False
S2_04398,U6752,2024-02-13,2,mobile,paid_search,product,False
S2_04399,U4014,2024-02-13,2,mobile,organic,homepage,False
S2_04400,U8700,2024-02-17,2,mobile,social,homepage,False
S2_04401,U4007,2024-02-14,2,mobile,organic,product,False
S2_04402,U9894,2024-02-13,2,mobile,social,product,False
S2_04403,U4095,2024-02-13,2,mobile,paid_search,product,False
S2_04404,U2495,2024-02-13,2,mobile,social,product,False
S2_04405,U7193,2024-02-18,2,mobile,direct,homepage,False
S2_04406,U5762,2024-02-14,2,desktop,organic,pricing,True
S2_04407,U8982,2024-02-13,2,desktop,organic,product,False
S2_04408,U5140,2024-02-16,2,desktop,organic,homepage,False
S2_04409,U657,2024-02-12,2,mobile,paid_search,product,False
S2_04410,U2120,2024-02-13,2,desktop,paid_search,homepage,False
S2_04411,U3973,2024-02-18,2,desktop,organic,product,True
S2_04412,U3810,2024-02-14,2,desktop,paid_search,homepage,True
S2_04413,U2475,2024-02-18,2,desktop,organic,product,False
S2_04414,U7202,2024-02-15,2,mobile,organic,homepage,False
S2_04415,U6694,2024-02-17,2,desktop,social,homepage,False
S2_04416,U5979,2024-02-12,2,mobile,paid_search,homepage,True
S2_04417,U3956,2024-02-14,2,desktop,organic,pricing,False
S2_04418,U4775,2024-02-17,2,mobile,direct,product,False
S2_04419,U2731,2024-02-18,2,mobile,organic,homepage,False
S2_04420,U8755,2024-02-13,2,mobile,organic,product,False
S2_04421,U2867,2024-02-18,2,mobile,paid_search,pricing,False
S2_04422,U3012,2024-02-13,2,desktop,paid_search,pricing,False
S2_04423,U3285,2024-02-17,2,desktop,social,pricing,False
S2_04424,U3363,2024-02-14,2,desktop,paid_search,pricing,True
S2_04425,U1017,2024-02-12,2,desktop,direct,product,False
S2_04426,U5331,2024-02-13,2,mobile,direct,product,False
S2_04427,U6183,2024-02-15,2,desktop,paid_search,product,False
S2_04428,U6615,2024-02-18,2,mobile,social,homepage,True
S2_04429,U7768,2024-02-15,2,mobile,organic,product,False
S2_04430,U7340,2024-02-17,2,desktop,organic,pricing,False
S2_04431,U8714,2024-02-18,2,mobile,paid_search,pricing,False
S2_04432,U5103,2024-02-18,2,mobile,organic,homepage,False
S2_04433,U7244,2024-02-16,2,mobile,direct,homepage,False
S2_04434,U5320,2024-02-18,2,mobile,direct,pricing,False
S2_04435,U6609,2024-02-12,2,mobile,direct,product,False
S2_04436,U3047,2024-02-12,2,mobile,organic,pricing,False
S2_04437,U2649,2024-02-13,2,mobile,organic,pricing,False
S2_04438,U7343,2024-02-12,2,mobile,social,pricing,True
S2_04439,U5970,2024-02-14,2,mobile,social,pricing,False
S2_04440,U1427,2024-02-14,2,mobile,social,homepage,False
S2_04441,U225,2024-02-16,2,tablet,social,product,False
S2_04442,U1917,2024-02-18,2,mobile,organic,homepage,False
S2_04443,U7094,2024-02-13,2,mobile,organic,homepage,False
S2_04444,U3613,2024-02-16,2,desktop,paid_search,pricing,False
S2_04445,U7918,2024-02-16,2,mobile,paid_search,pricing,False
S2_04446,U9219,2024-02-16,2,mobile,paid_search,pricing,False
S2_04447,U3300,2024-02-13,2,tablet,social,pricing,False
S2_04448,U9763,2024-02-15,2,mobile,paid_search,homepage,False
S2_04449,U5263,2024-02-13,2,tablet,organic,pricing,False
S2_04450,U9449,2024-02-16,2,mobile,paid_search,product,False
S2_04451,U8553,2024-02-13,2,mobile,organic,homepage,False
S2_04452,U7159,2024-02-16,2,mobile,social,pricing,False
S2_04453,U7928,2024-02-16,2,mobile,organic,pricing,False
S2_04454,U7729,2024-02-12,2,desktop,organic,homepage,False
S2_04455,U3298,2024-02-15,2,mobile,paid_search,homepage,False
S2_04456,U751,2024-02-18,2,mobile,paid_search,homepage,False
S2_04457,U6229,2024-02-16,2,desktop,organic,product,False
S2_04458,U8119,2024-02-12,2,mobile,direct,product,False
S2_04459,U5835,2024-02-17,2,desktop,paid_search,product,False
S2_04460,U2579,2024-02-16,2,desktop,social,product,False
S2_04461,U2219,2024-02-14,2,mobile,organic,pricing,False
S2_04462,U5017,2024-02-17,2,desktop,social,product,False
S2_04463,U5930,2024-02-14,2,desktop,organic,homepage,True
S2_04464,U7712,2024-02-16,2,mobile,organic,pricing,False
S2_04465,U9054,2024-02-14,2,desktop,paid_search,product,False
S2_04466,U1872,2024-02-14,2,desktop,organic,product,True
S2_04467,U8202,2024-02-15,2,desktop,paid_search,product,False
S2_04468,U37,2024-02-18,2,mobile,organic,pricing,False
S2_04469,U3213,2024-02-17,2,desktop,paid_search,product,True
S2_04470,U9273,2024-02-18,2,mobile,paid_search,product,False
S2_04471,U4408,2024-02-16,2,mobile,paid_search,homepage,False
S2_04472,U5552,2024-02-15,2,mobile,direct,homepage,False
S2_04473,U6150,2024-02-17,2,mobile,direct,pricing,False
S2_04474,U8486,2024-02-12,2,mobile,paid_search,pricing,False
S2_04475,U5967,2024-02-15,2,mobile,social,homepage,False
S2_04476,U6373,2024-02-13,2,desktop,paid_search,product,False
S2_04477,U8692,2024-02-14,2,mobile,organic,pricing,False
S2_04478,U9611,2024-02-13,2,mobile,organic,pricing,False
S2_04479,U3084,2024-02-14,2,desktop,organic,pricing,False
S2_04480,U9099,2024-02-17,2,mobile,organic,homepage,False
S2_04481,U8761,2024-02-13,2,desktop,organic,homepage,False
S2_04482,U8410,2024-02-15,2,desktop,paid_search,pricing,False
S2_04483,U5495,2024-02-14,2,desktop,organic,pricing,False
S2_04484,U7557,2024-02-17,2,desktop,social,pricing,False
S2_04485,U650,2024-02-12,2,mobile,paid_search,homepage,False
S2_04486,U5654,2024-02-12,2,desktop,paid_search,product,False
S2_04487,U2174,2024-02-14,2,desktop,paid_search,product,True
S2_04488,U8542,2024-02-17,2,desktop,paid_search,pricing,False
S2_04489,U9481,2024-02-17,2,mobile,organic,pricing,False
S2_04490,U7173,2024-02-16,2,desktop,paid_search,homepage,False
S2_04491,U447,2024-02-18,2,desktop,paid_search,homepage,True
S2_04492,U5589,2024-02-16,2,desktop,social,pricing,False
S2_04493,U4265,2024-02-18,2,mobile,social,product,False
S2_04494,U2594,2024-02-15,2,desktop,social,pricing,True
S2_04495,U2349,2024-02-13,2,desktop,organic,pricing,False
S2_04496,U585,2024-02-18,2,mobile,paid_search,pricing,False
S2_04497,U7445,2024-02-14,2,mobile,organic,homepage,False
S2_04498,U1489,2024-02-15,2,mobile,paid_search,homepage,False
S2_04499,U7136,2024-02-18,2,mobile,paid_search,product,False
S2_04500,U6842,2024-02-13,2,mobile,social,pricing,False
S2_04501,U3161,2024-02-17,2,mobile,paid_search,pricing,False
S2_04502,U2474,2024-02-16,2,mobile,paid_search,product,False
S2_04503,U4375,2024-02-16,2,mobile,paid_search,pricing,False
S2_04504,U3366,2024-02-18,2,mobile,organic,pricing,False
S2_04505,U4369,2024-02-16,2,desktop,organic,homepage,False
S2_04506,U7274,2024-02-12,2,mobile,paid_search,homepage,False
S2_04507,U9539,2024-02-12,2,mobile,organic,product,False
S2_04508,U1828,2024-02-13,2,desktop,direct,homepage,False
S2_04509,U7005,2024-02-17,2,mobile,direct,pricing,False
S2_04510,U1324,2024-02-15,2,mobile,social,product,False
S2_04511,U2756,2024-02-18,2,mobile,organic,pricing,False
S2_04512,U5254,2024-02-14,2,desktop,social,product,False
S2_04513,U2748,2024-02-17,2,mobile,paid_search,pricing,False
S2_04514,U1985,2024-02-15,2,mobile,organic,pricing,False
S2_04515,U1992,2024-02-16,2,tablet,organic,homepage,False
S2_04516,U8003,2024-02-17,2,mobile,social,pricing,False
S2_04517,U3248,2024-02-16,2,mobile,social,pricing,False
S2_04518,U3308,2024-02-18,2,mobile,social,pricing,False
S2_04519,U9888,2024-02-12,2,desktop,organic,pricing,False
S2_04520,U1331,2024-02-13,2,desktop,social,homepage,False
S2_04521,U6211,2024-02-16,2,desktop,organic,homepage,True
S2_04522,U7710,2024-02-13,2,desktop,paid_search,product,False
S2_04523,U7133,2024-02-18,2,mobile,social,product,False
S2_04524,U7347,2024-02-17,2,desktop,organic,pricing,False
S2_04525,U6819,2024-02-18,2,mobile,paid_search,product,False
S2_04526,U5077,2024-02-13,2,desktop,direct,homepage,False
S2_04527,U7050,2024-02-12,2,mobile,organic,homepage,False
S2_04528,U9890,2024-02-16,2,desktop,social,product,True
S2_04529,U3898,2024-02-12,2,mobile,paid_search,homepage,False
S2_04530,U6838,2024-02-16,2,desktop,direct,pricing,False
S2_04531,U1040,2024-02-16,2,desktop,organic,product,False
S2_04532,U2512,2024-02-15,2,mobile,organic,homepage,False
S2_04533,U111,2024-02-18,2,mobile,organic,pricing,False
S2_04534,U2397,2024-02-15,2,desktop,social,homepage,False
S2_04535,U1602,2024-02-17,2,desktop,paid_search,pricing,False
S2_04536,U5767,2024-02-15,2,mobile,paid_search,homepage,False
S2_04537,U9649,2024-02-14,2,mobile,paid_search,product,False
S2_04538,U8750,2024-02-12,2,mobile,organic,product,False
S2_04539,U2197,2024-02-12,2,mobile,organic,product,False
S2_04540,U4993,2024-02-14,2,mobile,organic,pricing,False
S2_04541,U4082,2024-02-13,2,mobile,paid_search,product,False
S2_04542,U9277,2024-02-18,2,tablet,social,homepage,False
S2_04543,U6345,2024-02-17,2,mobile,paid_search,product,False
S2_04544,U6175,2024-02-16,2,mobile,paid_search,homepage,False
S2_04545,U5304,2024-02-13,2,mobile,paid_search,homepage,False
S2_04546,U1999,2024-02-17,2,mobile,paid_search,pricing,False
S2_04547,U2215,2024-02-16,2,mobile,organic,homepage,False
S2_04548,U6562,2024-02-18,2,mobile,social,homepage,False
S2_04549,U3410,2024-02-18,2,mobile,social,pricing,False
S2_04550,U9526,2024-02-14,2,mobile,social,homepage,False
S2_04551,U3642,2024-02-17,2,mobile,paid_search,product,False
S2_04552,U6383,2024-02-17,2,desktop,social,homepage,False
S2_04553,U353,2024-02-14,2,tablet,organic,product,False
S2_04554,U8245,2024-02-17,2,desktop,paid_search,pricing,False
S2_04555,U7904,2024-02-18,2,tablet,paid_search,product,False
S2_04556,U8277,2024-02-14,2,desktop,organic,homepage,True
S2_04557,U4333,2024-02-12,2,mobile,paid_search,homepage,False
S2_04558,U9449,2024-02-14,2,mobile,organic,product,False
S2_04559,U3235,2024-02-12,2,desktop,social,homepage,False
S2_04560,U4880,2024-02-18,2,mobile,paid_search,homepage,False
S2_04561,U3969,2024-02-13,2,mobile,social,homepage,False
S2_04562,U2045,2024-02-16,2,mobile,social,homepage,False
S2_04563,U7757,2024-02-14,2,mobile,organic,homepage,False
S2_04564,U1542,2024-02-17,2,tablet,organic,homepage,False
S2_04565,U1843,2024-02-13,2,mobile,paid_search,homepage,False
S2_04566,U9010,2024-02-15,2,mobile,organic,pricing,False
S2_04567,U9804,2024-02-16,2,desktop,social,homepage,False
S2_04568,U3680,2024-02-15,2,desktop,organic,pricing,True
S2_04569,U3700,2024-02-13,2,mobile,paid_search,homepage,False
S2_04570,U478,2024-02-17,2,desktop,direct,homepage,False
S2_04571,U3550,2024-02-17,2,mobile,paid_search,homepage,False
S2_04572,U5862,2024-02-18,2,mobile,organic,product,False
S2_04573,U5971,2024-02-17,2,tablet,paid_search,pricing,False
S2_04574,U2540,2024-02-12,2,mobile,organic,pricing,False
S2_04575,U7848,2024-02-18,2,desktop,organic,product,False
S2_04576,U9947,2024-02-16,2,mobile,organic,pricing,True
S2_04577,U7709,2024-02-16,2,mobile,paid_search,product,False
S2_04578,U9571,2024-02-16,2,mobile,organic,homepage,False
S2_04579,U3142,2024-02-16,2,mobile,organic,product,False
S2_04580,U6847,2024-02-16,2,desktop,organic,product,False
S2_04581,U281,2024-02-15,2,desktop,paid_search,product,False
S2_04582,U7839,2024-02-16,2,mobile,organic,product,False
S2_04583,U368,2024-02-17,2,tablet,organic,homepage,False
S2_04584,U8831,2024-02-12,2,desktop,organic,homepage,False
S2_04585,U8205,2024-02-16,2,desktop,paid_search,homepage,False
S2_04586,U6239,2024-02-15,2,mobile,paid_search,product,False
S2_04587,U6439,2024-02-12,2,mobile,paid_search,homepage,False
S2_04588,U4895,2024-02-16,2,mobile,organic,homepage,False
S2_04589,U7221,2024-02-12,2,mobile,organic,product,False
S2_04590,U6563,2024-02-13,2,mobile,organic,pricing,False
S2_04591,U7276,2024-02-18,2,mobile,organic,product,False
S2_04592,U6483,2024-02-18,2,mobile,paid_search,pricing,False
S2_04593,U5732,2024-02-15,2,mobile,paid_search,pricing,False
S2_04594,U5098,2024-02-15,2,desktop,organic,product,True
S2_04595,U8916,2024-02-17,2,mobile,organic,pricing,False
S2_04596,U3930,2024-02-16,2,desktop,organic,homepage,False
S2_04597,U6221,2024-02-14,2,mobile,paid_search,homepage,False
S2_04598,U2356,2024-02-12,2,desktop,paid_search,pricing,True
S2_04599,U5946,2024-02-17,2,desktop,paid_search,homepage,True
S2_04600,U8632,2024-02-12,2,mobile,organic,homepage,True
S2_04601,U1851,2024-02-15,2,desktop,social,homepage,False
S2_04602,U5092,2024-02-18,2,mobile,direct,pricing,False
S2_04603,U9965,2024-02-14,2,desktop,organic,pricing,False
S2_04604,U5780,2024-02-14,2,mobile,organic,product,False
S2_04605,U7311,2024-02-18,2,mobile,organic,product,False
S2_04606,U7180,2024-02-17,2,mobile,organic,homepage,False
S2_04607,U7707,2024-02-16,2,mobile,organic,pricing,False
S2_04608,U8862,2024-02-16,2,mobile,organic,homepage,False
S2_04609,U5719,2024-02-18,2,tablet,organic,product,False
S2_04610,U769,2024-02-16,2,desktop,paid_search,homepage,False
S2_04611,U6526,2024-02-15,2,mobile,organic,product,False
S2_04612,U7802,2024-02-16,2,mobile,direct,homepage,False
S2_04613,U1737,2024-02-18,2,desktop,social,pricing,False
S2_04614,U200,2024-02-18,2,desktop,direct,product,False
S2_04615,U5797,2024-02-12,2,mobile,organic,homepage,False
S2_04616,U9685,2024-02-14,2,mobile,organic,pricing,False
S2_04617,U9273,2024-02-16,2,mobile,organic,homepage,False
S2_04618,U4563,2024-02-17,2,mobile,organic,homepage,False
S2_04619,U4518,2024-02-12,2,desktop,social,product,False
S2_04620,U3857,2024-02-12,2,mobile,direct,homepage,False
S2_04621,U7848,2024-02-16,2,mobile,organic,homepage,False
S2_04622,U784,2024-02-14,2,mobile,organic,pricing,True
S2_04623,U1439,2024-02-18,2,mobile,social,product,False
S2_04624,U8832,2024-02-18,2,tablet,social,homepage,False
S2_04625,U1932,2024-02-18,2,mobile,organic,product,False
S2_04626,U3772,2024-02-15,2,tablet,organic,product,True
S2_04627,U8115,2024-02-12,2,mobile,social,product,False
S2_04628,U8431,2024-02-17,2,desktop,direct,pricing,False
S2_04629,U1761,2024-02-18,2,desktop,organic,homepage,False
S2_04630,U6929,2024-02-15,2,mobile,paid_search,pricing,True
S2_04631,U5241,2024-02-15,2,desktop,paid_search,pricing,False
S2_04632,U7570,2024-02-12,2,desktop,organic,product,False
S2_04633,U2054,2024-02-18,2,mobile,paid_search,homepage,False
S2_04634,U4070,2024-02-15,2,mobile,organic,pricing,False
S2_04635,U3853,2024-02-14,2,mobile,paid_search,product,False
S2_04636,U8267,2024-02-18,2,mobile,paid_search,product,False
S2_04637,U1785,2024-02-12,2,mobile,organic,pricing,False
S2_04638,U367,2024-02-18,2,desktop,social,pricing,False
S2_04639,U9372,2024-02-17,2,mobile,organic,product,False
S2_04640,U4285,2024-02-14,2,desktop,paid_search,homepage,False
S2_04641,U6826,2024-02-15,2,mobile,social,homepage,False
S2_04642,U6900,2024-02-15,2,mobile,social,pricing,False
S2_04643,U4880,2024-02-15,2,mobile,social,product,False
S2_04644,U1940,2024-02-16,2,desktop,social,homepage,False
S2_04645,U2989,2024-02-18,2,desktop,paid_search,homepage,True
S2_04646,U6661,2024-02-18,2,mobile,paid_search,homepage,False
S2_04647,U3683,2024-02-17,2,mobile,social,homepage,False
S2_04648,U9979,2024-02-15,2,tablet,paid_search,pricing,False
S2_04649,U6071,2024-02-18,2,desktop,social,pricing,False
S2_04650,U675,2024-02-13,2,mobile,paid_search,product,False
S2_04651,U3928,2024-02-13,2,desktop,organic,product,False
S2_04652,U9034,2024-02-17,2,desktop,organic,product,True
S2_04653,U3572,2024-02-18,2,mobile,social,pricing,False
S2_04654,U2394,2024-02-14,2,mobile,paid_search,product,False
S2_04655,U4719,2024-02-15,2,mobile,social,homepage,False
S2_04656,U7151,2024-02-13,2,desktop,direct,pricing,False
S2_04657,U1068,2024-02-15,2,mobile,organic,product,False
S2_04658,U1590,2024-02-15,2,mobile,organic,pricing,False
S2_04659,U5809,2024-02-15,2,mobile,paid_search,product,False
S2_04660,U9809,2024-02-13,2,mobile,direct,pricing,False
S2_04661,U5713,2024-02-18,2,desktop,paid_search,product,False
S2_04662,U1596,2024-02-16,2,mobile,organic,product,False
S2_04663,U1151,2024-02-14,2,desktop,organic,product,False
S2_04664,U3107,2024-02-15,2,desktop,organic,pricing,False
S2_04665,U8036,2024-02-12,2,desktop,organic,pricing,False
S2_04666,U4938,2024-02-16,2,mobile,social,product,False
S2_04667,U709,2024-02-13,2,mobile,paid_search,product,False
S2_04668,U1215,2024-02-14,2,mobile,paid_search,homepage,False
S2_04669,U9793,2024-02-14,2,mobile,paid_search,pricing,True
S2_04670,U4333,2024-02-12,2,desktop,organic,homepage,True
S2_04671,U2556,2024-02-12,2,desktop,direct,homepage,True
S2_04672,U180,2024-02-16,2,mobile,organic,pricing,False
S2_04673,U5108,2024-02-15,2,desktop,paid_search,homepage,False
S2_04674,U1254,2024-02-16,2,desktop,paid_search,product,False
S2_04675,U6247,2024-02-14,2,mobile,paid_search,product,False
S2_04676,U5535,2024-02-14,2,mobile,social,homepage,False
S2_04677,U4480,2024-02-15,2,desktop,direct,pricing,False
S2_04678,U4226,2024-02-17,2,mobile,direct,homepage,False
S2_04679,U9148,2024-02-17,2,desktop,direct,pricing,False
S2_04680,U9303,2024-02-12,2,desktop,paid_search,pricing,False
S2_04681,U2319,2024-02-13,2,mobile,direct,homepage,False
S2_04682,U8939,2024-02-15,2,desktop,paid_search,product,True
S2_04683,U5814,2024-02-17,2,desktop,paid_search,pricing,True
S2_04684,U7846,2024-02-14,2,mobile,social,pricing,False
S2_04685,U5649,2024-02-16,2,desktop,organic,homepage,False
S2_04686,U3990,2024-02-17,2,mobile,social,pricing,False
S2_04687,U5445,2024-02-13,2,mobile,organic,pricing,False
S2_04688,U1761,2024-02-18,2,desktop,organic,pricing,False
S2_04689,U7435,2024-02-16,2,tablet,organic,pricing,False
S2_04690,U4005,2024-02-12,2,mobile,organic,product,False
S2_04691,U7059,2024-02-17,2,mobile,paid_search,homepage,False
S2_04692,U6087,2024-02-13,2,mobile,paid_search,product,False
S2_04693,U5835,2024-02-15,2,mobile,organic,pricing,False
S2_04694,U9091,2024-02-18,2,desktop,organic,pricing,True
S2_04695,U5353,2024-02-17,2,desktop,paid_search,homepage,False
S2_04696,U6646,2024-02-12,2,mobile,paid_search,homepage,False
S2_04697,U7098,2024-02-15,2,mobile,social,homepage,False
S2_04698,U9179,2024-02-16,2,mobile,organic,homepage,False
S2_04699,U2671,2024-02-15,2,desktop,paid_search,product,False
S2_04700,U9718,2024-02-13,2,desktop,paid_search,homepage,False
S2_04701,U7792,2024-02-15,2,mobile,paid_search,pricing,False
S2_04702,U9847,2024-02-17,2,mobile,paid_search,pricing,False
S2_04703,U6208,2024-02-14,2,mobile,direct,homepage,False
S2_04704,U6210,2024-02-12,2,tablet,social,homepage,False
S2_04705,U847,2024-02-14,2,desktop,direct,homepage,True
S2_04706,U4632,2024-02-17,2,desktop,organic,homepage,False
S2_04707,U3006,2024-02-16,2,mobile,direct,product,False
S2_04708,U453,2024-02-15,2,mobile,paid_search,product,False
S2_04709,U657,2024-02-14,2,mobile,social,pricing,False
S2_04710,U7921,2024-02-13,2,desktop,organic,pricing,False
S2_04711,U5645,2024-02-16,2,mobile,organic,pricing,False
S2_04712,U6021,2024-02-14,2,tablet,direct,homepage,False
S2_04713,U3485,2024-02-14,2,mobile,organic,product,False
S2_04714,U6621,2024-02-12,2,mobile,organic,homepage,False
S2_04715,U7496,2024-02-13,2,desktop,paid_search,pricing,False
S2_04716,U4810,2024-02-13,2,mobile,organic,product,True
S2_04717,U2874,2024-02-12,2,desktop,social,homepage,False
S2_04718,U8552,2024-02-12,2,desktop,social,pricing,False
S2_04719,U2103,2024-02-16,2,desktop,organic,pricing,False
S2_04720,U7198,2024-02-17,2,mobile,social,pricing,False
S2_04721,U362,2024-02-17,2,desktop,paid_search,product,False
S2_04722,U4281,2024-02-13,2,desktop,paid_search,homepage,False
S2_04723,U7809,2024-02-15,2,desktop,paid_search,product,False
S2_04724,U3574,2024-02-16,2,tablet,paid_search,product,False
S2_04725,U8861,2024-02-14,2,desktop,social,pricing,True
S2_04726,U3056,2024-02-14,2,desktop,paid_search,product,False
S2_04727,U9420,2024-02-16,2,tablet,paid_search,homepage,False
S2_04728,U5607,2024-02-12,2,mobile,organic,homepage,False
S2_04729,U7346,2024-02-14,2,mobile,social,homepage,False
S2_04730,U9828,2024-02-12,2,mobile,paid_search,product,False
S2_04731,U2889,2024-02-14,2,mobile,paid_search,pricing,True
S2_04732,U9218,2024-02-12,2,desktop,organic,pricing,False
S2_04733,U3723,2024-02-15,2,tablet,organic,homepage,False
S2_04734,U9960,2024-02-17,2,mobile,paid_search,product,False
S2_04735,U730,2024-02-14,2,mobile,direct,product,False
S2_04736,U8756,2024-02-18,2,mobile,social,pricing,False
S2_04737,U2735,2024-02-17,2,mobile,paid_search,product,False
S2_04738,U1841,2024-02-17,2,mobile,organic,homepage,False
S2_04739,U5850,2024-02-12,2,mobile,paid_search,homepage,False
S2_04740,U8835,2024-02-13,2,desktop,paid_search,homepage,False
S2_04741,U1289,2024-02-16,2,mobile,organic,product,False
S2_04742,U2065,2024-02-17,2,mobile,direct,homepage,False
S2_04743,U276,2024-02-17,2,mobile,organic,product,False
S2_04744,U5786,2024-02-14,2,mobile,organic,pricing,False
S2_04745,U3409,2024-02-15,2,desktop,direct,pricing,True
S2_04746,U3669,2024-02-18,2,tablet,paid_search,product,False
S2_04747,U4058,2024-02-15,2,mobile,social,product,False
S2_04748,U1635,2024-02-14,2,mobile,direct,homepage,False
S2_04749,U275,2024-02-12,2,desktop,paid_search,pricing,False
S2_04750,U2082,2024-02-12,2,mobile,direct,homepage,False
S2_04751,U4861,2024-02-15,2,mobile,paid_search,homepage,False
S2_04752,U1855,2024-02-12,2,desktop,organic,homepage,False
S2_04753,U4753,2024-02-13,2,mobile,organic,product,False
S2_04754,U8770,2024-02-16,2,mobile,social,pricing,False
S2_04755,U9750,2024-02-16,2,mobile,organic,pricing,False
S2_04756,U5972,2024-02-18,2,desktop,organic,homepage,False
S2_04757,U6144,2024-02-16,2,mobile,organic,homepage,False
S2_04758,U8364,2024-02-17,2,mobile,social,homepage,False
S2_04759,U5921,2024-02-14,2,mobile,social,product,True
S2_04760,U525,2024-02-18,2,mobile,paid_search,homepage,False
S2_04761,U8085,2024-02-16,2,desktop,social,product,False
S2_04762,U9220,2024-02-15,2,desktop,organic,product,False
S2_04763,U9084,2024-02-14,2,mobile,paid_search,homepage,False
S2_04764,U6421,2024-02-12,2,desktop,organic,pricing,False
S2_04765,U3504,2024-02-16,2,mobile,social,homepage,False
S2_04766,U8630,2024-02-15,2,desktop,organic,pricing,False
S2_04767,U9093,2024-02-14,2,mobile,organic,homepage,False
S2_04768,U3879,2024-02-17,2,desktop,organic,homepage,False
S2_04769,U9136,2024-02-16,2,mobile,social,pricing,False
S2_04770,U8447,2024-02-16,2,mobile,organic,homepage,False
S2_04771,U5646,2024-02-18,2,mobile,social,pricing,False
S2_04772,U9481,2024-02-18,2,mobile,organic,pricing,False
S2_04773,U3481,2024-02-16,2,desktop,organic,homepage,True
S2_04774,U7898,2024-02-12,2,mobile,organic,homepage,False
S2_04775,U8678,2024-02-16,2,desktop,organic,pricing,False
S2_04776,U5102,2024-02-15,2,desktop,organic,homepage,False
S2_04777,U7419,2024-02-17,2,mobile,direct,homepage,False
S2_04778,U7837,2024-02-16,2,desktop,organic,product,False
S2_04779,U6318,2024-02-15,2,mobile,paid_search,homepage,False
S2_04780,U3090,2024-02-12,2,mobile,organic,pricing,False
S2_04781,U5127,2024-02-12,2,mobile,paid_search,product,False
S2_04782,U520,2024-02-16,2,desktop,paid_search,homepage,True
S2_04783,U3624,2024-02-13,2,desktop,paid_search,pricing,False
S2_04784,U142,2024-02-15,2,mobile,social,homepage,False
S2_04785,U3082,2024-02-15,2,mobile,paid_search,pricing,False
S2_04786,U2994,2024-02-14,2,desktop,social,pricing,False
S2_04787,U9400,2024-02-15,2,mobile,paid_search,product,False
S2_04788,U5368,2024-02-13,2,mobile,organic,homepage,False
S2_04789,U6363,2024-02-18,2,desktop,social,pricing,True
S2_04790,U8200,2024-02-16,2,mobile,organic,homepage,False
S2_04791,U8445,2024-02-14,2,mobile,organic,pricing,False
S2_04792,U1381,2024-02-12,2,desktop,social,product,False
S2_04793,U1409,2024-02-12,2,desktop,direct,pricing,False
S2_04794,U1891,2024-02-13,2,tablet,organic,product,False
S2_04795,U7158,2024-02-16,2,mobile,organic,homepage,False
S2_04796,U5955,2024-02-18,2,tablet,paid_search,homepage,False
S2_04797,U8322,2024-02-18,2,mobile,organic,product,False
S2_04798,U6532,2024-02-12,2,desktop,organic,product,True
S2_04799,U2432,2024-02-14,2,mobile,organic,product,False
S2_04800,U3612,2024-02-14,2,desktop,organic,homepage,False
S2_04801,U2332,2024-02-16,2,desktop,direct,pricing,False
S2_04802,U1677,2024-02-12,2,desktop,social,homepage,False
S2_04803,U931,2024-02-14,2,mobile,organic,product,True
S2_04804,U1381,2024-02-13,2,mobile,paid_search,pricing,False
S2_04805,U7302,2024-02-12,2,mobile,paid_search,pricing,False
S2_04806,U6596,2024-02-17,2,mobile,organic,homepage,False
S2_04807,U1436,2024-02-18,2,mobile,social,homepage,False
S2_04808,U349,2024-02-16,2,mobile,organic,homepage,False
S2_04809,U9990,2024-02-17,2,desktop,organic,homepage,False
S2_04810,U7696,2024-02-14,2,mobile,organic,product,False
S2_04811,U9640,2024-02-14,2,desktop,organic,pricing,False
S2_04812,U7498,2024-02-15,2,mobile,organic,homepage,False
S2_04813,U1049,2024-02-16,2,mobile,social,pricing,False
S2_04814,U1149,2024-02-13,2,desktop,paid_search,pricing,False
S2_04815,U4531,2024-02-13,2,mobile,paid_search,homepage,False
S2_04816,U2276,2024-02-17,2,tablet,organic,pricing,False
S2_04817,U8570,2024-02-16,2,mobile,social,homepage,False
S2_04818,U4452,2024-02-13,2,mobile,paid_search,product,False
S2_04819,U2372,2024-02-16,2,mobile,social,homepage,False
S2_04820,U6625,2024-02-14,2,mobile,paid_search,product,False
S2_04821,U3342,2024-02-12,2,desktop,social,product,False
S2_04822,U7861,2024-02-13,2,desktop,organic,pricing,False
S2_04823,U8463,2024-02-12,2,desktop,organic,homepage,False
S2_04824,U4972,2024-02-13,2,mobile,organic,pricing,False
S2_04825,U4847,2024-02-14,2,mobile,social,product,False
S2_04826,U5470,2024-02-15,2,desktop,paid_search,homepage,False
S2_04827,U388,2024-02-14,2,mobile,organic,product,False
S2_04828,U8076,2024-02-18,2,mobile,organic,product,False
S2_04829,U983,2024-02-12,2,desktop,organic,pricing,False
S2_04830,U8686,2024-02-13,2,mobile,direct,homepage,False
S2_04831,U4585,2024-02-14,2,tablet,social,pricing,False
S2_04832,U6960,2024-02-17,2,mobile,organic,homepage,False
S2_04833,U1711,2024-02-18,2,tablet,social,homepage,False
S2_04834,U146,2024-02-13,2,desktop,paid_search,product,False
S2_04835,U4223,2024-02-14,2,mobile,social,product,False
S2_04836,U4258,2024-02-15,2,mobile,organic,product,False
S2_04837,U8217,2024-02-12,2,desktop,social,product,False
S2_04838,U674,2024-02-17,2,desktop,paid_search,pricing,False
S2_04839,U9184,2024-02-16,2,desktop,organic,homepage,True
S2_04840,U127,2024-02-17,2,mobile,organic,product,False
S2_04841,U6284,2024-02-12,2,mobile,paid_search,product,False
S2_04842,U6773,2024-02-16,2,desktop,organic,homepage,False
S2_04843,U1803,2024-02-12,2,desktop,organic,homepage,False
S2_04844,U4915,2024-02-17,2,desktop,paid_search,product,False
S2_04845,U6644,2024-02-15,2,mobile,paid_search,product,False
S2_04846,U6810,2024-02-12,2,mobile,organic,homepage,False
S2_04847,U2956,2024-02-16,2,mobile,organic,pricing,False
S2_04848,U4151,2024-02-13,2,mobile,organic,homepage,True
S2_04849,U4656,2024-02-14,2,mobile,paid_search,homepage,False
S2_04850,U6848,2024-02-16,2,mobile,organic,homepage,False
S2_04851,U2820,2024-02-14,2,mobile,paid_search,homepage,False
S2_04852,U456,2024-02-14,2,desktop,direct,pricing,False
S2_04853,U4195,2024-02-12,2,desktop,organic,pricing,False
S2_04854,U2650,2024-02-14,2,mobile,organic,pricing,False
S2_04855,U8113,2024-02-17,2,desktop,social,pricing,False
S2_04856,U868,2024-02-13,2,mobile,direct,homepage,False
S2_04857,U8243,2024-02-13,2,desktop,direct,pricing,False
S2_04858,U9564,2024-02-13,2,mobile,organic,homepage,False
S2_04859,U4642,2024-02-13,2,desktop,organic,product,False
S2_04860,U1244,2024-02-15,2,desktop,organic,homepage,False
S2_04861,U2897,2024-02-16,2,desktop,social,homepage,True
S2_04862,U1546,2024-02-13,2,mobile,social,homepage,False
S2_04863,U1858,2024-02-17,2,mobile,social,homepage,False
S2_04864,U6,2024-02-12,2,mobile,organic,pricing,False
S2_04865,U3796,2024-02-18,2,mobile,social,homepage,False
S2_04866,U4113,2024-02-15,2,mobile,direct,product,False
S2_04867,U5181,2024-02-17,2,mobile,organic,product,False
S2_04868,U7295,2024-02-14,2,mobile,organic,product,False
S2_04869,U5996,2024-02-17,2,mobile,social,homepage,False
S2_04870,U8140,2024-02-18,2,mobile,organic,pricing,False
S2_04871,U1860,2024-02-18,2,mobile,paid_search,product,False
S2_04872,U4684,2024-02-18,2,desktop,organic,product,False
S2_04873,U3126,2024-02-17,2,mobile,paid_search,homepage,True
S2_04874,U2838,2024-02-16,2,mobile,paid_search,pricing,False
S2_04875,U8710,2024-02-15,2,mobile,paid_search,product,False
S2_04876,U8308,2024-02-18,2,desktop,paid_search,product,False
S2_04877,U937,2024-02-16,2,mobile,paid_search,homepage,False
S2_04878,U4049,2024-02-17,2,desktop,organic,pricing,False
S2_04879,U6352,2024-02-18,2,desktop,organic,product,False
S2_04880,U3666,2024-02-18,2,desktop,direct,product,False
S2_04881,U5485,2024-02-14,2,desktop,organic,product,False
S2_04882,U8804,2024-02-18,2,mobile,paid_search,product,False
S2_04883,U2511,2024-02-16,2,mobile,organic,pricing,False
S2_04884,U2380,2024-02-15,2,mobile,organic,homepage,False
S2_04885,U6411,2024-02-16,2,mobile,social,product,False
S2_04886,U8651,2024-02-16,2,desktop,paid_search,product,False
S2_04887,U7867,2024-02-16,2,mobile,organic,product,False
S2_04888,U8391,2024-02-14,2,desktop,social,product,True
S2_04889,U4101,2024-02-14,2,mobile,organic,product,False
S2_04890,U453,2024-02-15,2,mobile,social,pricing,False
S2_04891,U7358,2024-02-12,2,mobile,organic,product,False
S2_04892,U6420,2024-02-16,2,mobile,organic,pricing,False
S2_04893,U9025,2024-02-16,2,mobile,organic,homepage,False
S2_04894,U5832,2024-02-12,2,mobile,organic,pricing,True
S2_04895,U9901,2024-02-12,2,mobile,paid_search,homepage,False
S2_04896,U3046,2024-02-17,2,desktop,social,pricing,False
S2_04897,U5262,2024-02-17,2,mobile,direct,homepage,False
S2_04898,U8420,2024-02-18,2,desktop,social,pricing,False
S2_04899,U2636,2024-02-16,2,mobile,social,homepage,False
S2_04900,U8174,2024-02-16,2,desktop,social,product,True
S2_04901,U8006,2024-02-18,2,mobile,social,pricing,False
S2_04902,U6002,2024-02-13,2,desktop,social,homepage,False
S2_04903,U8572,2024-02-12,2,mobile,social,product,False
S2_04904,U5799,2024-02-18,2,desktop,paid_search,product,False
S2_04905,U8722,2024-02-18,2,desktop,organic,product,True
S2_04906,U1653,2024-02-14,2,desktop,direct,product,True
S2_04907,U5665,2024-02-16,2,mobile,organic,pricing,False
S2_04908,U7123,2024-02-13,2,desktop,organic,pricing,False
S2_04909,U4459,2024-02-13,2,mobile,organic,product,False
S2_04910,U3213,2024-02-16,2,desktop,paid_search,product,False
S2_04911,U3474,2024-02-13,2,mobile,organic,product,False
S2_04912,U5891,2024-02-16,2,mobile,social,homepage,False
S2_04913,U2750,2024-02-13,2,mobile,paid_search,product,False
S2_04914,U8787,2024-02-13,2,mobile,organic,pricing,False
S2_04915,U695,2024-02-14,2,mobile,organic,pricing,True
S2_04916,U1956,2024-02-14,2,tablet,social,pricing,False
S2_04917,U4374,2024-02-17,2,mobile,organic,pricing,False
S2_04918,U8065,2024-02-15,2,mobile,paid_search,product,False
S2_04919,U7820,2024-02-13,2,mobile,social,pricing,False
S2_04920,U7123,2024-02-17,2,desktop,direct,pricing,False
S2_04921,U158,2024-02-15,2,mobile,paid_search,product,False
S2_04922,U9210,2024-02-16,2,mobile,organic,pricing,False
S2_04923,U923,2024-02-15,2,desktop,organic,pricing,True
S2_04924,U3828,2024-02-18,2,mobile,organic,product,False
S2_04925,U4673,2024-02-17,2,mobile,paid_search,homepage,False
S2_04926,U7689,2024-02-16,2,desktop,paid_search,product,False
S2_04927,U1807,2024-02-14,2,mobile,organic,product,False
S2_04928,U5263,2024-02-13,2,mobile,organic,homepage,False
S2_04929,U723,2024-02-13,2,mobile,organic,homepage,False
S2_04930,U9885,2024-02-16,2,desktop,organic,pricing,True
S2_04931,U784,2024-02-13,2,desktop,direct,pricing,False
S2_04932,U2803,2024-02-18,2,desktop,social,product,False
S2_04933,U7067,2024-02-13,2,mobile,paid_search,homepage,False
S2_04934,U3241,2024-02-12,2,mobile,organic,pricing,False
S2_04935,U4717,2024-02-14,2,mobile,direct,homepage,False
S2_04936,U9144,2024-02-16,2,desktop,organic,product,False
S2_04937,U9069,2024-02-17,2,tablet,organic,product,True
S2_04938,U1976,2024-02-13,2,mobile,organic,product,False
S2_04939,U6791,2024-02-16,2,mobile,organic,pricing,False
S2_04940,U6152,2024-02-16,2,desktop,paid_search,product,False
S2_04941,U2803,2024-02-14,2,mobile,paid_search,pricing,False
S2_04942,U4955,2024-02-18,2,mobile,organic,product,False
S2_04943,U3656,2024-02-14,2,desktop,organic,homepage,False
S2_04944,U7434,2024-02-13,2,desktop,direct,homepage,False
S2_04945,U4135,2024-02-12,2,tablet,social,product,False
S2_04946,U408,2024-02-18,2,mobile,organic,homepage,True
S2_04947,U4223,2024-02-18,2,mobile,paid_search,homepage,False
S2_04948,U8011,2024-02-16,2,mobile,organic,homepage,False
S2_04949,U153,2024-02-14,2,mobile,paid_search,product,False
S2_04950,U9327,2024-02-14,2,desktop,paid_search,pricing,False
S2_04951,U7680,2024-02-16,2,mobile,social,product,False
S2_04952,U5262,2024-02-17,2,desktop,organic,pricing,False
S2_04953,U7676,2024-02-13,2,desktop,paid_search,product,False
S2_04954,U2641,2024-02-12,2,mobile,social,pricing,False
S2_04955,U1150,2024-02-18,2,mobile,direct,pricing,False
S2_04956,U5502,2024-02-13,2,mobile,paid_search,product,False
S2_04957,U5569,2024-02-15,2,desktop,social,homepage,False
S2_04958,U4624,2024-02-14,2,desktop,social,pricing,False
S2_04959,U1754,2024-02-14,2,mobile,social,pricing,False
S2_04960,U7228,2024-02-17,2,tablet,organic,homepage,False
S2_04961,U3468,2024-02-14,2,mobile,paid_search,product,False
S2_04962,U9325,2024-02-16,2,mobile,paid_search,homepage,False
S2_04963,U486,2024-02-18,2,mobile,organic,homepage,False
S2_04964,U3389,2024-02-14,2,desktop,paid_search,product,False
S2_04965,U6729,2024-02-14,2,mobile,organic,product,True
S2_04966,U1892,2024-02-14,2,mobile,social,homepage,False
S2_04967,U7857,2024-02-13,2,desktop,paid_search,pricing,False
S2_04968,U4349,2024-02-17,2,desktop,organic,pricing,False
S2_04969,U1538,2024-02-14,2,mobile,organic,pricing,False
S2_04970,U2388,2024-02-18,2,desktop,social,product,False
S2_04971,U4577,2024-02-17,2,mobile,organic,pricing,False
S2_04972,U443,2024-02-17,2,mobile,paid_search,pricing,False
S2_04973,U3304,2024-02-16,2,mobile,paid_search,product,False
S2_04974,U8773,2024-02-16,2,mobile,paid_search,pricing,False
S2_04975,U4780,2024-02-17,2,mobile,organic,product,False
S2_04976,U9435,2024-02-13,2,desktop,direct,product,False
S2_04977,U3295,2024-02-13,2,mobile,paid_search,product,False
S2_04978,U7855,2024-02-15,2,tablet,organic,product,False
S2_04979,U8461,2024-02-17,2,mobile,social,homepage,False
S2_04980,U9735,2024-02-16,2,mobile,organic,homepage,False
S2_04981,U2579,2024-02-18,2,desktop,organic,homepage,False
S2_04982,U4977,2024-02-17,2,mobile,paid_search,pricing,False
S2_04983,U6801,2024-02-16,2,mobile,paid_search,pricing,False
S2_04984,U8416,2024-02-14,2,desktop,organic,product,False
S2_04985,U2753,2024-02-13,2,desktop,direct,product,False
S2_04986,U2879,2024-02-17,2,desktop,paid_search,homepage,False
S2_04987,U8818,2024-02-13,2,desktop,organic,product,False
S2_04988,U1837,2024-02-14,2,desktop,direct,homepage,False
S2_04989,U4906,2024-02-17,2,desktop,organic,pricing,False
S2_04990,U4722,2024-02-18,2,mobile,paid_search,product,False
S2_04991,U2527,2024-02-12,2,mobile,social,product,False
S2_04992,U817,2024-02-13,2,mobile,organic,homepage,False
S2_04993,U734,2024-02-17,2,mobile,paid_search,homepage,False
S2_04994,U6698,2024-02-16,2,desktop,organic,product,False
S2_04995,U4134,2024-02-12,2,mobile,organic,homepage,False
S2_04996,U1251,2024-02-12,2,desktop,social,homepage,False
S2_04997,U2034,2024-02-15,2,desktop,paid_search,pricing,False
S2_04998,U4858,2024-02-18,2,desktop,organic,homepage,False
S2_04999,U942,2024-02-13,2,desktop,organic,pricing,True
S2_05000,U5074,2024-02-13,2,mobile,paid_search,product,False
